FrameNo,head_x,head_y,leftShoulder_x,leftShoulder_y,rightShoulder_x,rightShoulder_y,leftElbow_x,leftElbow_y,rightElbow_x,rightElbow_y,leftWrist_x,leftWrist_y,rightWrist_x,rightWrist_y,leftHip_x,leftHip_y,rightHip_x,rightHip_y,leftKnee_x,leftKnee_y,rightKnee_x,rightKnee_y,leftAnkle_x,leftAnkle_y,rightAnkle_x,rightAnkle_y,start,end
0,127.5298632012852,1045.9947104807902,231.54154228141,1091.215357952132,224.4134439921348,947.1048733769404,332.56397688807374,1184.743616691326,260.68497842558025,832.1120720274041,211.8611458033052,1147.6447622956466,154.37713779305605,893.0143016896469,495.2875053495052,1090.1767692033377,473.83081944618175,974.725551002609,666.0189459692826,1066.0707136009828,671.9389704889066,988.064971744445,823.995019890397,1054.6169270354978,814.9416162815763,983.1990888765156,1,0
1,125.08864622277308,1045.0130721070502,233.14888476705363,1089.409576797205,225.4343980434502,946.8976937769792,331.1833024241989,1185.9169117341053,254.3486906927181,834.3853001871327,208.6743168527035,1144.227275638174,152.15832062908513,902.3526106364232,490.3598853856596,1076.1139786024469,462.1185192857204,968.7325286865236,669.2453235581575,1067.899627124974,652.7609735099485,985.8460526532938,819.5252389002528,1058.1361724382634,814.8824259208609,983.095643031606,1,0
2,123.8236697411506,1043.7575804004769,233.47953270563687,1088.9145331344214,221.7482939870212,946.8034018601328,327.44217107447906,1183.7532145481264,243.9716020765168,825.3488865501298,202.40619007803215,1145.2898429965903,156.3887819140103,896.5916201824831,489.534649098648,1076.1291860430492,462.3301851299866,970.4664355319358,672.7337309659999,1066.377016693945,669.2974514707012,985.353334806668,833.0106883551271,1058.3770173442092,818.609656047449,971.8935437451208,1,0
3,123.93554117031616,1042.75852144509,231.92503870851195,1089.1465345574688,222.91586379856065,946.2979312086702,315.8223236242723,1185.038569196019,236.94854349401743,827.3891940596873,199.19451776809592,1144.8303774259791,147.8572612311037,895.968811349077,490.5828862382469,1075.4968607031535,461.5181890916762,972.9639894484072,672.6482476183589,1065.8116990761405,653.588644754437,981.1923942033376,831.8694473584079,1059.35320089706,814.0024365746308,986.7409823135276,1,0
4,124.44538282634996,1041.8826315247077,230.94043726728856,1086.7717844383585,224.56270099228783,946.4011994641464,310.64629513823627,1189.2784792460736,231.84295331858223,829.6416503099026,203.35654517919096,1145.7958353170134,146.17779217088795,903.353991708188,470.9530198155516,1072.211576597731,460.2900195772843,973.0820289068062,673.4833442777278,1065.522240744541,672.9622693210646,990.0161821644242,832.1011513758388,1059.7703436768118,816.0452935723551,982.280808896549,1,0
5,124.83113473661544,1041.3236378397162,232.1963583322433,1087.0770963266614,222.88965016874752,946.7189123418558,310.6272896120545,1192.8644942396447,230.78692377931276,827.3564631162892,193.36517398472105,1145.8498712745684,145.82110907228466,902.9175602943034,490.9750617217025,1075.317891588288,462.5759055555564,965.9846616544592,670.2218781212061,1067.1239602048988,652.5490357754909,984.1812875987326,832.1858511975589,1058.9690265193046,817.2230441982631,982.1679508116734,1,0
6,123.53963021029112,1040.3773902147504,233.7198903315709,1092.000297193226,227.16561966041596,947.9696370502504,307.90679385975216,1195.4549132717789,228.62452617392276,827.3145715179556,184.9431204950856,1148.2862799067782,146.99879473920606,902.500858797386,491.208113135845,1075.0994956011637,470.0453485655072,972.570331189494,670.7737857436638,1066.1350255289296,670.4779718942233,985.9333311328986,831.6293468896991,1058.5259153210532,819.7673805544373,972.8097141778794,1,0
7,124.17843621480914,1037.5032896368405,228.4702867525297,1075.072524205978,219.8918183851304,942.643371402648,290.7194764096343,1190.1207993820606,224.19714306048823,826.1727743828499,180.1553306933032,1152.235368424527,147.2898726097474,901.3901122329344,472.44235392199687,1074.965581060069,465.8273941456729,967.5448816931485,649.0126404185598,1060.6943338150318,670.9918202473376,984.7559966031986,819.5377324554482,1057.7735092533064,819.8318948733325,972.9603153988336,1,0
8,124.44050353587215,1033.1945424076391,226.00010677183863,1077.3111722050653,219.04858109234831,942.4466877418088,280.59013232763164,1199.393429836747,221.2813671171588,822.8110070827689,180.14729519969308,1154.0789566208211,139.8287711372921,905.2061075607176,457.9241021184834,1068.8888709007338,468.9577985150916,967.0328563771468,671.7705097372107,1063.3718077738788,670.2023207784783,985.6053046143116,831.7618618829972,1058.4040257371937,815.8268907445305,981.9293916969943,1,0
9,124.12678109653903,1028.4033288332053,223.66498656948767,1079.58943072003,218.88004801518275,946.4194265978028,270.4040378649926,1204.8283297659982,220.06586493999345,819.3286262865369,174.43518505914932,1150.4416236625184,141.06840557797833,906.2841013194358,460.0882114266543,1070.8546648438935,468.4974609642872,965.9537395670692,670.9712664203619,1063.8011821940224,668.1990860838573,984.9221651524329,831.8684495347993,1058.3948274117722,815.6569727685578,982.2869478403692,1,0
10,123.83777923484772,1025.2459582259426,228.97887677613096,1087.167962920044,210.6189458174885,948.9432347933218,257.69928325757246,1211.3754198465342,207.0579872577801,815.4348279517159,167.66922175651715,1157.2211487130328,136.4610347574182,910.060450142574,471.9023545541751,1074.4040177097925,475.7510218229653,964.9937045442804,650.4923257716144,1060.706130563118,667.4217868502335,984.5027042924264,820.3767675045098,1058.1868567316085,815.4840733760044,982.5218986606528,1,0
11,125.10167619186817,1022.6797532439672,225.82244327381463,1090.6682775582924,209.63190138262485,948.7261263295889,248.94888703627765,1218.7803018697475,202.21186872266512,812.0798103534327,163.5786425338765,1152.8530016022514,137.8781746515837,903.539989732102,461.3621643026721,1069.1975590063316,475.6358113679526,964.774847093704,644.0563273336859,1060.2381707499082,667.4185429189853,984.9685886447523,820.3255329454519,1058.0667282429624,815.7563894839839,982.593425495672,1,0
12,124.17519764100312,1020.8976940684772,225.35357064791555,1091.0539372294902,211.27118627798723,932.4241388168168,244.8933613904896,1222.4078078763964,202.2382411399495,803.5162245885666,161.88325651290356,1155.4362322984591,139.93902595827575,901.3429541661404,462.62744749786015,1070.9488948735134,479.7749323652686,962.4800794883128,668.6772177092275,1065.0909500066014,663.6396985246239,990.6069603218568,831.6045821131593,1055.076186091124,820.2781015006711,981.633923241183,1,0
13,124.774662608133,1019.8431155438112,223.9505579939744,1096.6274780004364,211.96080829139183,933.1308182962322,239.70502786425524,1220.0238328607184,200.23048536055109,805.2335803321317,162.4355883778149,1155.2719755263822,137.38586991289037,900.8761253609192,458.0571280778306,1071.1512856129598,475.18966635119926,970.3906962557982,683.0926334098349,1064.7758350470417,669.4090690910429,984.3994925426788,846.6179700635654,1060.073850577058,824.0456390132829,974.9262277349492,1,0
14,124.7567821448119,1019.088785590537,221.52153154033363,1097.4371015000747,212.02191795577303,932.4946700747096,236.46804923663987,1218.006874325519,197.8134652697063,804.7514203118543,167.62499808024987,1152.4356354903334,137.30739543899912,901.723583482102,456.00652488837466,1070.4601102292231,491.8734806690786,969.3962463221948,682.0040875448517,1065.1613157834313,663.1583598004205,990.051133648426,846.701918504018,1059.9191520180798,822.940029694913,981.1469541797736,1,0
15,122.71731506863556,1017.9979451871112,219.7060494119076,1097.1482321061603,212.58017213818928,951.6587117662508,235.9711732603949,1218.1022062168502,197.0439088794128,804.6591800911124,168.2038228316487,1151.962887037335,136.35225725111945,904.8528862139656,441.5693151129237,1072.0429043065617,494.0415009100508,962.88170740939,666.2770032448637,1064.8816447149386,662.9294282593249,990.258854088934,832.0780340127734,1054.6182226311364,822.7916057770211,981.1739134665888,1,0
16,121.5415319633732,1017.1163738343228,218.9841531622084,1095.4851124446066,210.5499935274161,951.0742366883268,236.59904673443657,1219.730177969726,194.52034165242247,805.2969461254651,160.22275748581507,1164.0675119684515,135.53556742376716,902.4988932052488,453.5418794803098,1071.1673823461035,495.9349267907508,963.3663045755648,682.3628392858219,1063.974135803178,662.9431808134359,990.0783546105804,846.6794413552947,1059.8599505792376,822.2245238692304,981.2321749090886,1,0
17,121.01907152193264,1017.6929386988184,219.9140524399141,1092.8360936082872,210.93862104477896,949.1392841100868,234.3009544938066,1220.5180080842658,192.6138985265526,803.0336118497715,161.78017798573825,1164.324072193872,135.3684634443067,905.7046925855155,451.6278488769332,1073.216286125996,495.4912649484542,961.8051306663588,688.0311517504629,1065.0507754424668,663.106173625693,990.5205859339123,826.342693584328,1053.5067092032227,822.2697453691063,981.1908140609931,1,0
18,119.58139119439689,1017.0013254797695,217.3998483476775,1096.4671268505178,212.33090642524783,949.232794364352,234.5805607412509,1221.3407849739967,193.4800844229709,799.9277233429292,160.3476702686404,1164.8836860965057,138.91341865450258,913.3976347598848,446.8036339093866,1073.1899093863371,495.0135029865954,961.1834627105244,685.9464491111249,1066.0826770073347,663.6775588989258,990.07904882382,826.2824401061773,1053.4820740508474,821.6877436544867,981.2683641376258,1,0
19,118.1875173323176,1016.845587618994,216.30622362749472,1095.6874016082786,207.50564407775244,948.9274104985134,232.69695907017345,1218.57092930936,194.40874881025096,804.2960049911601,156.59485567685687,1149.0942176521744,135.29133636712717,905.976646585906,455.3268784323346,1070.3582102196085,482.01952250943225,960.6337776716626,681.3593515215056,1064.9015602935858,663.1017544055636,989.060822318005,832.1213261637793,1054.3062094324744,821.1668074053503,981.39325121586,1,0
20,117.7218153076767,1016.8078189207998,217.59559254342463,1092.9423936651876,210.95636355396363,948.785326843486,230.19636622950995,1216.5245422206322,194.7374834722908,802.8951485975099,153.79275536506165,1148.1334668901543,136.15769236233515,905.1881098134128,454.04129655835527,1073.94391712242,495.4791932918315,962.5025566599984,684.2683689677979,1066.023880105786,663.4257530887043,989.2520040698475,846.5207780260102,1060.1260202479311,820.3706861379397,981.7315126709163,1,0
21,115.61523153505956,1017.3030646420156,219.76045591158424,1090.5409499707248,211.19937579250455,948.4928262838102,230.42859527627573,1217.057409237449,192.9661262422916,796.5718050584646,152.17051115395654,1147.1159789949372,152.076766630453,905.6140029088792,452.629391220053,1072.1005758023457,495.7424499650615,961.2275519780952,684.6381858359388,1063.9688605897836,664.3341181275127,989.8005993553684,846.7917815606522,1059.7721558962562,819.8887547466937,981.5630294048638,1,0
22,114.6039552217342,1017.8235590904624,215.54154786703955,1090.6776460735873,207.4338791305284,948.5268346602912,229.6834554287795,1217.1103445104957,193.54966420346025,797.5439524878307,151.8579285104501,1146.8014815622705,150.36327178518545,904.7254409061296,455.7923557792435,1073.9208008978492,478.3964839186253,958.4213220959284,687.3425958680548,1064.7194964810385,674.741711015044,988.9039556880282,832.5984023730373,1054.725015767789,832.7158857229007,978.7927230397715,1,0
23,113.2435741629185,1016.7375338664395,214.2138384160512,1092.0477720957133,211.5920046495058,935.2781113309952,228.0434780840136,1217.17996259545,199.21960867892932,804.5271860721092,151.53571050715848,1145.236832550744,136.36882514110312,905.0020505749592,454.29267276868086,1073.1331635082058,472.5249321966084,965.7201751552024,690.7909135359625,1065.5358814965443,667.0435092415083,988.5601640711104,833.1940749407744,1054.7551151586754,819.5925765911841,981.1815518302834,1,0
24,115.23380107160352,1018.9453229266524,213.55814240533755,1099.1001996356367,205.3364441949772,941.252721019916,227.7063476403761,1218.80848554195,192.7608846408958,807.2123261955536,150.45123361952128,1140.3522997652233,131.29141377224568,901.8755039268344,461.2724807203513,1063.634869689717,474.8203858969581,962.1820198412244,688.5660113221802,1063.641119795105,693.0699185494174,985.3508505726631,826.3446497204089,1053.7479927012537,831.7508081403913,978.5454539706128,1,0
25,115.0120389601034,1018.6284764701176,212.7922371118989,1097.587531858468,206.75813121820457,941.85257036488,220.47439200670416,1217.8629421259357,193.69761599675888,807.4789511675699,153.4502206016114,1139.6202761210736,132.23354459273955,900.7263273285384,458.23312875973386,1065.3271449619492,493.4590156862732,963.283631312856,692.187515675479,1066.7930761108848,674.9578141608071,988.3969028761596,827.406466636608,1054.7069675689406,831.7627043407822,978.8384233933,1,0
26,115.4458446155444,1018.0631568342512,212.8415309375222,1096.8495374423103,207.13483172988396,940.448549650418,220.80208933399928,1215.8375803816416,193.4316564939422,806.1487215534017,157.3646022563483,1141.346092924837,131.59947306034002,900.7242850500552,472.4129107590615,1071.8106415445186,493.5627705905155,962.4379033432735,692.8452927176446,1066.5945513050492,664.822045835934,987.823953621533,827.4793707099785,1054.6512805005368,819.9260063816264,983.1610928100316,0,0
27,115.31354793801572,1016.6157990006468,213.89401117133843,1094.5608657287553,206.603836883029,941.5679530270568,214.60371019936352,1212.804582919556,193.50730156867493,805.1652406892911,158.12663411908093,1139.5250141892163,131.48728922532655,900.4310835502675,453.819536288476,1073.843441864395,474.3153304458439,963.458102168098,689.5288729326622,1064.4506637494762,694.1016949478764,984.6001982005706,825.3560847764827,1053.8366407720944,832.060174979221,979.4002410193564,0,0
28,114.98313154138732,1014.8886152963968,214.4024732860074,1089.4068779759684,205.5929866537781,940.8165667531772,213.96248062193317,1210.9663580586855,194.13848594199231,804.11251339993,156.19452080894044,1140.5517596063328,131.05714621872522,900.0239315215146,445.7660299531815,1074.6724972805498,472.74450428619184,962.6797128827322,685.264018794185,1065.093251942362,693.8153503775131,983.6868866886136,829.5375871596317,1055.1682467043706,841.3596901068917,974.6949013535544,0,0
29,114.71360264270916,1011.5725664283142,213.5323731083864,1079.5772174103658,205.4678475190201,938.6020298830996,212.35092986544643,1201.1924316495945,194.9785101088188,803.571836988686,158.03462130505645,1136.2543025076343,130.95588520382407,898.2072144900062,453.34821263277325,1063.109928778565,474.046625253903,960.7933189061353,687.0181853315455,1063.005635179552,693.7994735975724,985.033410133289,823.5173242268853,1054.110845584015,830.5422924026866,979.6227814326122,0,0
30,115.46272122813448,1008.3180137034464,213.28849564293117,1079.7611126139443,204.58438119280632,929.8843381546772,221.19243692514644,1209.8194686811169,196.4814059104969,795.8874978115242,153.12558270864895,1130.4787658646562,130.70512610387118,897.2581099623009,464.1508770361058,1061.044272942021,493.4559190846853,962.4150252499886,686.620107286153,1061.894829839052,677.321020753858,986.666359771796,824.1409345163015,1054.5996974970294,830.7559739845781,979.2598464820072,0,0
31,114.55420199544284,1004.9761559278276,213.07576701606976,1075.5497110494352,203.62698350368143,927.737022921235,224.05016389407788,1210.9803237186295,196.48227649485332,794.9925446072368,154.57199650406062,1126.4409122284856,133.72595470810433,889.4461229984415,463.9475594261377,1053.0505882336058,477.2120378293358,959.3650895230128,693.4801459343443,1060.7784165256958,692.9124097489256,980.7185869406112,829.9332476592342,1054.776727927248,832.4019503252404,978.4550670032376,0,0
32,114.64758556127858,1002.0555880488412,214.44763183593747,1071.971271859645,208.6952088682177,928.224798534654,222.50750498901883,1204.3661976631383,195.19579724930665,787.4703842712448,149.61135142491293,1120.6606990637629,129.6852415528812,882.0073442648301,447.62696428633785,1064.0617079107662,470.0665945070463,960.3764075307964,685.0827905880614,1060.8628214535515,681.648651390919,976.94248936616,845.6591941724363,1061.2594526432438,830.7396284284455,978.9370628878266,0,0
33,114.96922362145273,997.7179718578152,217.18631878320815,1069.221824180721,207.3788809683295,925.5969458025752,226.6442079382848,1196.8339796437665,194.71176306199965,784.5351020314079,154.31962632078807,1115.6511110281965,130.27246777815998,880.0392733173805,446.5237517536694,1060.9405927286705,465.21136463696064,955.5148577777716,682.4871500260808,1057.2604708703102,693.7681245245766,982.2495585377824,873.4882588876394,1063.100148242331,840.3141705298455,973.6940880298264,0,0
34,115.0211707203224,994.1862212832056,219.44043312023143,1065.020226023812,205.3194838723529,918.888404055784,224.1759512793413,1200.276475467724,193.93337961601188,782.5345173764982,161.12535925618383,1120.077659500425,129.28216166552082,876.9572476759105,446.9096402787108,1054.6179454839903,468.4977372074003,947.0635717253226,693.7716872236354,1059.4758481790177,715.8728533324401,979.5413882937352,846.1143731760885,1060.290253770255,833.0585182596709,979.4503400747956,0,0
35,115.01775468124367,987.7556398771512,214.6349132820596,1052.9712367005247,205.66939985178536,916.6479882346104,224.51165262527363,1182.4352217876765,194.3296964022831,778.5433603436696,169.4213913073,1151.7320840066186,130.73423174794846,870.7237630447512,444.4653179927672,1054.559654443252,471.89449089110593,944.858860797868,682.20657542096,1053.259831638042,711.7756342298808,973.9356258036372,865.2546095631056,1064.4019746465074,834.6686934928745,980.5309737946164,0,0
36,116.08973282366333,983.0189627395844,212.14655951808732,1059.914923001527,203.7375423595096,905.5555578227608,226.3517424902153,1188.510509886171,190.22781163725335,766.7594003362046,150.32301596454278,1104.90941596329,137.26191477285715,860.8752396560434,454.7713873507297,1049.2223863230306,495.7570396195152,942.4022271508773,650.642064941565,1056.1830875752694,663.3322375958545,968.6113264208592,812.3345884762132,1058.9647926257692,821.7543714843273,983.2787148659936,0,0
37,113.16757951508262,981.9954213318276,213.7418276683872,1038.9808232113337,202.8252757634236,903.582833855578,228.89442205739115,1176.4652011711576,191.5657169704164,764.4319109107361,156.22395953524406,1106.5015675406698,131.12996256397977,860.3266658965146,443.3432084221213,1043.7363480365425,475.894057493371,940.5236915067048,639.7758904049083,1059.9752841531838,659.8413691130044,971.1468043947466,846.7528436707892,1059.516341176478,831.5292256706247,978.6696434721712,0,0
38,114.16079162156164,980.6745252532174,214.55932914823177,1057.4625760540202,205.46724480677327,907.7766856824888,227.85152360893807,1173.661325368524,187.4154638779024,762.9446014247337,153.5867054595749,1102.424885051203,129.976301007215,858.2497574738245,439.4929968706188,1040.0413220564642,472.7363341868466,935.0548888128704,640.0681482520928,1066.5118699700934,667.8796485930642,971.5429909486792,824.3597746453452,1054.759852894959,830.1900459358999,978.5569158886216,0,0
39,114.0015155348263,976.7784572716236,210.7016520010324,1053.3133654345668,203.0828642628128,906.6191173948672,221.07046839164664,1172.8882580378054,187.6391826277436,763.145187680639,152.96149731302447,1098.89962716982,129.63145618165888,855.3732580091041,438.80166047571225,1033.0456740290342,470.96467493104376,934.2196514009116,615.4543645236209,1064.9543369806138,690.1966231883114,965.2071428263916,780.9807178909043,1051.3097207253686,828.9635559796357,978.4910154097402,0,0
40,112.315312902236,975.0999704062458,208.65652880526025,1047.255092959996,204.2417429637537,905.1777463936788,222.43617349235225,1174.4449172065506,186.67353849572228,761.0359361187489,144.56690506755297,1097.868475651233,135.23712574893074,853.0714460228578,427.5520853599429,1039.0580059166432,462.8704141981424,923.033884960794,651.3129506402579,1059.3461753514478,692.797519401084,965.8997631423356,784.8727067766325,1031.8286859314728,838.0117119738277,969.4771596668924,0,0
41,112.54433317596796,972.101298829022,209.31575938846103,1043.4217090032105,198.64018824692664,897.3448328022394,222.2211108623152,1173.7445394717795,184.1205458523238,761.2303797310543,144.61918030975698,1095.0792573568665,134.5142112503746,854.4083338954009,434.648544500026,1034.0053148570962,457.2978425739025,922.1082148387272,663.374685949715,1050.5535624081558,679.9423931106944,956.3184472728004,764.6002124840943,1037.7961006837238,844.9485107144081,973.7217976992662,0,0
42,111.96491879201524,970.9938431346708,208.682363061198,1043.5862496493055,200.95909649435967,898.1525034907984,222.93838447650168,1167.9872188526074,184.3402800045336,760.2789705768392,186.23572296221943,1107.7057715534377,131.8827595357312,846.778812002032,441.2034245802305,1039.418254238468,451.6064402030875,915.5581891510436,631.7900482296789,1042.321932286046,676.5207313964208,957.1765943943448,738.1878965697765,1037.766145752424,828.5647828061186,975.81499591634,0,0
43,111.59428859718132,970.5041712053904,206.38383552838985,1043.004445139754,198.78990632194845,896.970733934076,221.9636643351442,1172.7663708083512,183.2327788393891,760.4642737148266,184.09237642126988,1104.2989224357525,131.4797623538847,845.6386474788759,427.2385048928279,1035.580505718649,454.1397723729961,917.373867553442,653.3985680628505,1032.6275397082798,674.8570647816354,949.6833831540458,762.8058622004306,1024.099917106993,829.5795921851507,975.2042026225477,0,0
44,112.16658160109824,969.3948171140516,204.97859518301652,1043.5915638785605,200.6595692677988,896.827376209402,222.6516144917442,1170.2748828806657,186.52135901085265,760.4705828485202,143.26244289760317,1089.970441898119,134.6231468012181,842.8546048401911,432.3635013143789,1039.82081265418,455.6546279946911,916.9263260369788,633.9595806087102,1042.1154287367688,675.0270269565061,950.3102227294384,738.5801855640386,1023.882906855598,827.9704683499776,974.878856426298,0,0
45,111.88667736685942,968.3867306117186,207.47924494650331,1043.5781034067395,201.59003542985656,895.5156273319825,225.30720466445104,1173.5623510439198,186.4386722480367,759.671788268191,145.53972817211374,1095.2948805271574,134.24992594824346,843.1663523273903,420.2185009731893,1044.9449066902066,452.5137913459609,922.4991914299286,592.7770885472489,1055.733865013375,673.8747362352626,965.3484367465904,673.5650600041462,1041.377751828992,828.1321827425912,975.2674237881226,0,0
46,112.27894055750342,967.3838608830752,208.23514186824409,1041.8992233556655,201.6926023212924,894.3351775876396,224.2655620757873,1167.6015867615868,186.61857515689763,759.015365253031,146.0564695440126,1095.54366381531,135.73113415424163,844.2066281758014,438.3136088764404,1053.7890952374462,456.55786328259927,923.3010171389948,608.1281788482468,1037.3568745486268,659.5121877742216,964.731743985638,714.8696565442029,1036.3736438400863,831.4781036178529,975.9650367888172,0,0
47,112.7945374667412,967.8364697525732,208.18851002171075,1042.0320481434192,204.37467349366185,898.2144270426732,223.8745502873732,1168.043380838208,187.62227454018063,758.498328417036,145.86060145741476,1095.9330703544758,136.4170648899748,844.595180402163,428.847873077591,1053.4156582935343,472.2668441157346,916.0882922641326,603.5151478900091,1036.1308715170048,718.3355462876656,966.057930749449,672.0893284434304,1034.2007893626082,828.7783250945132,975.942606705239,0,0
48,112.11971302258796,969.023052386551,204.7268198432476,1043.3163597897342,204.0383865123297,889.3888080268989,225.9832522586976,1168.3809403441217,188.3286800806172,758.1647347387893,159.8085992450987,1097.7620888176775,136.78093164887943,846.6240159034029,408.9423917018855,1050.6154213820548,451.0081223982673,946.092366058103,579.8612400025168,1042.3501545431684,625.6499882017217,952.7153998381248,679.0978794073097,1045.9845811562186,829.3849134507198,975.3941775734684,0,0
49,112.73735748620896,968.9226753408642,209.2803252657926,1050.206026614019,204.6296649729477,892.3709025722843,223.5051030827437,1169.9821751333177,198.9862518905818,753.5137475298925,158.14403509132572,1098.091078624403,131.30377004298492,855.7704643569039,429.0899531211902,1044.522587582086,450.3506329837794,926.8043373438647,610.4999921721817,1043.290525908684,626.5591514994171,955.0635512307846,737.489145140034,1044.3370281502573,827.5621160698184,976.1178222252638,0,0
50,113.18064464239212,969.9483674138368,212.2573018663106,1044.048468865164,205.5546729059306,893.3187854999484,219.20512789712612,1167.1400816032417,200.6396067685052,755.588734757804,157.19946044009126,1099.4755120315945,132.54047413021132,857.0429801380346,429.0094749639186,1048.013503434113,452.12452227489536,927.3667630791928,585.145507237071,1047.7826654236603,632.0476728918028,956.8940058812598,725.7340574326533,1044.7023027071089,826.3860804950926,977.773475394715,0,0
51,113.78487932356498,970.5965109812172,210.1503149461684,1047.9415696233095,205.7078783409803,895.2051700589238,220.83237729860065,1173.8339786228237,201.7319731594527,758.5794571898249,155.4598301501826,1097.8865063602132,138.93472118402488,853.9127759632164,424.8251264396042,1044.115672339244,451.8116449720682,928.2020307620776,575.6338293623706,1055.994497687391,642.7452567587903,956.2724307562656,699.1191726109141,1041.7849714628132,827.5316737439139,975.6499325922532,0,0
52,113.16438915825634,971.4058506199756,212.33368091062388,1044.8450906656842,204.9958866625365,892.6092544992912,221.1161646948369,1174.77972424442,195.12496315766373,762.1367134581938,151.58160168730856,1095.5145223310642,134.81289757824996,858.3641708116161,429.2502705607519,1046.054475379288,456.0292190135068,928.7202582545004,614.2549671525297,1048.0068519026108,651.3718530384555,957.3192922128288,799.0042490270885,1057.5473111031426,833.6242711869576,976.865375190864,0,0
53,115.3367744589658,974.8946164794744,213.70295406783043,1046.0528999457545,202.5701657298017,905.8404603799768,227.9727678832214,1172.119371973356,199.81790237525968,760.0248421158185,154.56513864321266,1098.619810800882,140.13162466577498,856.1667679584176,420.6874526213607,1039.7098914040616,462.8111515119575,926.8229949973596,630.6932616140814,1054.1381257426467,690.095798804949,962.5214860791413,802.0701584983399,1020.328428785561,832.645425982531,977.2874164791514,0,0
54,118.00799413217214,974.6621640196274,213.22088740116908,1048.6677011998588,207.61810649976,906.864361675411,227.42718070319165,1177.592902481337,198.01069950406355,762.8056383658472,163.78418750043653,1110.1498316667432,141.21665002155677,858.7076960443837,430.0250638507897,1043.866803619811,464.7705315241423,938.5541062982182,624.2329300085496,1063.1034740080825,686.2809919101828,962.0610814371328,799.118941149569,1043.2220490376446,826.3590294300967,977.0561762017244,0,0
55,120.73479358489551,975.9337985384212,215.95015529538315,1051.0576298340204,209.4983771811536,907.5116563246236,226.87856121088035,1169.8631686870008,198.71212228841992,763.4895268649761,156.76487736956196,1102.589951738726,141.55886735655704,858.759194289298,434.7809952040177,1045.3544144697,468.7113909975605,936.4183949197942,621.9408193521289,1055.3282921179352,687.5279955126064,960.1746672799184,831.733597922387,1037.0156723571822,847.7903518627152,975.0974400931646,0,0
56,123.74975378088584,981.0065912587252,220.51164431131707,1054.3403758904583,210.8887841084533,906.0892429954424,227.62533440856532,1176.9716875803638,199.25723131673388,765.1096510484235,157.33114961820553,1102.3571588991322,142.02842305633584,863.908095853807,434.2281594047,1040.2519577553303,467.64440548900507,934.6781429203884,633.9677199027627,1049.2958229171452,688.0637558042926,959.5190017105988,845.9783088773372,1039.7523968295084,850.7744850014834,977.2842440860926,0,0
57,126.01506450241348,982.4471348545992,225.38368512347088,1044.9939637530997,215.10911321453992,906.9551569639456,228.763008353304,1178.0894028483551,203.7335939246129,769.5500203846659,166.53801457934634,1110.9583640676665,143.91741699298117,863.9594595612716,452.3402490603443,1044.3972054060378,487.4797673219202,941.42759212407,648.370774644869,1049.3288209173804,688.834555121175,958.9989539264844,847.755888106764,1046.5917264670682,838.113298453342,981.0692339132676,0,0
58,125.22201907650236,982.7492548419132,227.87484522448716,1059.8836645705137,216.7925394154959,906.2007267802712,234.5355923805187,1185.2117471463712,200.7606849620804,767.0925836752305,152.82379765504356,1103.7569413475917,145.17421399973458,864.7253570444527,471.2426029597209,1042.6679121545797,489.43839997091897,937.181929252675,655.1046150589485,1041.142172718819,676.6725425571396,945.5791648847928,845.78002458431,1048.5165833550986,833.2131430820618,986.7932474219036,0,0
59,129.9552157889417,983.9984370784492,230.86687221948748,1054.989266153822,223.55272002896032,908.2417890449206,238.0236120434824,1184.831306182839,204.45017994457783,773.3491398393013,159.63912309068695,1120.611264623324,149.7673849197606,869.433414366734,470.0758029456566,1045.8677851601965,470.4028533618069,925.8242856291268,662.8288771055144,1043.2272879259276,684.4126509131938,949.1799816885564,890.2049384346553,1049.597591761716,849.3278661164877,977.2771593440026,0,0
60,131.49456998926763,987.7304349586774,228.94616255989615,1065.5133572367515,225.38322275109653,908.7602613955014,248.5723956322639,1198.9237839855052,206.50934198277824,777.0248872755557,170.83733649185635,1114.9027182125678,150.10495400397767,876.0659935787967,460.5283373571031,1044.1044909318173,471.3684412406852,923.7599144570536,674.8541077246746,1051.5199381809389,689.7667132304455,948.7433054165136,882.2405360734043,1062.3628668746558,829.4248638971574,980.2754037648244,0,0
61,131.94268587506792,990.5392096167012,234.95726794973305,1071.0837410864456,228.0646748040525,916.0015916228732,239.98525691435452,1204.0768829502665,202.761415136186,776.4971062788449,175.36055194075922,1116.5408287076368,150.69910170973043,875.6478162060583,476.6192957824786,1046.7514896883324,477.2443847259402,918.1213885663976,683.142971936686,1049.8652230738544,688.0655840314411,947.6633302575084,877.8390186071705,1056.9378541025671,830.7712534097143,980.206815227702,0,0
62,130.6941259356872,994.3221377415488,234.0489933177616,1064.879886646817,226.37483507511047,911.042841926031,240.41313238354743,1210.948543282312,203.4891088080189,778.5613022579331,168.2036560812604,1115.6001388247096,151.25332039881434,876.4301312942001,464.13096543251305,1046.4143576751642,487.8737455846739,927.1093305465844,685.107762295806,1051.2532176873335,683.1569428065662,953.3673696637068,899.2733652321972,1058.4879125276968,848.6042658653308,977.3700312180698,0,0
63,128.33522605647966,995.5799511440706,233.35837816851037,1072.2342091601706,228.98804369456437,924.8120879566382,239.83927799914372,1216.0278526603256,201.7716872924636,777.5827118301112,167.7749374846023,1123.1531882864165,152.7431088833257,876.1380437644942,477.5320472270831,1046.156431894632,490.3065359762958,926.1749770411844,698.1654005707937,1056.4172183897986,698.4060742858172,954.1907193466288,914.9823411264408,1063.5478858471267,849.4851552618495,978.8393073043432,0,0
64,125.29031909798768,997.8937315818232,230.8428702087799,1076.4320385867757,227.9583821464112,924.8446164211748,239.4652682628061,1218.7916353044925,201.589389272102,776.1824339474939,172.68659628879263,1124.288212806315,149.793249980991,878.0627096093464,472.90885186164365,1051.1139976619186,494.4165232029631,924.0649742558106,705.1418269719196,1054.927230935864,736.7185805460877,964.6586766968222,923.6713968110796,1071.8546682521755,869.3682626195939,970.9646828572248,0,0
65,124.44262374362027,998.3015495709512,228.7308616911016,1087.8554358331708,224.77018367872125,925.6924149221048,240.9389874342979,1222.261475865058,198.5019508356856,773.4266811709997,164.52760426058725,1129.7910254742626,147.1862690532471,881.4473610568975,468.4344567744102,1057.9651928298356,501.1693018403568,940.429252271351,715.5968861276058,1060.679393042369,721.8412997539704,955.9536301432772,938.3396369056056,1074.344496324078,873.0800780456304,976.664680295968,0,0
66,122.5575574817831,999.107967379512,226.90057761957493,1080.2696453377573,218.45262993761716,928.0804654134712,239.8711380381888,1223.3166571174977,196.7053560348729,769.3684114768697,160.22111743882357,1131.319125790004,145.30365516057404,881.0323480049711,470.5835009551327,1057.9288125581202,491.46549805243086,928.323646898571,732.6521345914882,1061.4256628570445,719.7034780752829,964.4563646617836,939.7233644418504,1077.1929366583338,867.6986532620552,970.9452455592104,0,0
67,120.7032395897358,996.8896489980727,226.1999812206769,1081.3026736537645,217.4254100437437,929.0352117691208,235.83015198825396,1222.468424733293,197.3342989883125,774.7241394805349,155.4096314190888,1133.9795312033605,141.69817960463823,883.8534879999771,475.07998745525146,1055.541312997609,493.22302571508754,928.6807866485394,728.1840572679616,1062.1662242477385,719.0482548588428,963.9285661752044,935.4930989546956,1076.518297272513,867.4060994161896,971.2933880752016,0,0
68,120.2558663793596,995.3498288728488,225.8083990739443,1079.2955847858595,218.85925712138996,929.6792331221874,233.74204402472168,1218.3182195457443,198.63609783981184,776.7982575965226,153.73271451039804,1133.519031039763,141.80495476691712,879.7680511586725,467.1953085216031,1056.5092867389487,496.9761550566,928.2643841611034,711.7245403036804,1055.3981133544385,713.8059173107766,960.6808079278794,914.4654162621466,1070.7232157015608,849.798570987617,977.9311317595204,0,0
69,121.18939800287254,993.6930123748892,227.9821326921758,1079.1093970641418,223.0519090114241,921.5458382095684,236.40110129962812,1220.745396554514,201.24563569055263,773.7195913972091,160.67000211757863,1136.9640857660097,143.08561382120078,878.4272912983331,472.2879551166985,1056.445283910792,491.925959494086,928.206163584354,736.0289196912271,1058.020435251969,715.0645037032227,962.352624090168,935.9671053495766,1072.0028350179814,851.9018867204961,978.178349031761,0,0
70,122.36126213917032,992.9442105443928,229.81658250984816,1075.8708048532503,224.56872411760148,918.401131612426,234.0645479814904,1214.5144489633085,200.52141523175183,769.3095109814848,153.95879053480448,1128.544917549831,144.93097273053985,865.1030440263938,476.095530803864,1051.282232706377,491.33773377099794,929.5526313641597,730.7339881331465,1056.4273773126092,739.207117802455,965.8501834014512,927.3298437418646,1071.6660978722275,853.8710065625888,976.7423689461737,0,0
71,120.8628511862885,990.8205624033124,231.0661201824292,1058.917404499937,226.95196218701423,916.9964207208482,230.16323044954257,1204.8868212675366,205.10385619958447,768.5058312622789,159.9643693881785,1122.2808151749634,146.4348904643164,866.9197435680337,481.9737712924595,1048.205452049418,474.8950579262524,930.0780801541836,726.7975056900004,1058.5185658765313,708.4862611569725,948.5752116363772,924.7812140654524,1071.6343369438405,852.970825016731,976.7512107473538,0,0
72,126.07453679852428,985.1537942430888,226.3500602533665,1065.5900139847197,227.46888001966536,905.457953593908,234.34006382181988,1203.1642266356885,206.0778271361352,764.9685501894646,163.39800498575474,1121.7105485970794,150.93528053075346,860.4757602980346,464.2044045804225,1047.0208524974455,510.52202708389416,924.9099555005054,698.1892920842561,1052.4775979450571,690.2542552030287,948.7591324020711,923.1525390820944,1068.8574738961472,821.6283416748046,982.2570159486074,0,0
73,128.68208293641962,984.2481796186167,228.49157421424576,1062.504787739369,223.91489651485287,903.9411561897272,235.56472689029607,1200.247854307064,208.41728150922083,769.9083903114381,170.7706229429406,1119.8064427652578,156.13268253242086,861.4810025945997,466.5966053157851,1043.120366978698,494.0117215676177,924.48538352075,695.2507015570552,1051.312524485816,690.4945659513436,946.801795482986,911.5253524383426,1057.8402586634943,823.3693724335867,981.4984312484931,0,0
74,131.41027800283445,979.414991705318,226.76996317889507,1058.8177643831298,224.4186119148108,905.7251160430347,236.051721064415,1192.3536689976925,210.18199484121968,769.1154656000299,166.14799814509476,1106.1970782227415,155.76318242304967,859.3233017427443,462.1639591013656,1036.5387059869704,493.5174707380476,917.7048074804976,688.316844052239,1049.593154716632,702.4114815621443,945.5310704373508,888.3709520357328,1049.7402095304178,825.1112376139904,981.324925026764,0,0
75,129.1814206573526,975.0090782507476,225.1889069415193,1055.0564635737169,222.26925601884815,894.2569716409407,237.77661520731,1185.5292864707706,208.94385780562655,765.0415290199073,168.90502026859278,1102.404806682242,154.74322989951185,846.6604728614645,461.1309397763176,1035.8358068417135,498.8916629746614,911.4997102511796,680.1384513864901,1033.3080654438588,720.0255849116489,946.1056449043672,907.4681078907108,1046.1415850143935,822.6991122162698,982.6443667555452,0,0
76,124.01251355135238,971.9411065173798,219.77624161500768,1051.369751335329,221.53089735380848,898.8344711314923,234.1939817758468,1184.552882276503,208.08116228279735,762.4058869058468,159.48043833163376,1101.6014082303914,149.319627312907,847.8857484659144,453.928395160928,1032.6336086926262,478.9278122662568,910.0687632115776,670.7584939294425,1033.9731741967578,702.6748507416604,945.1280688889144,886.878270867277,1043.817029472312,830.415312986535,980.9475515170802,0,0
77,121.99560465521247,971.7300872186104,218.82266445184715,1047.6661452294095,222.29475509980875,901.7942956928644,228.35299694026557,1183.379972010829,203.6903007690866,763.1396834172369,161.6282891421076,1103.809767813476,150.0196300402419,844.2452646405447,444.7459783169631,1040.5823381747682,472.3584711102112,916.4762014014856,648.2533820366828,1037.5087069554158,684.02306843176,945.61837716982,861.2182731033146,1043.817970561771,848.8884272780002,979.3287713627532,0,0
78,120.45333366245224,969.702614581734,215.6277464332134,1049.9772322274237,209.7816090776024,896.3440228419477,227.87563410785012,1178.033919940531,200.3178116683067,758.958449185026,158.54786167219183,1099.9694528236362,142.30778821888143,854.6186764707993,436.0551188485055,1037.0889833269534,490.5442510438678,930.5384834508176,636.9077261340633,1040.7235190835097,677.0861625423356,946.2949471680406,832.9937377428666,1046.7269500575462,817.3621327731327,984.1099343170234,0,0
79,118.50894712192648,967.674996560326,212.155446175326,1046.3521596668925,211.06474862762173,897.8157582727976,229.81677403840655,1179.1388188347407,198.56573085016015,761.5760098022192,158.90453874367265,1098.8880408046705,141.75867182380665,852.7712875915573,432.0153308565812,1037.4337716982,486.6502075790584,929.5369651508544,628.6615430735177,1049.369108156629,666.7044306979533,961.4815425382302,818.5683334261295,1052.1503806692288,824.2941493268751,978.8516887858192,0,0
80,115.25586301855674,968.048936674299,210.3555752986119,1041.6437784457014,207.5613966347802,895.7115952535906,229.89555388650285,1180.3248411202414,198.24001879003796,759.8354207865024,176.30940718830638,1106.7653954791112,137.71041706417563,849.4383859739507,425.4518587784587,1036.7152942934954,456.941090498231,930.4726004618044,628.5918990037221,1057.2149433974043,653.7529280405826,957.48726020045,799.6068742154323,1049.800293955358,835.0311348373154,983.4202765157168,0,0
81,112.52563068011028,965.7776727613328,206.70757370590388,1041.947438886812,206.19423899755984,895.8491362516361,222.51846564606663,1176.1257931206876,197.13936108761555,761.7384543548517,150.66357048342223,1096.6580502904574,138.94319665757516,848.825055303861,413.5651022188065,1039.9222103345928,467.17111565201736,922.0224203071904,632.544541836405,1064.766381100466,687.7544679877351,956.5308805601636,788.2626068948614,1054.8308140000029,835.9130197135618,983.319259744458,0,0
82,113.15646483157174,964.5182115273122,206.05646165666715,1044.7795245123646,204.7872380627457,896.765794382649,221.31475904983105,1173.934224652158,196.51035351002943,760.8063049092177,153.9525966619484,1096.9007181788438,137.6313813982146,847.3734850186272,412.31329968753806,1037.7063032426352,458.78549444349903,922.3753322178088,620.9201408951737,1058.8067070865002,664.438432214784,948.5887057425608,742.6779380669363,1045.965583795664,836.0724196911477,982.3968972255868,0,0
83,113.35141411683338,962.1141396437736,207.5479882963302,1037.0962495264282,204.3127776246387,889.046149215306,216.7339490883062,1172.656922238789,198.7858463852861,759.180396960817,144.17592295434602,1086.552302061329,138.22311624593945,847.7912762688856,429.8322682572899,1040.9119312137825,456.5544144291872,933.9303609047804,627.4062844897742,1054.1335709772943,666.4225100354813,955.5040584567012,780.1164988454514,1058.6989002101654,838.4293239231382,985.443674685936,0,0
84,112.75037674041964,964.0905196661464,208.85873876405475,1036.396726093951,206.4071732162654,893.0043048844628,218.82054022601736,1170.8213215308713,195.8434631238523,752.7220444185256,146.64004902535822,1092.13195621398,132.95993372739832,853.975283407622,418.9876199233671,1036.87623354024,449.7254301946712,931.1615640498716,603.1849941754682,1054.5434769876383,647.158475213615,949.6561648826404,744.8478722541322,1062.9997377304535,818.2901154258935,981.3465209781556,0,0
85,111.80902593002516,961.6925295480116,209.6872390727228,1036.899750854582,204.46508836684208,883.5326673071846,215.9137528150382,1169.6556981498052,197.7665417774136,753.7345887351614,142.75625568682565,1092.0838483127927,135.75315190229676,849.6959444672461,416.9304585549859,1031.4177890528133,477.14623102751136,926.0723352257072,576.0989517787343,1054.3966125443435,644.546233277637,949.5681968986067,736.2902044908898,1061.59878446984,823.5403257352632,983.3338772383444,0,0
86,111.20297130899714,961.1977492422852,209.151501550166,1037.4353202242437,204.00471398362257,882.6731788472688,215.88351340225677,1171.038362389536,195.8158897082424,754.9639058445939,141.32788659382237,1091.1407771170095,132.62827122319968,854.4351794980713,416.8061846471422,1040.7981628148896,452.0989672756319,930.9583855936582,548.9878566429426,1060.807843817936,628.7450736334791,947.3534494774208,705.1276913606919,1059.1874608496023,822.3374232576169,982.2865294289012,0,0
87,109.12723108447884,960.8804850469696,210.4048162194935,1037.9760854302042,204.0393337750776,883.2622477064057,215.6165299583008,1169.570453540093,194.9902342013792,754.2820754320985,140.15350312033306,1090.739073854961,131.4620094646558,852.6914880487693,422.574416757095,1045.5123560538982,456.9089860258858,929.8403417179464,549.3569870888024,1060.6141836235054,647.8612470688838,954.0559060953716,663.6818836941366,1054.1097854289126,828.3516778189431,982.844985636782,0,0
88,106.79403889163729,961.0727545340916,203.4722639215318,1043.0952797804923,203.8604179749408,882.9708664983095,214.76137972312105,1168.1732595921617,193.53093860363307,754.7471229614886,139.64409876551832,1088.827651876636,130.9977107550295,853.1674869265477,420.6803359290868,1037.7800797960674,475.3715622285562,927.6891686231402,537.6442308760743,1059.0105299770964,654.4855421882302,957.0019822747807,649.019108190648,1056.8593770629077,827.5322379495449,981.9123377298976,0,0
89,104.11849978066236,963.4617979118352,203.0205387938937,1042.686277861809,205.31297826332917,883.1658859308988,217.95994147212667,1165.2498270745316,192.13513271396275,756.1596531696306,140.30640719925938,1089.9579426963746,132.65759585272662,844.9271892292547,428.8748906585733,1038.5253786707872,481.119259262581,929.5340322344556,597.6465327159946,1050.670391365853,670.8047772073932,958.0595865466856,719.3319023546843,1055.7295329075014,832.0061615400103,982.4112557348832,0,0
90,103.18694907140048,962.477896618195,201.9219162079696,1042.0302894026108,203.6649483481061,882.3694094308241,216.18291807732749,1163.6272348015734,188.72089038744704,754.7332306244547,137.41232496244234,1088.708594306088,128.7919031349053,850.4384593417066,428.9610892247471,1035.0047834790166,480.17451183383577,924.2219609604612,548.8151005619678,1051.5018334763618,691.1368462571241,956.0843830543088,650.7605206671865,1046.439926517439,832.719210685462,979.281696036491,0,0
91,103.3832055725574,962.9046601709596,201.74999957121855,1041.1944539716892,203.08506717607477,882.0727597362062,216.52295091527336,1164.7406055189774,184.69391806693008,755.572063549751,137.22794323190757,1088.2120811580123,129.10812348166118,848.2753554658799,438.4260113620634,1041.4354556137637,499.31692468174407,923.1220137170797,643.7713495807623,1037.9863196939866,695.8154657014169,955.880143097619,749.7354841790366,1053.315669388389,825.1588364788397,976.6538264872308,0,0
92,102.53664130817307,963.668810685359,204.4299924327121,1042.08409092866,202.18338519063508,888.3032535998634,217.3973122684791,1167.6269060368927,182.32845866943677,753.1347145007693,138.58061702415753,1089.0297351980105,129.34060968565228,851.1729396396837,438.4506100578953,1045.9345211166394,489.5810686565344,923.4470494681646,648.9212906717169,1051.986793220963,674.6206722907499,961.0097762086128,736.7805420437776,1053.364015420862,829.5398881810538,974.4502739272164,0,0
93,103.30876123455629,966.2054049837336,204.4938949986769,1041.6815764057908,200.7687914417996,888.6049430673391,217.8605193992585,1167.9262417716898,182.7118305360077,753.8084780477935,138.7983059728099,1087.8917878520217,127.12570044092143,855.3572332534959,438.3818352330956,1044.9392090292208,493.9866407019884,923.0832440602612,633.570793707442,1061.0370234020663,705.4173695994601,958.7165974905,765.8103193821305,1048.1403998291555,830.547727527792,976.303607343664,0,0
94,103.20944028340948,968.3692515062812,203.86844811110876,1040.8367673269886,200.3184552310502,890.3615622201621,217.3243599781289,1167.9468105296544,182.24094217248327,754.0868589021458,140.1251140341492,1089.8401295972344,127.60441200940907,856.7805183853498,438.06036325362936,1043.651557154379,499.39969984235626,917.400279945525,664.4937230272627,1056.1659155515606,725.6123497396203,955.355390538896,787.9185598259319,1048.507903671545,831.4440718056786,977.3312931775522,0,0
95,105.33483671428942,969.1803038777192,209.5913622872262,1045.8639811138123,200.89368915681877,889.6069201400051,218.5772058712645,1167.2881346849026,183.0694505173146,755.4731274001482,143.14915308561683,1090.443789715455,130.00313777452325,852.2236690479198,449.0174227790187,1042.540485345643,501.1908829568731,918.3021988262594,634.1153093990331,1058.8256508002466,725.6377989294004,957.5298036327264,827.2468252392831,1047.6605599071945,831.8952595148967,977.7087803713808,0,0
96,105.7076751798275,971.0708765874972,208.14254115864884,1046.437574802822,204.9176358618569,891.3848554063247,223.5929865644874,1172.0434706531669,181.954612335086,755.9896731744524,152.32317012990248,1096.4396179782216,127.718880458678,859.0309055336778,454.9295022118696,1044.7497762642215,489.0146504018954,942.4795781120844,636.4686127601891,1050.0488182589204,656.7612778225862,959.5530625566852,812.0155367212581,1040.1791102670732,832.7690307960709,977.2492508954812,0,0
97,104.17329837813952,971.7191721953336,209.6709350367671,1046.958969979493,201.1281237955676,894.8976161040251,218.2983356024416,1174.3256173004218,187.0913761272852,761.9075558204847,152.5526052705643,1100.5764669604723,130.94331798379844,855.86413807417,456.4893482937459,1041.9663111275388,477.6990507545024,930.0150601220956,638.7209269966353,1046.935504630241,664.6064603530228,957.2477754681188,816.2242964309276,1044.91384939268,827.3757587824748,979.9825426447838,0,0
98,105.6103009892378,972.8084384265146,208.8264266908246,1048.3567535377967,203.02935413018312,904.375706770068,216.40451661942063,1174.8630039346824,183.70523157603407,761.3568240802662,151.79719252766185,1100.8022557804463,130.2771089973003,859.767043921634,451.3766946656186,1036.7063398172013,486.7807764814796,929.7429850380006,659.104845371916,1054.9237988855275,663.6711433618989,961.106497871797,825.4081082189036,1050.0603777165802,829.3232198251394,977.1490554753514,0,0
99,107.96817190470404,974.8609081215056,209.11565356508805,1049.8692834140795,203.5026389445688,905.7793211814326,219.4517242644946,1177.0756984825612,182.87375654758804,763.679218278222,152.08219773747675,1103.811045919246,128.57193794300093,860.7597069666721,451.0825570259044,1029.1474083782032,499.0018521669782,933.8469497041611,662.7157265870252,1052.873029743898,696.2498658655213,959.0562117196112,834.0307426700666,1055.273173806599,833.7856008482537,981.5469689968314,0,0
100,109.1486598487328,978.752615408018,210.95960346713025,1050.4579970943498,201.79283537697265,905.0693576428752,220.4422121953282,1178.5376389144012,183.18394173571284,765.7777290428324,159.01761743895253,1110.9442053464825,127.3669835649944,862.8341802615265,467.8149338785476,1030.9923486758646,485.9329478607376,939.5102155182312,659.0269294113734,1056.408886485552,684.82270552061,964.6068609435272,830.212122364689,1051.7371488931335,853.8976879640735,973.3553281135196,0,0
101,110.92104855377434,983.6160015972288,208.57411125391448,1054.1184711666515,202.08420891135503,903.4372300281848,218.90376206337243,1186.0117875434826,182.3801593259655,770.1346860012528,141.13650268634055,1099.6049673289258,125.21466866581277,864.9601867810319,468.108757103373,1031.5542053177812,485.7240960129835,938.7071049765224,701.7075270515114,1053.96752956595,688.040882204847,957.6045795471506,833.8775439318197,1052.66616227082,834.3825404510696,981.3015679801588,0,0
102,113.3099856860306,983.2735116301347,208.78837947572623,1053.6196412836955,200.7865533717122,904.337905782886,222.20019892381288,1184.861130444641,183.8498289408392,777.0165594074325,145.5591515787866,1103.3058362704355,125.39613326907312,875.0680849186031,469.54888913039264,1025.2905957336202,473.3269021166937,939.6250243961242,717.0426963736703,1051.3267181867366,720.3581950134356,962.598025779528,847.6752505655871,1049.7945720776313,868.8410501269277,966.777964752444,0,0
103,113.10066908016626,986.3856124037072,209.8752960086024,1055.5627078155137,199.74349687871447,906.01277056378,221.59897135820125,1197.1335370290114,187.17146787903863,777.2120746105231,145.88981291097534,1106.617401593928,127.95677901864516,877.5943484225754,449.5333689788383,1038.2926182384267,488.4979679618607,940.232458289803,681.7345874424253,1035.812445927157,722.9248183291352,963.2917089413232,836.5391560369721,1045.5724667136412,846.5920320071851,974.7026930899414,0,0
104,112.9215178874131,990.707307432961,208.74880672896325,1063.0362913873073,203.01572211852152,914.376720958208,222.8186953672352,1201.7524125031214,185.45793754071656,782.4148368975593,148.33461200927417,1113.2781610201598,131.1233816159252,878.0049594091546,446.90134093107264,1051.735717414671,450.1513559734557,941.8573491350857,710.5650049812307,1048.3557007822546,726.6368668039071,966.866370319532,834.8455989128281,1045.344289853939,847.4234079229506,975.2990552242148,0,0
105,111.46260601646412,994.0569617378634,207.98039884033997,1067.4893988974388,201.23297061349697,914.7090560386148,219.38462899782257,1202.1462530602787,187.688977374212,785.5057984743812,150.94244343096628,1122.1108028907972,134.00625340495213,878.2164388260012,449.97577852948586,1053.211587854031,474.89186455586486,943.9105803120408,686.8622844333921,1050.9306964411796,739.7330900472534,967.1652694803053,833.5323773248917,1044.44215705866,869.8555059147749,967.0798704888696,0,0
106,112.98346163857587,996.6776623750416,207.75023374817928,1069.436817715748,201.86463916565256,927.905572110638,221.8849345456484,1204.5585929427757,185.7784679497172,791.2207629100792,149.72474838574314,1122.0694541510725,128.19671474600642,888.3544847879404,450.1545188733908,1054.3806577482092,479.28423887731503,954.8244748196124,698.8700769967624,1047.5322690314883,735.6333609830263,978.9588714083884,854.4943583554192,1051.554588301054,850.177695741889,979.3861038241644,0,0
107,114.43914623657344,1001.0864603125289,210.1314527315653,1073.7660243071502,200.4668798186224,943.1365729114048,222.0932670563498,1206.3048022604446,186.71967678789352,789.992397684634,156.294715609135,1135.5810394399225,133.2132769561093,891.0786219364926,462.6686428799275,1042.446832818025,476.9715599957926,945.6769278678362,736.9930905266452,1047.829343191759,735.0418029308938,979.2881921772394,846.7436663723115,1048.716231548637,851.3979683864876,977.6179696110396,0,1
108,115.59472659474386,1004.7784154753226,204.2444488069016,1078.818792137129,203.77454219465912,924.1781670025916,224.33024561451683,1203.5704927353363,184.91102305438332,784.2825220964307,155.60002152104371,1141.327349167375,135.74885791237858,879.1455853957626,453.35542040156446,1058.7131699247452,505.8458874656568,965.53686989834,676.1510906541921,1037.1488830151584,696.2145013896014,979.0949607473538,867.475821168897,1050.1040458819343,875.9946900009334,964.6955668654712,0,1
109,115.63953758061164,1005.8602728132464,203.25877788628028,1080.9504102136527,202.79139395963077,926.1660338324016,222.69182192798704,1203.4482015571905,185.12410728147032,784.3626055132371,155.8159947488336,1140.9033759213123,131.56186415098114,886.6892481796186,451.0971846847137,1059.0962580807677,486.6115094347335,964.765494050216,677.0153622695466,1032.103475308611,685.4287534448353,970.4644156518358,874.0580951903979,1032.5398481987052,876.5269425073432,964.2351312798496,0,1
110,115.73111836714924,1007.1822949703086,207.67379041455965,1079.2932397981149,203.6597415839742,925.3366467604122,222.95533307972127,1203.4466732117642,185.5469407278788,784.3357679828136,153.35754354846492,1139.0310128553224,132.90071038492945,890.6399558555721,450.1463835974198,1057.624402743416,488.89511615619233,965.486625542455,654.6567985202307,1030.1345769138045,686.337165361263,969.7850445839168,867.3719028626679,1050.9810417001515,876.4094846053302,964.715992341052,0,1
111,115.37846138635445,1009.3344024277014,207.71446947313564,1084.899120512997,205.6997336894855,933.4502640162908,226.09026716651468,1206.4103583252493,188.9010357205672,792.014110825852,155.05525402966958,1142.1107714987256,134.90734303726177,890.4461203525384,450.22302900706217,1065.9996482294157,485.96125122784633,963.946220179326,653.499471133645,1033.660298949388,685.5522753017311,983.8121356725868,845.3584568336198,1045.1694974541929,872.7067366502064,967.8458300274492,0,1
112,115.59950744222137,1009.0741208964284,208.6767183261668,1078.1835547341398,206.24373372726535,932.1427564319664,219.67979191803653,1212.0739396296383,189.78395424831672,791.4988862093015,156.9227257816627,1134.603934305543,136.39194786161067,891.3210866733302,448.5301534500171,1059.0261497749816,485.7118482304487,965.5176095170716,670.1190219278918,1035.3740864234494,697.2112936905363,980.704000390338,867.7003890733259,1051.3730892094509,876.5785949468922,964.218513214089,0,1
113,114.84757017252193,1009.4983295830272,210.5094818889087,1081.6210672909683,206.55887187069817,931.726922701598,224.983183086616,1210.8742449758336,193.03607635597257,794.244324672231,150.72025356119102,1132.4774959208246,136.90822330345878,897.6371941156549,452.9095633473291,1058.4731776498857,487.5226770854895,965.6505728783984,669.9756624670736,1036.6981754120793,696.3158106214823,981.6052613829446,867.4765979980151,1052.1220322832478,876.2184864336864,964.431962259196,0,1
114,116.3333437563694,1011.2119327407828,210.58599687831764,1087.3719391833326,209.1669577708945,930.3753904276784,233.3233726412174,1209.860526819951,203.19233664610604,801.9424963172617,153.086014984488,1134.0972272549195,142.87255236324313,886.2981895205731,455.1903734839629,1060.2429508654884,485.5016483163027,964.5639260072728,671.0589751155541,1036.5310116220626,696.5416027014525,981.1867691925744,845.0848522607929,1045.7134289990272,875.9331812071086,964.3567773509254,0,1
115,115.93492015595552,1012.3970664064294,222.50779378863703,1081.9861945293128,211.55834584924423,928.7697236385528,248.47022334992965,1192.5871385606574,217.13551482856656,805.9781738101867,173.69902696349064,1139.3695238773478,182.0371710215495,828.5722841014765,456.18124848999497,1059.2788785420123,502.0212583703089,959.9178097267348,673.0246245907558,1035.0625528507949,698.4015927854223,967.4600692849928,867.2194729173757,1051.9623107685927,872.4145658614576,968.3721627285164,0,1
116,116.71962069596984,1015.6155170893336,222.12373817850616,1077.082963056375,211.25253367331,926.69846847949,269.1377705746416,1175.6647558163231,237.5656572150936,810.4792486298707,191.18678977182532,1149.1680867841892,160.98995124410123,880.2653634591983,451.1142483055204,1058.1560372290237,498.4536425189947,962.817504793121,676.7321226717746,1035.0174199089597,698.6581084570122,967.8679061093636,867.7444567140893,1052.0439279123232,872.5579229783949,969.4061922554056,0,1
117,117.34537262290289,1017.0007873299716,229.1805134886108,1083.0194256184825,217.6929834760212,929.8667756360212,292.2249029330686,1163.1180394808218,248.4166360366484,842.4643170807311,200.36479007438192,1137.859114983956,172.85237564067072,875.3247742999748,471.2842115345175,1060.7387423778089,465.1700346491581,971.687488541894,656.4900261714027,1038.1097615457124,687.9806163376112,981.8984009955054,845.6675544609793,1045.6735500809375,849.8166041380407,977.4381737635472,0,1
118,118.8711403498259,1017.8886698345154,230.1069836684724,1082.5790967808148,222.48531295667232,932.8667750978716,310.88760504952023,1138.7861728598143,294.7199575178645,850.1060253762744,206.22781274842657,1129.9220943801286,183.9827377061385,870.8754755450382,459.0207812503968,1056.8763967229547,465.0043570886817,965.6269124498446,675.7374274746184,1035.7665141692153,686.0502455355441,970.6043036556875,868.0413634817373,1052.1769827591156,849.7917938232421,977.5130976691656,0,1
119,122.61965894265045,1019.556293137191,240.8895677087831,1085.7379152632916,228.4440493490668,938.5768471633048,344.8445188425607,1144.895467989415,316.567462132408,864.8663697813821,246.06966785088625,1133.5824008692196,326.8767318924009,921.5065135857712,471.6701027382799,1057.3216282314102,462.9165397663885,962.3439114449394,656.4453290311816,1038.973343980216,666.6977794334699,973.7357246796934,845.5307521745659,1045.321033710421,849.8750913344682,977.6547750210956,0,1
120,118.72800958482124,1023.4155224107104,235.7687958815318,1079.4109297954888,228.04833427052196,942.596853734114,370.5561355620584,1133.586096612957,322.81412454513327,876.8441756764902,247.2748311691383,1127.65365188565,279.7519002252189,898.0770407626947,456.712148242251,1064.1513270056485,464.54713355115234,964.163195450984,657.528634313179,1042.4414479566094,682.2039000482646,974.346926294645,845.1383248913272,1043.6937551617536,869.7579763583616,970.0384936728608,0,1
121,122.19064099890976,1029.0443204029093,236.2170771783598,1067.891462719852,228.1668844210621,945.139274513082,340.61195333850395,1108.2251681762966,358.442197335867,896.4821201523467,355.99198989967374,1117.5372197854003,310.965458060117,879.5046565149044,452.2135284756188,1062.3155882286728,459.63470528432697,974.0211613505838,661.0443901240593,1042.1897122441278,682.7330271568347,974.5587487819876,844.5193581649323,1044.4768246686433,847.4757394182976,977.0476720895424,0,1
122,127.89926821605746,1034.180297963677,230.64117523411625,1074.2013457870764,227.712541178392,945.345527150016,340.838543677361,1116.0628635650344,368.96015822034815,900.0210325758218,253.80085204760644,1126.2086064144587,319.0793551580184,879.5060022257428,429.1715978614996,1056.660623543408,461.9489455254087,973.4626634360936,634.3639178207853,1042.4411923354553,682.4419466075723,975.8766951270178,835.2291736925222,1048.6333457167582,847.7499279523237,976.7187979850236,0,1
123,131.1965903938204,1036.3515346283252,229.84616396176023,1076.1489354679463,228.10229643733663,945.1137271967992,366.0204560238921,1123.6747361630926,349.1255049091632,906.2722563060394,270.06462950390244,1126.1340227204155,403.172284487165,900.5317034360506,452.81876407767146,1062.754056875886,462.33105839306415,966.3218138482448,661.0554907442844,1045.9197670672415,661.2958108681231,972.7910181812116,835.3985552545951,1043.1732805575807,836.045444969703,984.677149585553,0,1
124,130.61341941744203,1039.619044402695,229.7079392744444,1081.1031774875437,228.0275072139943,945.488686431952,360.440090660621,1124.6580582730128,364.357366673503,908.5247508994278,272.3177661077254,1124.6471291233038,401.9782499157096,894.4169595397457,456.1503949804021,1064.6516603446023,467.03936576843256,966.1287593351052,659.0028383331894,1048.7730130791929,661.6198664740871,972.0956929898456,845.4109142288585,1047.0846689912346,835.772113626428,984.8834990894508,0,1
125,131.25952225822775,1042.3217341796517,233.6640450238251,1082.3526633582862,224.8403259906409,947.1952314187638,372.7043500089211,1128.5117409143445,345.41511724147125,909.8340451410814,238.0591841202873,1115.1645381795756,440.4306108650832,892.6799202946335,473.8990759384493,1072.004673472229,460.5751386327458,973.6840246286048,660.3804972267894,1048.467661502342,685.425235614355,975.442158000422,845.8021119791136,1047.6325673727672,835.7633863530946,984.4923583625608,0,1
126,132.9434549048911,1042.9298333610182,234.77318824500196,1083.7092398195737,225.6167218465024,947.9255760355438,375.142704104261,1127.4053930412929,345.642280826643,911.3954168203384,274.33111431384737,1113.7866816356022,440.7775293556084,888.6803822513892,474.950436466847,1072.6974834859766,456.9147814389788,972.5733966252806,659.754224288603,1048.0577702911175,680.7666248772947,975.0394615156524,835.2327035772474,1042.923600577327,836.6981675999991,985.189754757962,0,1
127,134.8369230382309,1044.0299753473578,236.68078790870533,1084.9809366039806,228.2388090870315,948.2355913320594,371.9782612258653,1126.2231956554808,359.0614635767645,905.5594553726723,273.09890796676257,1113.3865847507004,447.09608060640846,884.8303751836885,452.06146183187536,1065.095245114676,473.97325776178286,972.301358875328,660.5830353289183,1045.8828903523374,678.0503367261551,975.1566813046402,835.5196830045106,1043.1342942954686,836.3486855733844,984.6198029977096,0,1
128,133.19217817681042,1044.113698002173,238.5114928742844,1084.760361362432,227.61877355091903,950.1336483811738,374.5065667756357,1127.4402466493,358.2300474801826,907.5900946847664,274.77925095973615,1113.4932124062902,454.6542381713232,883.6891693406733,452.91328810901416,1069.180359738789,475.2897112267225,972.1580115773064,658.6689364181537,1047.0209090031744,677.4522593365533,976.7627015909144,835.0854757083252,1043.2942620136562,835.8425880997636,984.5655480804556,0,1
129,134.77160644236713,1044.9646023001242,230.20594935423372,1088.5214258063638,227.17720479431944,951.0563768419074,369.6814065543821,1132.1740917735551,364.389468467127,907.6299961378784,294.98764077770693,1120.5317973880362,464.4671101067869,890.7370347156848,494.6079941688805,1074.7450297830037,476.41374679783695,972.8314031282828,679.4933788488063,1046.9127691466524,698.4634946815679,977.6305340634472,837.7091222993729,1047.562733018863,848.7013346817155,977.5867010897176,0,1
130,135.9890189034421,1045.4757625403254,229.33485336204495,1090.9171509865362,226.84298645535432,950.9040602684722,372.60827499806334,1133.4527538560228,360.9011871265962,907.6202482269758,276.1481122635741,1109.7026251485297,463.35415238676825,889.0822900103612,493.6164789485063,1074.5727613058098,474.9459991653501,971.5667137689752,681.8980831845683,1042.6496056438282,685.6962552213234,980.2371527498738,843.8865665589569,1044.782092159588,835.8330839973122,983.624294485615,0,1
131,137.17396649954688,1046.1306955532325,229.72587431670783,1095.474404609002,226.47980410968992,949.942963745207,374.468149897026,1131.7359133908892,361.0973517141354,908.8102783830968,277.2453432120334,1111.1111757389156,462.867701993032,889.0104079964756,476.5210617224169,1075.7429983123625,475.0085526604026,971.184803278108,681.4770920285943,1042.546459817431,678.0487134211704,980.0008229207328,844.0315630532054,1044.7773228070037,848.3592084232325,978.0184983611546,0,1
132,137.28827556491052,1046.035868850024,232.6811117561648,1096.746466956885,226.87603149364452,950.5632257846942,380.2575343606996,1131.9533904872335,350.10779796248136,913.4846401284672,295.4984434249342,1120.7438136093062,453.69490711524674,886.8761301145757,464.517395059216,1070.1885928028564,473.0600844186056,973.8667870268588,652.558272926643,1049.9372167538231,664.1015254443581,984.8433759858904,833.8892568072355,1045.8846763369795,842.6046525238394,973.6026106364232,0,1
133,136.9835703704695,1046.006620408506,234.71456242475767,1095.9724023778329,226.62938322605484,951.056084895642,381.3829732886836,1133.5815842269012,346.3193490136274,914.1982967200128,295.9178079275223,1120.9084484316163,446.29754581128975,887.0775979271187,477.03304970372943,1072.6582355485257,468.629757976656,974.4339350266636,673.5567475558877,1049.529260191122,674.9997829398811,984.6885072370384,836.5867984310393,1046.5311005288936,841.3970261215388,973.563376825404,0,1
134,137.07653873453523,1047.395128282355,228.18004330361,1096.669812899666,226.08994203674155,952.3227415288048,374.4306196750993,1130.8912065605484,343.161281491442,915.6161465389076,277.9677675046288,1111.70782107452,439.5365649298976,893.2268399162209,476.1816128456701,1072.1149053860902,466.7685537623491,974.9571252692544,673.3092412185916,1062.4405743601042,681.4239743286053,984.4131696197936,836.7058716018736,1045.9927253807232,856.4008068387312,971.1526782997912,0,1
135,137.7517360022536,1047.9123514527175,233.617267186992,1094.0550923680314,226.77569430268167,952.1563765548942,381.2004197434424,1137.7760078379724,343.1025277622654,915.5036954298168,296.41120692378365,1121.679826297802,438.87684481041634,892.2736730302283,485.4766123192518,1082.0732651485582,466.2548249471637,974.391326680068,674.7899363239347,1047.6775015355208,674.0504308261936,986.8673977371878,844.5526814553765,1046.1109259477178,851.1978866716045,972.4605511532908,0,1
136,137.75944335252936,1048.1471946430418,228.52220438546723,1102.1500855837562,226.8251260824414,952.7236012410452,381.6979627630955,1137.2157380652727,342.66633285502616,914.76531220043,296.61780864581635,1122.7720625272664,437.99965807613376,894.124434763329,476.8775499440603,1071.4374043887194,475.7648855440018,978.046531929504,653.9743055881852,1062.163852352504,680.4034117263377,983.785541654947,836.3473837149313,1045.5825072434964,851.2335565217294,972.6161112564614,0,1
137,137.5830045323068,1049.2628047362923,229.6402463181276,1100.5867308224938,226.76518032237672,951.2018710212792,380.53257908095617,1136.5798784265792,342.04434051315246,912.411560013748,295.90094269949685,1122.4138188975248,443.1616929231601,891.3125065474893,477.0626401963252,1070.9010479749782,466.4824837608982,974.47324283328,674.4333536564451,1047.263054886257,676.4554047553529,985.2851364281491,844.7239240589315,1046.3240043421515,851.2043638192165,972.7123305904436,0,1
138,137.44438473362916,1050.323831640912,232.0735403093157,1093.9208616639305,224.2811982312345,952.0052176762118,379.0847539343666,1137.7702193642083,344.36216421338145,912.3784853271663,278.7832666404535,1122.6633966293168,447.3340474737636,893.6437385105019,484.9009933273256,1082.1917818785591,466.8627617046024,977.1216703775084,674.847314153133,1047.6135599219035,681.2330022744922,985.2013653398524,844.7387561376445,1046.3601357195853,851.0781719470674,972.7617065070922,0,1
