FrameNo,head_x,head_y,leftShoulder_x,leftShoulder_y,rightShoulder_x,rightShoulder_y,leftElbow_x,leftElbow_y,rightElbow_x,rightElbow_y,leftWrist_x,leftWrist_y,rightWrist_x,rightWrist_y,leftHip_x,leftHip_y,rightHip_x,rightHip_y,leftKnee_x,leftKnee_y,rightKnee_x,rightKnee_y,leftAnkle_x,leftAnkle_y,rightAnkle_x,rightAnkle_y
0,274.3557086567575,1004.9562053694435,378.37876225633954,1063.4351922342832,383.694960850888,935.4733991657961,487.41969834068504,1094.2346971723457,472.88110298980195,902.9920004852374,587.1316932112715,1119.61897693777,577.1885738199181,867.6433909105782,600.3639057491783,1051.0216040684843,584.9527812903196,957.6140590558414,788.2724351225655,1059.0812764949085,775.2107272005514,933.5480754328161,985.511022401569,1060.6073300545922,983.6968571994022,925.6286215729613
1,274.72160387721266,1004.6747691696135,378.5210666358858,1065.3841985944964,382.8386292997045,934.2266002601775,475.9691460637959,1103.2367886242669,468.55170975425926,899.561452312035,571.530188695662,1136.5445986712007,550.4273256864907,849.2610070917381,588.0761700891859,1049.7719287521957,584.8899210817017,956.550697926473,793.864543999125,1059.799600190577,782.9013448449817,927.4824329967626,995.657456054489,1061.7319079307315,982.5313657405937,925.9630987628431
2,275.4871344845378,1007.4413797909683,377.839200859417,1066.1669939813328,383.1362204805927,938.6350615176973,473.93541145076676,1108.0632621098057,463.5162096556823,882.9620707762058,557.1604458594353,1147.4747257947397,541.5327195104294,837.8673560754243,588.1185514750189,1047.7301541117515,586.8993074593214,954.4930088511292,797.8625419328985,1065.0991561183328,798.085799942711,925.1674632479566,966.3942141092645,1067.8393065868102,985.4931814493841,929.1195879395967
3,276.1476314331372,1006.7214766256429,377.2683908415398,1065.4643963681347,380.12174546796103,932.6210222657686,464.2668623111958,1117.1023449698064,454.6868020443364,881.6125463896337,538.3348841971011,1153.9360420288715,519.2994795602071,824.3590023761108,587.3332495621183,1045.5464512070341,586.8288329859859,955.8052864607251,795.0852398816568,1064.3612979213426,793.7308269297348,924.4931427158914,998.2302357409493,1064.894965267812,986.9710656973413,929.9617042513476
4,277.3992009156702,1006.5413255992837,377.8949721674925,1063.1232510131567,380.87932730527166,934.1761406443735,446.57093876515,1126.8884110293084,431.5093378530832,877.6462321172822,482.7790497679394,1180.0818012358072,465.58810064169455,803.849700546545,587.844561166354,1044.466321329962,587.0956737880433,954.5915716593096,801.6228623011951,1061.6335261595066,793.9905389852734,924.7753081086977,988.087633328878,1069.0007145732402,985.9291500046907,929.4184305946412
5,277.3626095854879,1006.8163578165182,378.37358730202067,1064.2773267085897,379.07469734568895,937.9535580312041,425.4750243585038,1138.8816877220765,412.957644617604,862.2709069402669,421.08310843320135,1193.4858660449183,407.9130047226448,797.5346404782646,584.8706503621313,1039.4873635196057,604.375842408179,951.6688202375178,800.1611565241423,1063.2221829584641,820.5126422837434,917.2144359669907,987.8045246535996,1069.230119759856,985.4170622410172,928.3772506545696
6,277.84169416588827,1006.6331110834462,377.47695707065697,1057.549064462453,376.82550114059944,938.2894570086478,401.14756243126595,1127.766604314912,377.51959226531386,836.5641045833142,379.3689215415786,1192.613250934228,355.1499700856302,786.5701659438718,574.9068016875705,1038.5808675907535,611.8374923487788,949.8126253776916,800.7212971958909,1059.3530340706225,818.4606441502763,916.8209152726196,988.6210899204209,1068.9981099282181,984.2019367590061,930.0909197356752
7,277.6441491998838,1006.9018994176503,376.27141002560774,1056.8345078153702,370.33745615628044,939.8418927105099,390.53471454873346,1144.3709750879696,382.5526024926313,829.4270476061663,333.68098449955056,1204.221302175417,323.83702767995925,773.5223150989048,574.2424252811427,1036.2489420871889,613.2624139277306,950.519131303797,797.2456492063127,1060.4278994972965,819.5117368065644,916.8120768348756,1002.5745990093415,1060.7167823449556,986.5266434330933,928.5556789288883
8,277.54695381392736,1007.6334346908582,376.49659035264744,1057.2578366270493,365.97821928899833,942.8000207546439,372.9249922475827,1151.1302387985913,363.8330605932268,833.8663583008531,313.6905022808417,1202.6770382782365,297.6509398074702,774.0576799716431,576.3665292290934,1037.2994521993824,622.8061373429118,949.3586314451511,801.9779147283308,1060.0195756473584,820.9678748618176,916.5107277471471,999.1921725229727,1064.1756688663838,984.0235968839052,928.3401553163102
9,278.14619108976405,1006.8494540290917,375.50492612841225,1059.950753015074,365.6918907909616,930.3399324101792,346.1912632856629,1159.7840945252944,355.01303386316187,826.4332193771239,276.49868051159365,1211.3821588273788,271.23266976583454,771.099532419579,584.7488944521185,1041.6598560072587,626.4068206668055,961.395872453834,801.8732162445822,1059.9934242579275,824.1006391845226,919.4808935295739,998.8435805014423,1064.5299544043614,984.147389961312,928.3517635437954
10,277.5544549026787,1007.129384754862,372.86967799629434,1059.588593000178,366.06613491539525,929.3967408033787,337.0986097159714,1161.175129012445,336.3045724935742,832.4301172126137,257.9955960188172,1208.3577784889328,247.62032830513652,777.0325478379294,569.8196330771179,1037.8837789918114,617.8456682222562,950.3512608558268,797.8799013849662,1061.465257228428,820.4180713747816,916.8844707637566,998.8534314982757,1064.2561464779174,984.086285654373,928.4090206642347
11,277.57766200290075,1007.2704809050101,373.73993220037846,1057.7767273890981,364.0966922874103,929.9591275228463,322.5286572559292,1163.4973180407903,316.04245288784387,833.9786849628032,234.48655772116155,1203.245284103629,225.18190819668365,774.3570069615058,584.7360821291126,1039.6276009003964,616.8835921467357,948.2706940025201,804.6673235874647,1060.6991350677065,820.3833899727413,916.9035999710118,998.7902746212962,1064.2838477387663,984.0712553502989,928.4073567723283
12,274.1960917027626,1003.9842718546221,369.22499868742665,1054.634903256811,364.4410981375467,944.7012488304212,312.2537420940027,1136.3880246601764,313.6032014209365,850.157277417656,188.64171542798897,1196.2521235527668,185.5291861644492,787.2541287749415,588.5894599289516,1027.779233821782,594.6762388549328,941.3517022395642,808.6492993578954,1061.1895200349584,835.5635095603753,915.13666986806,993.4384252625106,1059.1099440709884,998.2189891304243,926.6818625221001
13,276.6732514261114,1009.0229495775166,366.59927809656983,1050.6960523662806,358.1038447257291,935.9708789654466,314.90982264009034,1127.252342229727,289.5816119408576,854.72458300566,174.20566821749404,1186.5140636032072,151.64886772245052,791.1844009690913,586.4032565291743,1027.1906540062741,599.1357630219974,940.6045485138455,808.9928118597778,1062.7176179122084,826.503087702281,916.8564748658931,1000.8655729405436,1061.1191744387456,996.4889357706969,925.6540744397503
14,275.28792402369146,1007.2531874612533,366.92331227276503,1050.6794558265121,358.5825085794972,937.8300701424447,300.34269355208414,1127.3888150004234,292.027450382942,839.8880809865219,134.21034248659606,1173.9700701795546,152.4114018453888,805.2611288929756,586.108124414253,1025.317540221316,599.7114764388423,940.912715959514,806.890386524374,1063.6912546711403,825.5085187398565,918.3609768925653,1000.1797439962121,1061.1725131559688,982.4973332587391,924.1550783581984
15,273.29431765721273,1008.2744908385379,362.79214205450444,1051.3338823059216,356.6735127998421,938.5949195788943,283.7997719277331,1127.8169430992693,302.6426260741076,836.3540162836954,128.34886409526374,1160.6776727568483,145.22703570104233,811.5686468759238,580.1180191932946,1037.820137060363,599.3613943787018,941.5119854480707,802.3654747753366,1067.842065949899,825.3671867360683,918.715224760057,1000.9578334525595,1061.114760265028,983.7709141273647,926.0022055200582
16,272.90920060384724,1008.5771920276337,361.41628125244057,1049.9269488556783,352.8412734578583,935.7762597817696,304.41995953087377,1114.50780371022,279.4337029822936,874.2286183219198,188.44700454890494,1150.851256435711,126.11525001079424,820.4918027677403,579.1616300426626,1039.7531177820658,598.9978463876076,943.1765937665033,801.0800234890107,1068.6895469424483,828.0200876402141,917.478345300589,1000.7400962869274,1060.9648478758152,983.6017582475441,926.1086845117663
17,272.3049860967926,1009.5845788511435,357.97290883851764,1051.5502158339457,352.27930991640324,937.977528568579,295.23641360596656,1118.2356319385449,270.2282444491343,859.6453144373394,125.73369029904526,1147.4179879888554,126.62585108425898,821.1866799493996,579.0394080351791,1039.1085290173062,582.6405628139858,943.1854920734123,797.0918223079685,1068.1824376248508,794.4844985039243,925.5352791962074,1000.7285818042928,1060.9698970662944,979.5598443555893,922.5146642456504
18,271.93335238606784,1007.1848478184125,357.5806031022487,1052.5358344981287,346.9428133127438,935.9224394294465,299.55734342220387,1117.5419211965725,274.3898050930782,874.5765187125448,144.10920270862752,1147.442369874482,127.10107830627996,830.4424003920601,580.2414439465506,1038.9962385543386,599.9157824968951,942.2196880847895,795.2294702616717,1068.618120337829,827.1569528071251,919.1190012442024,999.7968830956903,1061.5358907347827,983.9038470011538,926.223826327804
19,271.23898434856,1006.0672304264156,359.4366199417604,1040.8288941954445,346.09089830296864,935.8109758252349,289.35332865026743,1127.1440022487486,271.61503845135474,873.8502909417192,131.41604528935585,1143.6486253591254,126.74906555790893,832.7833513404236,601.2397805798038,1038.2344367169528,601.2806953658363,942.1187984514202,791.8259632447915,1065.0312853385035,826.3535963140321,917.9994989825382,997.0373449834021,1060.9075917407577,983.8556886184355,926.2635158844331
20,270.38664484520103,1009.6424380266693,355.51183583987546,1055.3445028715673,347.8647902728057,940.2101223824394,276.0596662504,1121.6701483463735,293.3834417712704,857.353053264632,119.13581138779499,1141.99980501039,140.71270222161618,833.6461130964852,580.9022255092665,1037.316912133233,610.8815759924205,944.191755509219,792.7967508561588,1065.4649076104427,840.637528998644,916.9496555034069,999.6576686209293,1061.3438492886378,990.5263369973211,926.639360880519
21,270.53114979412834,1009.1760679941507,353.81564017545105,1055.1741421354072,343.0847557871487,937.6876649429131,284.6768709338998,1113.794760609444,272.41451481693895,860.1126087421359,127.78673715182181,1137.1242579811203,126.29872901231941,835.365338237911,583.0749094036682,1038.2758423223993,592.8689191245288,942.5491259012216,789.4543340829321,1065.2290419355024,823.9666937541589,920.0155836970031,999.5114653628266,1061.417594646199,983.8394394962622,926.0590008407022
22,270.24342032495804,1013.1437694316924,345.726159620347,1059.8431782158398,344.8536767203104,943.6088107947827,263.6746180104031,1131.3210550570295,259.05242582601437,877.6758471733503,121.6346931953579,1140.0247844889443,120.13999026215433,842.018942289892,581.2736087595688,1039.2651618884645,582.2166364493698,941.9253006373847,790.0407918500962,1064.9423022694136,782.8828322034818,927.8727073024776,999.5597452925147,1061.2978361355392,981.2050679756234,922.6177856871349
23,268.06287430042715,1023.1248825039609,345.93052126186257,1061.1313325880558,341.5068578038011,946.5006038040733,260.879632381841,1130.1702526577426,254.41921070431235,877.8421785128984,120.5746094117084,1139.4456142226534,116.81910337490284,844.6375334639483,581.5074878985301,1039.3626748841095,580.9753840611412,941.5290232706736,789.6611611523771,1067.1454646708246,783.6921689414233,927.7954828064728,991.1418645806677,1063.57589284433,981.3460035286892,922.6088700585292
24,270.15304094483236,997.6290964186849,341.18090331941954,1059.9135550920093,342.0219728571541,941.3468447649506,261.5671824044772,1137.7049027778576,274.6628002568556,850.5356599582109,120.07883238079333,1137.7376935904208,119.62219347414332,851.9036071463423,585.4157821595746,1045.6691500336524,590.7859067582029,945.0369305298839,816.9403694758024,1067.3909457372797,834.2286860958342,916.7845329828424,1000.7123902746232,1059.452972524224,986.2080241241752,926.3414529244047
25,270.51150874136636,996.4109647528028,341.9622423992975,1062.2424730949767,343.11407037147154,941.1013576443103,259.39569321968463,1141.858570286669,264.97380577851334,853.0005703490942,122.18825024033087,1138.8044437181416,121.38828634750703,846.6416248374788,585.7651423043795,1046.1749314666233,593.0486988122193,944.0304181997957,805.2076654967467,1068.6020464760518,823.5158944594999,919.3013015063173,989.9874252739745,1062.7202830990827,989.1537003290823,925.6416775915748
26,271.15281993608016,995.4139426944013,343.17169501970585,1064.102546417214,343.42347136399525,942.145332599895,260.24013861568136,1143.8341255944763,272.39949656710974,851.6726722689257,121.57285960660023,1137.9226610574717,121.15080566803097,848.782581158371,586.9306953737732,1045.8214605529024,591.9413061352793,943.2032927233538,805.0620810232174,1068.6743764996443,837.5385145527179,917.2385713127411,990.2306500522925,1062.726596941587,999.1383074597977,928.6711863924878
27,271.66249182816443,995.5909347814467,339.8790267850084,1062.597565100878,343.12791735050115,942.756448110879,261.10521820028674,1142.0335456573464,272.17494071692573,857.8216458558161,124.35229793791652,1131.8107337026715,121.68835534540976,850.5838943246006,587.2631233225253,1043.9171717501492,591.6130703850437,942.9162530387526,813.7286418126059,1066.746654636627,838.4537384568947,917.0875321723888,998.017184997876,1059.4707772102888,999.1904527840285,928.6971501021768
28,271.2544727139417,995.290569162474,340.1451011379921,1064.7197450389765,341.20539218768647,944.1462367812472,259.6490118376455,1142.3593489445807,262.7949152873303,879.413075443579,122.58204300164866,1131.5261143467867,123.33377451208383,849.8294897030419,587.3184268589292,1044.7574751697684,580.1562793667201,943.3777962039272,807.7729286080994,1069.5244271574784,825.1853176459224,918.1103598589762,997.9363411951747,1059.4209526112463,988.2619323113494,925.7559293162552
29,270.5839259571775,995.397172601323,336.21708948063446,1062.5220976639635,339.8640487159957,944.4989482310658,258.97475630781275,1143.008962346735,262.53305422779175,863.1689767045716,120.0416590984528,1131.7847249229371,123.30936198736818,851.6404418048397,588.1589291774715,1046.6217027561881,579.215830615655,945.0038793873559,810.0475944282174,1070.422428307684,823.3996821627969,918.0717059043644,997.9619055699619,1059.491380275303,988.1400250535947,925.6770035942017
30,269.3129457709693,995.3950321105016,337.4375094130383,1064.0283947565554,340.8120507908735,943.8161383859382,259.21631801887975,1143.3611652449945,260.9136923205868,861.6186290239255,121.71249397089329,1131.4710064621029,124.48096829676038,850.5554658888369,588.0672928074711,1044.9373921009656,589.0158815222692,942.8491148153357,805.4184165577584,1070.700370569951,837.4831045371503,917.0246641676187,997.241001451589,1059.342571093176,999.3526707762084,928.4284418177552
31,269.49418469197724,995.8203480403097,338.52367025358,1063.1483452745786,339.54838119030615,943.2797066312254,261.73969740055315,1140.0785671797507,263.58263340666014,858.8239606174803,121.48333072042279,1131.4904928662863,123.15251349162682,849.6012590283599,588.9320027285651,1045.6515047744651,578.4194615665431,944.8474944014483,808.1737751117453,1070.5425554509552,817.888815548702,920.4304689383525,997.7540810117486,1059.477843117136,999.5239669541853,928.5064960734798
32,268.4518186602698,993.5743664889368,337.9337612891228,1061.1839922695456,340.8637614926064,942.0427706660286,258.46396705419096,1141.7793236927982,268.80060798635094,858.8514466184103,121.79784405215973,1137.1546298103417,122.48844245940407,849.3701384892629,588.765710401597,1045.4213017807735,587.447487641373,944.5872407866962,803.1853703621614,1070.0589726971496,811.512662418797,922.1510004384128,994.8314047665837,1059.6569714066213,989.8069580757726,926.9773694892565
33,267.5859172942579,993.9820068886314,336.7118398498341,1060.6783272955543,340.45345776412825,945.1817130061479,258.30293305673587,1140.6573573777468,271.37713185522426,859.8184345365885,120.71741806050115,1133.7323334390499,122.57214311815517,850.0949112375724,591.5899302528491,1044.8337202331409,583.3693715871852,948.5856767580144,807.5917623474012,1069.8198162361948,813.3133610203299,922.7437677320358,994.293374258768,1059.4065100160442,988.3907031431619,927.9156590559131
34,267.0390429887412,994.1932212667025,336.8167124504541,1059.8477806579008,338.62650233840446,944.0850235871058,257.59906694389906,1140.575288188186,266.76502103768337,859.5239993283891,122.05385143642152,1133.3560927346907,121.87590332428097,850.7432424978331,587.4384965140115,1042.6558616352293,581.6679797898033,951.0718419217258,807.1836234441193,1068.089683471052,821.069155967127,921.0163600229324,993.9044761905744,1059.521937766205,990.203333793908,927.9604751620549
35,264.84843493438046,994.9677290625647,337.17937245596835,1061.1919393126007,338.20893291379133,942.4877061920952,257.7873488923508,1140.5127202019282,268.16586895013813,859.5526907848664,120.34858562236333,1133.2250747848836,121.48269251512147,849.7951288384431,589.9733555549452,1044.6267397486051,584.9157449994502,944.5057686070675,807.8374251804673,1068.1667989917225,818.5083340916428,922.1488175682948,994.0710618375026,1059.0351106418047,999.1949048184914,929.4348327277953
36,263.5120732142494,991.644002899013,341.13211912048496,1061.341038801318,338.0271210813088,941.7419926897732,254.05207590566962,1137.709482432638,281.35819667027425,854.3462448624633,118.25571154431961,1134.3769548291411,138.93502789759046,842.8292176234731,589.4669473496773,1044.2143138518325,597.510694769176,948.7941255926823,822.4774714843194,1070.7343829825554,807.2148600108292,925.8572602955232,1003.0510102260872,1062.7665881984467,985.9375320578426,930.0125799242143
37,261.03510535429916,994.9483502883407,336.0268778484726,1058.1097385201886,340.7756771067804,944.4000181356482,251.7061778689857,1135.3450190469152,281.3971352298176,859.1080875663001,117.98960605120317,1135.540567884368,136.0930601797116,843.7673714754776,589.2444420604928,1052.82338004354,589.3088519092654,954.7819495498916,816.2692574251768,1059.618499329824,818.4609294340731,925.3459110302053,1003.5831837102247,1061.4905812125448,997.8909475874683,929.9766190729976
38,260.63278555405,994.3708698965013,335.0657490357001,1058.5825098445537,341.1240511473815,945.4850801556187,249.11631262968976,1135.422789764965,277.73792385899975,859.2247073182633,119.24026008080133,1138.1372038920429,120.01173845348184,849.3738577770539,587.8544577014461,1050.3931305357676,589.0232680956935,954.6906174569338,815.7585726416777,1059.5275748853383,820.2898356384356,927.0574291938373,1005.419726278754,1062.1603489973193,983.5367071799091,926.0959824948168
39,260.5563442294712,994.5363065620104,335.51532683353895,1059.4055194840723,341.26856614151296,946.791948687058,249.4989063277821,1137.0158638488188,276.9748472950393,860.6431921539195,121.73333509070665,1140.5228475084382,118.82225636853042,849.48834578313,589.5934807587662,1049.430358348569,588.654394807059,949.3164593362353,820.3417680043392,1065.074418381152,819.2275352130786,925.5960759969428,1016.5202701603326,1064.7399592907616,997.3613617479103,929.5535667357772
40,261.84636139590657,992.4057661304572,334.4730769704315,1061.7002949935386,339.94616491121803,943.0960381232493,248.16138606077672,1135.3810858463735,279.5847172234861,860.9016116868916,118.44753677110212,1144.7232143113406,126.24903873597381,852.1132057296451,591.28938176387,1046.6014535246659,587.2462313072889,955.4454055102235,838.217623925178,1068.1017326450278,826.647628144263,927.6736887442024,1015.7993807749258,1064.4025824194355,997.936432271692,929.6044972326545
41,269.78163222575216,993.2278518235307,338.3822582229991,1064.568685381663,343.36390732168684,939.613493864016,246.07407568645104,1136.9202077222344,275.60234025178863,857.1876071815014,128.2853241611674,1144.641453212539,127.0439840448228,851.882845999825,588.3719156312384,1046.3998478112371,594.494069748024,948.5091645116757,823.246676292469,1069.6898611322385,824.6004778263007,923.134591623232,1002.5404205371871,1063.6500041437534,1009.477931147899,930.6840919870214
42,278.86931118016435,992.7868111671376,349.4365218401885,1059.5836496738543,351.0881750605351,941.6121519426491,259.8838258502697,1128.1738756615655,280.65277422048024,859.9633582771745,128.9633767781549,1144.593589496823,127.51288613665398,849.1968878886877,590.4250361488452,1043.699105379776,600.5092290474007,949.8966588140148,826.3369708315448,1068.3328316581328,832.413572542689,923.5181787450204,1003.440948977427,1063.2599464433322,1004.9771921780391,929.8005600031644
43,283.87527235152663,991.6888469216756,362.2132590409218,1062.8779246647687,354.49564959819975,941.2684975539298,285.9093612254208,1134.132661728365,303.0468986620363,848.4139263481012,136.24568617390406,1144.1842680516968,156.1835835907022,835.5094009808632,609.4043697957409,1043.0172211523009,599.7188516277021,935.8512603737344,830.6592373296095,1072.9061389617584,847.3980913298648,919.7504958153472,1002.1044251946695,1059.6930025536553,1002.794755060124,929.3080261365006
44,287.0736867708719,990.6126172852639,363.8825382460853,1064.7781020030654,349.0040034776546,939.7998598478543,287.42511020060164,1131.1954320589468,279.05635823819046,855.7716274331547,141.7332755387682,1147.4614038964917,131.54118174539275,849.6558771967275,614.0373853527212,1043.9473390824476,596.9052803624901,936.398781377721,830.4720134759909,1067.3504001861281,830.1894271513265,920.3216476496488,1003.8298979413214,1061.3805995383393,1005.7836747386519,928.6493856078295
45,294.6978351322665,991.0884870070907,362.82759392370014,1063.7694108389828,353.6151439284782,939.9877178520074,280.97811427321017,1133.178944584204,275.08091245733095,860.5782159473159,139.0877816332952,1146.929523543695,132.76719221058065,845.3650951735857,613.4591874220591,1041.3260598501504,607.1870738523679,935.5755399974456,830.2230290287647,1067.9880807892002,843.3290845178968,921.1344105806709,1002.3993148853316,1059.616722510546,1003.0774525517139,929.5463541831102
46,299.37039413749784,991.5313224035708,365.6756925644893,1060.8625644344693,362.9637365750435,942.3660675205789,287.62354718073135,1134.2584192638972,295.5183690918127,859.0681191808069,146.74128392272868,1150.2699323509828,149.25831540508295,848.6109450071897,631.1501861393684,1043.7555599843292,625.4587834337133,936.4235221419941,809.5291946768295,1069.9398088420164,828.1384911307742,923.9918709782272,1003.7381021874158,1061.2997748201863,1005.5890335063165,928.8383350470415
47,302.9837873233155,990.3978632268969,369.96507776109075,1060.8771052420095,365.647720019436,940.6936210503393,285.90316266480284,1134.549242141578,302.7153171891509,863.4737201721506,146.28337329323796,1151.621202276876,166.14108905370585,845.7547465709096,635.5753141881895,1043.5930481629719,629.3400276970646,938.7570694945124,832.1477544261203,1071.0911433369163,829.9292135052625,924.9022744632135,1003.950610489467,1061.8433532042156,1006.4438080508625,929.0658772263258
48,304.3289506512903,991.0833517126439,380.52315517271757,1060.8380907270332,379.3074842361232,943.5297935872636,290.1328981000208,1135.5158372104038,294.295656132295,851.376887650108,149.98656658574416,1152.6465538860157,154.05771336102825,845.3575193698051,640.5199199225099,1046.0002816765734,642.4466831569398,941.4888941129283,803.8585065214158,1073.8847542790086,814.7432918077327,923.1630859823459,987.5605601297087,1059.6072496446418,996.4582898619891,927.4404357865311
49,314.2793463490254,990.0659512667688,387.83732544461213,1055.1515021734078,382.2068455416142,942.3277082029815,310.9031389531605,1129.3919252596036,325.41576812109184,846.2565806751126,160.15355942308204,1153.716075485196,178.89569365621696,837.728884414572,658.0438307326854,1051.508967997308,647.2302177265499,943.0036902725478,829.614361984987,1068.1060714777739,826.6485141312656,923.1976392354973,994.1423265335618,1059.4500392714815,995.5941471600872,926.9345648861563
50,329.0860258680326,991.9428160399046,388.15553875986404,1062.7065737329801,395.5842819511503,944.3571558496166,338.2136126395475,1157.1070327030045,328.40551954252044,852.7683062416767,177.59678179637973,1154.602545430606,207.9447551077457,835.0917395644991,651.4579417770643,1052.4238603242964,654.9503378006199,935.2438338796152,837.8220839680248,1068.3280562513635,811.8698397414427,922.0502029631964,994.8955346890016,1061.00118087023,995.7465101373521,925.7319919087273
51,342.49045171105195,992.4302842352515,412.3667174042899,1059.6449588100145,407.22401756614016,941.996559070192,321.29874121538217,1142.2140787700623,356.1790024691657,854.2313969687099,185.53901573151387,1161.969390353414,225.71127634829753,834.3896424674008,654.7677776004309,1046.7782801306485,660.887273086528,941.2781855956673,826.0666021538028,1075.9788007547013,840.9110217348651,913.8047585357734,994.9638896242694,1060.6524739275953,1002.4306036871028,930.196859232211
52,351.09741597863876,994.915723611466,410.8859766351231,1059.4038673641926,411.62299727897494,944.0560603649805,340.50829620758174,1138.6750711613417,356.6823294754921,864.382838151807,189.62529895519557,1158.8523386017002,206.1994397345693,840.6767354792835,655.0308213153338,1044.6764997696719,656.4382133434281,940.4414178202207,824.1986174267197,1076.8827309703056,838.6271709149463,919.4864088923156,995.3570421712451,1060.1345158674364,1000.5414048282935,926.8753219929625
53,351.17673558903607,1006.4752878922036,422.32225400728737,1060.5765862503445,416.39566193321434,939.9427830165665,332.6344540401305,1140.0840011473354,361.2795894632724,862.6243637275556,194.48258641792364,1167.6320211507223,211.268667610476,842.2173836825089,650.5376992889126,1045.4008413254558,658.9935605826706,939.5766918173965,850.2407180131333,1077.9565611313058,860.7683624743795,920.2233303723136,995.1333448511725,1060.5441347874762,1002.0274340625856,926.6935803135208
54,391.89717170010925,985.0512282730989,456.1464478848659,1059.2864003626412,454.6322097083837,935.7495709152279,390.4167289386645,1142.0742096014535,370.5282212791889,879.1072328050377,235.64890837948406,1162.869359113818,219.31833165519723,847.1131315098188,723.6001908856653,1049.6899476846643,700.7014359051291,947.0515067431965,918.5045174969498,1071.3507784157446,865.1272015515787,919.1115317250069,1000.7962255391094,1062.360635571056,994.4865207647315,924.5663072921002
55,392.54252449898786,988.2313878425862,465.9122078130397,1060.5903346323075,472.98501995667056,934.9927836354387,388.1448171786741,1135.300885381986,386.4154669832346,876.6976617032514,231.23957540961018,1164.078741136673,219.9527760320894,843.2559219797599,721.5546283796332,1048.0858052048413,699.6021001515679,945.3778358139947,824.6693410488966,1085.1838774334237,869.1814861123986,916.2550433605231,990.886741509208,1061.7983454662942,995.4176154217266,924.9357542336469
56,404.99134396390576,980.7721947327334,467.9196521178643,1070.9015713256567,462.8918245461889,946.6829316463653,395.4237153905266,1160.102032753232,383.7665466586387,861.4331772220564,231.9850192919509,1169.6153345605542,238.49017159371442,848.4065456236224,726.3944854041845,1064.2335482225271,720.2970760572406,940.1759283442782,890.3838180720574,1075.5612113106172,868.1355339218952,929.2757014962,1000.6859171437038,1063.3064624301483,995.7353251374124,925.9385950367387
57,416.8166463923857,986.4576350092275,475.28527928266783,1061.5816778649662,471.5937377572524,934.9161188152239,407.88176547721395,1138.6800207941083,400.1440063595617,878.1586200117102,242.96649134205592,1171.3263836930028,255.89473868222476,846.8561461460582,735.7062784500023,1056.1142501438655,714.326677434001,944.5434138671517,884.2952176157302,1076.1411726571112,874.2955263135336,922.892707415489,1001.5262038251977,1061.6535396141485,996.5535063427353,925.6396475896338
58,415.8662937397454,987.6924025670822,478.06641860188057,1060.9927778503284,479.2263651080187,937.7953029747487,404.4341764214445,1156.00213986298,399.1843250607018,852.8192945896573,248.77452238328434,1167.516363341523,242.4249316191952,842.9020044017067,780.412362251232,1069.8092799358383,736.8781549753851,941.2179948861419,931.8600519921906,1074.7721969301783,870.4134239176934,913.3797654958441,1008.9004790736423,1062.3899169742492,983.4044051449382,921.7284129280803
59,437.39896357602044,989.229367807628,499.40457109667074,1061.7580752964848,497.865827979595,936.0898860844509,421.1250330970873,1141.525038495649,436.550853019883,870.097066079055,270.4317759382399,1176.1126848006406,276.9994955472115,838.0634470987986,771.1343177428325,1063.3545432556737,744.6133451995055,940.1364853275252,904.6123534650269,1075.765875060273,828.9530014836741,927.0404192877552,1004.3871717118162,1067.6562926035258,974.419174988031,926.3417078728716
60,453.35838172773697,988.6417647340033,512.7287280575041,1064.1310562481344,512.9753070131854,938.4204514144012,467.0363937273757,1156.8858450638031,438.7923124087647,849.8885859504156,350.85134330124475,1158.6034873721358,282.6102322502781,829.2077892339904,759.9925978999144,1044.542763490698,751.0939640992639,942.8758743140385,838.2132174289737,1086.6864950949441,891.4249699943551,915.8162965571329,1002.158013010211,1063.530343845432,989.7297575848929,925.7319312617676
61,460.9977805505958,993.0189205459775,527.8916917758738,1060.4367682059665,513.6614343000791,937.8333313302203,481.5116785096564,1147.4252398937263,513.69467655921,838.9725832410109,340.4914430338012,1166.4612614661785,534.6163927284111,839.3677799356589,773.0586239203365,1048.0675303103906,717.3181432369316,929.4621068322423,902.7327223282952,1085.149244971349,880.4176512992273,922.7858544096713,999.883469406743,1059.9406986951303,974.624878668816,920.5300071430418
62,475.6754761957533,993.3924435833463,534.6927757908061,1073.698199942741,526.0620047243116,935.9514066876952,460.89047500153976,1138.0709899409042,480.74411240913776,868.8328587001602,327.3820578943458,1175.152449317052,360.9344593539194,832.2474866610604,770.2935194256091,1058.1842806757943,756.4395020563053,940.0657341009024,908.7736911054395,1084.6154419943132,904.3370512527049,923.5788087193183,996.8669434982716,1063.0525394750816,997.4306441903578,925.988196303615
63,483.14301430016405,993.9817431952304,547.3322101191209,1061.467907616183,537.4042549678966,938.418561163236,500.6442644692211,1142.012621047828,540.0880339086752,841.7264309672203,374.12324982284724,1153.163195181909,536.3877060943523,838.9714020022043,792.1132229332495,1066.0363614813184,759.6428155216965,939.8486148741734,912.130363027823,1086.33049185008,908.7527086830883,920.5810197077632,997.1165594539964,1063.1068266813236,1003.4876216744569,929.4165645602169
64,523.4157108857511,996.082077194539,581.4788389763999,1072.1053929157245,576.2516683471838,939.0577566579893,509.49729572191967,1162.0899244724699,480.04734624656805,858.7493784369834,345.56796238853343,1183.5258287686272,337.0762825756296,835.9164439922392,813.3182550437738,1069.8569028295199,786.186070336787,940.3785054180922,894.0610994257139,1091.7237211587585,907.5298216066992,916.1295629721368,995.7013803836737,1062.5448624094474,1001.185025833983,928.9248732343306
65,531.1588930742638,992.8867791979565,578.8281694469277,1071.9459599838985,583.3642193182857,940.9869584329509,493.37886835105706,1158.5032448638983,506.18865929592414,863.0077147361201,351.97609409089205,1186.06343647034,348.9832246381067,829.9351131486858,832.1631436788214,1061.8073458534932,822.8952910345149,938.3053922968521,921.988777240014,1080.7280325907107,908.5007937149821,923.3813756848854,998.0306522681901,1062.8488713025522,1004.6697325886303,931.0972914741287
66,536.1516210285678,991.5917579712543,600.2328573556808,1073.643992113594,585.1385532771037,943.2805252916055,515.0232214363406,1140.5225844877245,515.4030175450874,856.6960988265465,362.66980653621437,1186.4307411973045,365.8646214240859,828.3931676681037,834.1066455717049,1045.7191966194866,804.0170630366966,936.8469256219578,898.7914155084537,1067.2408059797772,909.8848781908131,916.4741053080227,994.3847628470669,1059.5444606806232,1003.3435928682046,931.2918487705789
67,550.594404887781,994.2799252713979,601.1958093729999,1072.5240283884782,594.1249794829806,943.7928667706134,516.1621252489027,1143.3487824181439,522.5167602122373,828.5512787694882,358.3421573992358,1187.8853466473986,372.1100543038277,822.9233088552909,846.0291242165434,1062.9695355865906,847.5807345704077,935.3408575793736,923.418176301279,1070.5945891549184,914.3536841264781,930.926660317695,992.8703652866794,1059.4094513410334,1002.9532697203875,931.0081856396162
68,544.0533349541911,991.9715128778798,602.180515284346,1066.4720613478214,603.75266473222,944.0870315585393,522.2983078280722,1157.3882670966605,525.6890370104805,855.6352818003479,363.9906899361678,1190.6307622389616,373.2271211820089,830.2457365754946,874.6553949137813,1063.1535781086761,859.7971265120685,930.195867018521,929.0125205705937,1069.3410579953274,901.2550647671108,925.4935914431312,994.5121963064444,1059.8715901707658,1003.0782816158934,930.1857874728056
69,556.9492256873915,992.4041651348084,620.3666555059901,1071.5891276520024,606.3691912825923,935.0536665401418,544.6632623362448,1163.2401658505926,522.966792053302,858.0367927635356,412.3103972932297,1181.8382676886251,375.9738014330324,829.0980503998812,852.6202513275592,1064.7016874225064,855.3800105180479,940.1075120150912,909.5169129886305,1075.3634890206679,896.2054076275372,922.7537396477918,998.1784406595018,1060.0064242753276,1003.5203415829741,929.3011142750333
70,571.0103239349643,991.5473902111629,637.8961072507543,1064.5074170271673,625.4408175861571,944.9076185149362,543.4309997360169,1157.8895818863084,549.7526301767177,855.562015396107,381.23073265363394,1191.7574649449223,395.73177769218216,820.0530714361569,877.1441319022904,1070.492304368198,874.5567659097777,933.0146822063999,916.8384283137724,1063.2517566442666,900.7167329031716,923.9954510197581,991.6948564154893,1057.7636597666296,990.9730874050423,923.9211633081037
71,578.5743030305026,988.8654776411316,639.3338009718956,1069.9933675279694,626.8663633071244,944.2479383481242,556.1923359646444,1157.9069466349135,543.5303615376605,851.1331044462654,402.54651832952607,1186.7853455890374,397.2252584588853,821.1601861621597,898.0829607463781,1062.0483787755245,885.153222697919,929.974971325585,925.8468253900852,1069.9385098829416,933.8400889621133,927.1445556461242,997.0159178933488,1058.15381298864,1006.985201358175,931.3442564886516
72,579.7900208447162,994.1436294174475,628.2342575926464,1072.7050808157492,627.518031860669,941.1731320282364,548.9217109828993,1146.1186024303563,548.7229538955986,828.5116615267382,398.4978324632186,1189.009974113201,412.4426872739556,820.1062803247412,899.4061378012707,1053.534329741602,884.8849313683875,936.5368645616878,919.4451597856141,1058.870039245471,924.8170282316765,927.2327947231184,990.9767719859109,1057.726041750379,1006.0466434493641,931.1267484486935
73,588.8654221111838,994.0070012559969,642.9341440982099,1075.4497033090472,644.5138448608557,944.8969416229451,558.8940860267113,1143.6040779915388,565.7353508580956,846.501546463136,409.1303575612478,1193.6711794413861,418.5553279127659,820.1149983514679,877.5758225400053,1059.3464292908836,894.9701485429225,941.4822002021291,945.2112020906762,1061.2926349177421,924.9748933020741,932.3553955616276,999.1470441086549,1060.8451418347609,1001.9850526767526,938.8656391981856
74,602.1999186006107,988.6989673667757,641.9143442617745,1066.1748856117758,645.7452717001013,945.7893608143714,559.5795145022388,1154.5630815605484,566.2896157551183,847.7037475496246,433.0817933448424,1187.4092098687345,422.2388399716936,812.472059710949,893.859059565709,1057.7652590805603,902.2440455824873,932.7018281486786,944.2385693008785,1063.4898521092603,943.2088429611588,931.1821738417582,999.526310835145,1060.9361833268279,1008.6544495906259,931.8976614879914
75,604.3708072496173,987.568458596369,663.7627917861442,1078.450565828636,653.1353877331717,947.0949162603039,586.8152706210727,1158.2354332715777,577.7405296593555,858.8041297974261,422.46355420126247,1200.4372709275694,438.27121074860054,827.5003522638887,897.9770575078162,1070.4193648899593,922.170961498439,937.3062647273662,942.1109239580727,1067.559213743413,956.0900151683078,932.0869260811788,999.8228519573632,1060.7198390358078,1006.7773038048117,930.7540884585525
76,612.4079722142808,987.2791173123509,667.1904324059058,1089.8521350465392,667.73903448653,947.2779046814728,581.1869360597608,1155.105692620316,586.0954420092202,847.5183603257314,445.58016421115906,1193.7339329211525,440.49332508340143,819.0072479360161,897.6265441735792,1069.0207660347114,921.8471415780765,936.6272125132027,939.7821539989218,1066.9764634355915,950.6615694539599,931.9627614690486,999.0347039032974,1060.4357605204698,1007.1108139568869,931.6330935935779
77,615.3432618874102,989.3799528840883,681.0560553343615,1087.74583422726,668.3805346147911,945.839835229295,600.0304451534435,1157.521113410406,590.5360557447019,827.8878826783214,447.5115232938908,1191.363247010219,441.80927896685654,809.5130067218498,914.3472551958458,1074.2127404363607,912.000139010743,926.7364040041216,948.438028700175,1064.6861100039177,943.9761845513655,929.2853384137067,999.108609818358,1059.9081732576863,1006.244526603907,932.3225253719692
78,619.9444020026991,984.2196065550951,668.2140038816455,1077.5725959592844,666.9284534826389,944.0481946329962,589.3664149469145,1150.1609758521424,584.2422197141015,826.5154486662497,439.35179679384464,1194.145416046748,442.9256681286002,809.1594100156136,893.9718712259795,1061.996402670407,914.1018073301476,932.68641688384,949.5037183773998,1063.7712075866207,950.0123827355116,930.0623581078366,997.4294052818506,1059.6259284877847,1007.8337997763922,932.9036814110145
79,619.4547351346059,986.0780355774419,672.3628740843932,1065.8657437786296,671.4667132989017,942.7174187967832,608.2417780525197,1152.4252317093647,583.9099257014042,822.2138114889959,451.4327090676336,1189.9290754442966,448.69786206705515,811.691644291594,915.8843241122361,1062.6045987187372,931.1214254550413,937.2020910348549,954.019556628402,1058.7933999873715,978.9716494377939,942.7019197462588,998.2348525167596,1058.626907202884,1027.8532078300248,925.4272406224728
80,625.9415679976286,986.195486770843,682.1239944676273,1073.683788291152,673.303598074051,945.218970462034,604.9887525461739,1155.9169076979817,586.6094028686206,858.0762714327127,451.75270641113593,1190.284366649709,456.01844251853436,821.5298863284121,921.9926908515364,1062.3793524210284,928.4393974770494,930.5077661966945,942.3639000345732,1068.139028444087,954.9969576673172,933.2505014659201,998.5249593509034,1058.7215260457328,1013.5034194569283,931.5104129295154
81,632.052296699256,981.7923908668087,700.379441240209,1080.7761889253795,690.0521410085134,954.3765969595255,615.8067703743129,1159.741014961282,606.1229203798371,857.1353447638743,453.82977067726637,1188.957891303069,462.6692462618546,826.6738355694056,918.1820882095317,1079.169103438849,938.3462995546536,937.6899688967355,946.2703821407957,1069.2739917494462,979.0398362833129,942.6596733054022,997.392168379884,1059.9619599846162,1027.8523452818315,925.567379537354
82,642.272410250144,986.3993244605587,704.4654391800938,1084.5985076814607,693.3857638752196,945.9005412172519,617.2640428679507,1158.263904086638,603.0986040807359,856.8158075583499,468.672884381794,1192.550892490048,464.89417861124934,824.2006168183293,942.4263838828772,1079.6605909404993,951.5643225720706,940.876073339772,953.0258716439394,1060.9803986076395,991.2901153862089,946.250111217625,1011.9614377660465,1061.489325978141,1054.9364603387364,927.8745020320537
83,648.3362539660945,983.9409102104238,702.2129990437561,1074.4117381413312,694.8946285371817,948.1159047989352,624.1093994458103,1138.9548525505431,609.1898082539691,860.7471250243962,474.6992755587296,1197.2275813969509,468.7688495650868,824.90884684185,942.9320112409455,1080.0687076027652,945.5165632369459,947.0614630189738,939.6783803436318,1083.5263562640403,967.7638147401251,941.8974251505385,1010.1941941308417,1060.3056437613595,1026.4041938335283,925.6699437415399
84,642.980853627655,992.9187816210656,692.1755712581083,1061.5589471322312,692.1989404209568,949.5084333454836,618.8917195254401,1141.2781912013943,609.9137152186916,858.8341208856655,460.62242743562814,1197.0027191195745,466.97443859164827,816.2128418775975,941.2206433002287,1052.403518261934,937.5856482378063,945.9414416109264,924.3555813554979,1066.5042433784256,942.7575273848634,934.4919794154115,1003.8075152175169,1059.0090137400407,1004.0943118220653,933.4590856368537
85,642.2871773698705,993.9364807610999,692.8137685232572,1059.1529758742065,690.7149697838275,947.1582295840318,618.5400007667095,1140.3444320151773,603.4422518528019,854.8749730028185,470.0648618767568,1202.9310759264788,469.81677614045856,819.4360578033874,944.9846094079383,1051.1489087846855,920.3328226632663,945.6539860374345,957.7023856134501,1054.1986164706846,968.9628906646847,944.7548162613084,1011.1452019819202,1057.7698309994375,1034.5252899943773,926.9954410639868
86,643.636108319068,993.6152995079428,694.0885451060122,1056.7379502878744,692.1392129766615,946.9170738965777,618.5180807919744,1142.38491913223,607.9842926838928,856.5162626178189,474.3901061081607,1201.8107314603808,477.23484178203285,823.3782364777308,948.3694748698657,1038.2842761177426,922.1378694988196,943.8187554756743,960.0860643324833,1053.5969353983457,969.4787614522271,945.0568985781365,1010.6720594745927,1057.0349565067334,1033.1555353370536,928.2120941632991
87,649.3583141408753,993.9395414880757,696.3701779448629,1053.7451869227448,692.9912793341787,945.9136787991941,626.4111012631181,1139.5331846485237,610.7041080410365,856.5754025898639,476.8306750035875,1188.7970914707564,478.22455690183006,819.9936650799619,951.9462787345419,1036.3902148177394,918.3141170149506,945.8160323592165,988.9157425442659,1054.677432562655,972.0254992818645,944.2428985752664,1052.87315666288,1053.558428089554,1032.7295008189346,929.2222793657583
88,650.5260363883873,991.7219875316074,694.726878985937,1051.7397071227356,692.3987140829138,945.8336626511125,624.114180962968,1141.8783318199366,605.8557474163636,856.3469391653942,477.7138774757732,1195.5847338382853,478.38044373669766,821.4694884312145,944.2224007496133,1037.8518418193653,916.425889192539,945.4162731633128,964.9873283594575,1031.8566118698625,972.5656178527752,945.2661096935848,1034.596132791864,1033.3715022056967,1031.9734371468055,930.2691233324532
89,656.4670923007325,991.3445319540793,695.8554750797186,1054.5477976578286,694.9591294624715,944.1477510002411,626.9120837188045,1141.0179157243067,601.8072033548541,851.6670216960473,492.2120847441595,1193.4200060954436,475.91084771720574,821.8625113370225,945.0993417112352,1040.569464118055,915.8460773324159,932.1689246385787,959.7107380047265,1054.664619215966,952.6728188821025,933.7139991238922,1030.208352811935,1058.834720474232,1012.3745702240029,933.3232001221241
90,655.1563746473414,990.6770324707032,695.4539722894041,1054.0983692536365,693.6163374723476,944.1454773173449,621.2022316564354,1142.079773397677,604.2122234448655,852.4465733849767,488.28687737295,1189.3218151039275,484.4541337617197,818.4152421243572,945.353654134723,1040.6726070855314,916.0161064753141,932.9348840089865,959.7740495778494,1054.8489758829962,952.8561518933279,951.3009726519449,1030.3882503633536,1058.2126112355634,1016.5436379838206,938.5359410517888
91,652.0160435235082,988.4070574265031,694.8751944156245,1055.357893047571,694.833478691984,945.1175467149902,616.5575730382078,1142.9255181844405,602.5906971310143,852.0301328907111,498.7200332959079,1185.080460121665,490.0846467929636,820.9585333606236,943.5030127873811,1056.3562204555762,938.6426367592284,930.3631730818906,954.6689563051776,1062.078381299447,959.3511049645155,935.1909028108641,1030.2541241193157,1057.457096007359,1014.0606537162869,932.9651434994375
92,646.0945601891169,992.3831288592067,691.0530772909851,1057.1869892061502,690.656321194454,942.3753129341076,609.8580915751165,1146.6263134666965,596.9825400363638,853.4936850811961,475.66546481049414,1188.9117940640642,485.9645219463055,820.1297705634214,944.1579828646775,1054.1879833033645,916.1393838989098,934.2128579323999,955.1735523556237,1062.7159874864926,955.9034368864736,935.4384113566829,1012.206055897885,1057.57338883332,1013.5646054648608,932.9488617773007
93,638.7265375779725,993.519234387512,692.2339834503451,1067.8897514034948,693.5368035642626,938.2255201038414,605.085363301251,1164.939620041129,598.3342602039035,834.2847859132474,478.26144557005404,1186.6356417328711,483.7928948073765,823.6407614209738,937.39545033409,1058.4369282158398,914.2503310304004,933.5521512448482,933.2907448757454,1069.3671421160338,947.6327703151032,937.151650926981,1007.3651950226027,1058.629187276309,1012.5688913491674,931.9451491715364
94,625.9816637646857,991.4132133220418,691.7291168490683,1077.522992001659,668.2472093083613,933.4986631910562,597.0503518609294,1173.4057307751366,585.1535755450145,854.8416130968441,462.8443435450679,1192.4008015023708,455.33964655644246,809.8844229132704,926.548962388454,1057.022005931846,903.7847147000316,937.980709706572,942.5243554282715,1061.735252363554,949.0370074794258,932.377774520975,995.6485138137876,1061.463209568447,1004.5718829250459,931.4247798429177
95,612.3655231907402,995.2172893044881,669.0990667256328,1072.696222870075,666.577141889515,939.5374062094594,590.7431610663008,1146.375534988168,579.4848311365968,822.9124012315738,450.0279837063912,1195.9803008472632,450.6324847528931,807.6124230804556,912.0449091461142,1065.706547632715,914.2745292574283,924.2505610996446,932.7641431314892,1067.1642615705796,971.0078963315688,929.1699012459245,994.3094720331992,1060.727951644012,1016.086440563822,933.8361234756011
96,613.6693391192254,989.6322119472485,664.0932682865772,1062.037103275969,666.0466184975731,931.9635397681939,586.4654336639126,1135.0927828551216,576.7119315634778,848.2531662043363,448.0752890286737,1182.3207754882096,427.07092602634305,807.3399995443666,899.0259362011178,1056.950822167323,904.2058032944856,934.5583803736051,857.2045329953355,1073.9920028249278,921.7799071016175,930.0668112974147,989.5881296661337,1057.4929381292766,1001.4635123760089,932.971952439756
97,597.2976534016266,990.4023567777098,663.0333184389826,1070.057041412062,651.4744614500682,940.1995759917743,597.2627315843679,1153.2811529088074,562.4533911458227,833.2601917499484,462.861850326796,1189.0117923868308,423.1294102662561,812.2315646444149,889.771881649181,1069.409644514388,896.1022447206574,930.0215333914775,908.1238092588665,1072.8275300753985,928.0430927450232,931.9704960270195,1001.0739700753915,1060.137536653607,997.6798496320746,933.407199924085
98,582.1884563034315,996.0318018950408,627.5294646423101,1064.5808929734858,626.2237776271388,936.6982011984238,544.1890965574584,1155.5307811818345,554.1759266499889,851.9936059731758,403.90356052991467,1186.1494354988004,419.3265772547926,806.2434238094692,893.933911404157,1057.922769472233,880.3451242558513,930.6990794588941,950.3745411400366,1061.8806012424802,951.2759990964971,933.5148191206777,997.1732940971464,1062.6223627072236,1007.6945672202637,929.781836762663
99,569.2193591362168,988.1458516229523,621.3165434005201,1067.5952052018995,621.8876467383574,942.7546305099364,538.738927754376,1151.7656928068745,547.1855688901189,815.3632910263881,398.8171634748481,1190.722473727527,409.2576209218356,814.6907218355716,880.0834848604834,1062.953345854435,883.77178078045,930.4304115357074,917.0545672874301,1065.716682002441,927.0695892453037,928.3516515413687,989.8750612949673,1061.095916949853,1005.0751864925627,931.001427487185
100,549.3423679684166,999.2544867342488,606.1256821412878,1059.1322826691012,608.0102896721372,940.1999991120529,540.9942461765323,1128.4066389029208,553.5385564399788,804.9934377116723,375.34305636997493,1186.8172672896767,441.6318056580304,797.5920839330714,882.8851508846208,1050.8580610175768,848.0624141618706,933.0791283354525,944.0028851852305,1064.1116169320583,922.7269952721961,928.0032779152651,995.4097366333007,1061.9951060657377,1004.2232045147601,930.9529196734293
101,543.9257879840071,991.6302908421615,599.4845432236848,1064.586351494155,606.7869713216515,932.0763171305997,523.4175484884234,1149.3184754359731,531.9736006480044,819.3616821378755,363.8954734554216,1187.4390522930923,419.75272963663997,813.4674869119727,864.647268486271,1054.2842017964877,841.1269320127092,934.2184203832488,910.30826948089,1062.8034442282178,926.2369851359155,925.9197885932334,988.9217841276421,1061.693691054659,1013.7234348748533,931.585758610038
102,533.9254976528053,991.841082856727,582.1468423711927,1061.1147223843275,588.3151843364899,936.1122448631809,495.4575746732198,1134.2226309569596,503.8401153524768,856.7353649265534,348.0569295796368,1183.4288945362728,364.0475966871482,816.6400864017439,823.650885930452,1051.2272519595829,814.6589335229523,939.1829101203734,867.117978853739,1081.2069198193576,920.1414869727641,921.212264039252,999.0609667546107,1060.5076395493058,1003.1503090777849,930.7976560571631
103,506.90099820359006,998.9057239585726,567.9794548143801,1064.469537671921,565.3320526549658,938.17547284532,494.0240222548942,1152.549287346161,514.8860096404394,818.4338224188184,350.25076465581884,1182.09896426793,505.096381972453,830.213234009417,811.628081144375,1057.8728106720846,806.9284069522614,929.7030186705691,921.4971113763022,1077.7223785198585,940.846977779552,924.2396264002658,1005.5675662354467,1062.477755129644,1013.0681232606171,931.2792338666279
104,489.90628147001223,991.3829316329115,543.5115274496289,1063.0084451623563,546.9023316362279,933.6002086944917,470.39466451141396,1141.117726367331,479.7801491746046,842.8553212521097,322.8476708391088,1179.4933633573087,327.9245578483115,812.439367152767,788.6605054659402,1049.9374387406147,785.704055905187,938.0267161327982,916.1844239154314,1076.287308580117,942.6302693817178,923.4702908125632,1005.2337145464318,1062.4504601718922,1011.5506759762608,930.3484092785277
105,464.2768311717575,992.0513003122974,521.1314140587696,1066.7046607898317,522.3445077308287,934.5806611206145,437.90803777845997,1153.6569503122705,459.2752985960485,843.929777684937,288.38429124829673,1179.0616017382956,294.1060080360839,818.6551345051605,768.7557741321419,1046.5515771287055,762.3150973078178,943.2785227016699,907.1150993277719,1085.1094807464353,900.6992475512124,917.2166161463596,998.6986623597858,1066.1535469632565,987.6177137415802,924.7902996166939
106,440.17715429298585,994.5408498916795,493.1488777106078,1062.7416069484827,496.2356875683768,934.6868421118721,426.09436610585226,1136.98583105397,471.6757123988068,854.9299443319911,260.71666702647514,1175.7896861147128,451.52890043543897,818.4139841992045,734.2516511934476,1038.4332020084794,731.0198860267668,943.1623438961974,827.5720434102032,1079.7356487108802,849.0397830561326,914.2576008277462,992.2574645242082,1070.0139107238188,979.6229657395143,923.3164714558172
107,391.97559460861936,997.0776435577371,462.29773041485805,1063.2094464662932,462.9618208678088,936.2997510519035,377.5833726146286,1138.4258808974043,383.9536687208555,873.239786903443,233.11776271567075,1169.0130850674911,238.44487709868866,816.1266275892181,689.9724356622783,1041.8943890887617,698.4415211324108,948.0634444325747,875.5333204728264,1066.8851199069504,869.5897600399657,923.4050206416325,992.3767724179787,1063.279695363714,949.8043693274608,926.016309669489
108,376.2517107106619,991.5264871276363,437.7425149141269,1064.654731161887,432.54507440584376,942.1618020017738,362.3429175130102,1138.9839274387514,400.47502496617665,810.7850946318482,214.9050937796445,1169.3185436016142,412.10921529365606,811.2163346659867,695.200953688206,1044.285146473612,689.8056283511793,945.0666256357343,837.48579062473,1083.5229451826267,828.2907067783786,914.828560273495,999.3459190596839,1059.4012929900966,976.3773428789195,925.2392849932692
109,345.87060898581154,995.4900828185632,412.5283487565495,1057.0346981948303,409.33204115134686,943.096567528113,330.89399518830254,1129.95847288604,358.6054832169541,844.2043867818929,187.89014397113934,1167.0718852427847,323.42535914308223,828.0518858473062,653.7428948907145,1040.4663224959531,649.3343364060777,942.6089843032468,848.7135576860802,1065.9590781251795,879.0178735358506,917.4946149143553,990.146835882735,1062.7084602843656,937.8811553736812,914.077629408882
110,321.69548927575,993.722509710689,400.4013788870624,1055.0360152267692,394.270176385252,938.2066229736866,317.4959832081094,1131.8559625024398,363.09905987257144,812.494270445931,177.2339195578864,1157.3969743603911,407.03233548351625,832.8840845740078,639.7367181269493,1033.1756318237394,642.1142431539429,934.0936994587648,825.2682387968343,1066.2848117892836,843.9727691432124,925.0399641251407,997.5887215494024,1061.3131948887296,952.2746859229277,919.5950384651538
111,318.38415638213036,998.936979698837,385.5162454240499,1060.3637354344153,388.66450648314,935.5759799349055,311.69190445243925,1129.4511082836323,325.1790066782303,875.5206567903025,160.72217288965984,1157.9429663462643,171.45007586138144,827.5769464519426,624.2482884559581,1041.5848116906227,622.922316155601,935.1953896348044,847.5600735945881,1064.0265361216907,838.1191367259726,918.3908603508451,997.2043558773045,1061.159071666541,959.9040157680238,922.5237108800974
112,304.09022034842263,997.2473046991599,372.05685892092697,1057.2883174316048,366.09757841330975,938.4852735756252,281.31231151724666,1130.4327580930556,296.6379901305597,831.4473870674711,141.876763243359,1167.720879099984,150.22436067558854,827.5992924496148,596.5618093860164,1044.3659012322914,625.8702460439059,937.98185394758,807.7014349650964,1073.7051797456202,868.6776769362748,917.7185242461599,993.9135677699769,1060.761451784256,943.2741696440817,918.8735861010977
113,295.2199850094799,994.0427518924487,370.43024169763135,1056.0410906968968,364.6964271356907,937.5921130828522,288.90082836771194,1128.719361292624,283.73364234001644,831.7369641283696,140.46028097522273,1159.6474118761769,143.40396040282727,828.804042348084,612.6735171850078,1035.8485603192378,624.3896536089198,933.2257573382107,821.059804551778,1075.5689377963413,850.0755293192572,915.815878145665,992.8298429332876,1060.2011528968112,977.7164235009637,924.1205156874255
114,278.99497266553624,996.3257056803147,365.69893047000403,1060.6221661928557,356.49412320091136,933.0732120511113,289.28283810460516,1129.5752459882726,266.6159689596942,870.691496928241,128.5470727144199,1152.1262249186318,127.1745716982917,830.0236323999186,613.3978647993506,1038.669479336483,616.6157749508385,939.5368364433609,830.2914167783659,1063.64866818688,824.191709005011,913.172900713515,992.2950831439312,1059.7904774583849,1004.5202646391908,930.3359299210571
115,278.55685979399163,995.1713676368552,357.74668347541,1061.1413663910384,355.3971232921466,935.7692537440876,290.64956178900786,1131.277350566564,265.0376477384133,874.1842263450875,130.4290065467745,1152.883197187414,128.02147415121448,828.9832395039264,604.3078109284836,1042.1785981054259,596.780387670073,937.096931182839,824.0583301241593,1069.2516484425228,821.4849818791462,912.7149372535274,998.3064801795274,1061.9631386223652,1003.1492302228631,929.7894384649027
116,279.1425614921262,996.8664224527936,354.2217038232731,1061.3836118318334,345.25777586104806,935.9175853182691,266.8138648381624,1133.3788739610122,264.07546719277013,872.8941575049654,130.10388112657245,1149.1240930382073,120.30136579654926,830.9699876548436,593.841379262381,1040.1956008586,600.9931547465033,937.6565356678511,822.8357350283698,1067.4165535954148,823.0936945306308,915.2419952011389,992.1541583057497,1060.2458286635758,991.6172153586994,928.188321395975
117,272.97578557415034,995.1712936412579,348.6908408910307,1058.1136663410264,345.5661395188271,942.4829489478814,267.1420563894998,1137.3427387268382,275.6918617714831,828.1180358931565,123.71779128075886,1155.8711515114117,125.07095594864983,830.9573532429625,608.2477382069601,1043.135700211816,596.1533948255918,939.6071369695279,817.5963588064761,1063.5473587966685,820.7868535868988,914.6449301086919,1006.6489525486185,1061.6767681774895,992.448760368734,928.4471795210324
118,268.88098761691225,993.4805306330226,347.2351662545272,1060.867068748278,339.78582671156784,937.8306103103045,285.49747035469284,1130.2690636875172,263.72947286102334,831.4118180565761,126.5035199188907,1148.2513539848917,112.19066039483475,835.3173548259077,611.3961743874419,1037.827653499494,602.1185939674724,939.0444549403587,831.5340929068576,1059.2363766481735,828.7012053838166,919.1316598728245,1006.8683478426095,1062.5793053418902,1005.7132431248539,929.5075929348825
119,265.51214166053404,991.7487686403879,344.7709256681881,1060.47718863729,335.6018394797614,938.7951785724537,269.25166711695636,1131.3658022127286,254.18566372676693,836.7870869520918,121.80766022561895,1147.013730533328,118.13364423297936,836.4956949809998,595.8477011830661,1040.2953635726583,598.7478654561334,940.8469688533248,820.9660580192337,1063.7545841393621,817.5619191590149,920.878030635433,1000.4938561894649,1062.1449429458069,1005.4496100913098,929.602659787438
120,263.45865750653843,992.1244025808498,328.32284751267053,1060.8013014614714,327.7088605287946,937.2861984667754,246.89408310988168,1127.9958718529,242.04250400181087,826.0293419898915,104.6761144184167,1147.9690496821688,111.45376565087446,835.6775054819527,577.2658073762613,1041.3435268472172,580.7541990466174,941.6380046589422,806.4890615341722,1067.3499710116644,820.2245056489663,931.3462113177926,993.2913457277691,1064.17105826799,977.6317678781417,927.0598278283899
121,257.62944364113673,993.275786171408,334.9421983825525,1063.4625060272779,329.2705100596493,936.2910760771607,259.285978161002,1133.667816005149,241.2691223977911,879.6101781885735,112.60674469880226,1148.6326115907423,107.17820499901343,842.8911970083894,582.7740595585658,1046.8885941123542,584.7935912993546,944.0675693710967,814.5383786845114,1060.2885698238601,816.8016311437162,929.8111625632147,997.6982939661866,1062.8505826189096,994.2401078897582,928.6264476453795
122,257.54500097664186,992.8503478020102,342.62154463828773,1062.0995932305061,338.13781822611355,942.13591766918,259.1138997964648,1133.769547842952,274.56924324382885,849.805195603101,108.81595197362614,1144.0341834545486,121.48944691036705,842.357098805738,583.1417783184075,1047.345894975403,604.5590629131183,934.4982286799401,811.948336314783,1060.1343468547657,805.5403110915879,929.8633530033064,997.5570771474056,1062.7623933207717,1000.300867728046,928.5042143183365
123,256.94219095654233,993.0795081409789,340.93699069574996,1060.995003099743,331.7378750393077,939.6397575922174,255.53556772140283,1135.7983537459531,241.18308723360414,854.7089443725317,117.07154739042562,1142.327125207367,113.22034487953731,841.2992294950577,583.1591444672781,1046.24374131785,583.8053548336029,935.9961726786371,824.075425722199,1058.3265214032938,815.2014241013942,927.6042775105765,992.0845999550291,1061.0430701141581,1000.6561974028151,926.9852744052728
124,260.9631589237208,991.6182968285398,332.8240000100997,1063.2617115746693,331.0393097806814,940.1750336702391,243.44672978156873,1131.7839876577139,241.24415939589005,856.1997390511631,113.23504310590548,1140.2004917433471,112.27826885772464,842.1669677913759,575.6096947549688,1044.0398456873393,580.8595903146096,937.8137736211885,807.9757853106187,1059.6381054723377,799.4642557558374,930.8365101362309,989.9311816738857,1062.3192357071002,971.9947689934421,921.5662969831682
125,259.92655814856636,991.1161869225654,333.13835395793143,1062.1542288887422,332.32598624706884,942.0728740930383,257.83189066674834,1118.3369204754517,240.74676910519443,854.0668495957419,114.57583601670085,1139.9719354880374,113.46834598499093,843.8849706600731,583.9569292204898,1037.9269680356736,589.0912433222459,937.8663535471965,820.1634401834832,1057.394951814067,807.5751171930558,926.9626502514236,994.2223251997572,1061.7552150303086,965.7017973108005,917.4695357883967
126,259.9776654683722,991.3011261367518,334.91779054559873,1062.488853123852,333.28292855360723,942.177696256056,249.77116350389736,1138.7559254777336,243.57080546405132,857.3103322429223,110.35048062531628,1145.0850581632303,113.31400862285777,843.8751817152485,582.4345021936145,1039.9543743708132,588.6912138285345,935.8219009388204,824.7696457603662,1058.1078872848836,789.8376051626217,930.6616134699613,990.7157684519634,1062.4060782853687,948.0571520623056,918.7158416142629
127,259.79402306486014,991.4597740425598,334.53555412193265,1062.1638752238705,333.7325431838612,943.2465922560963,251.63734009424016,1136.3476324817173,274.5969385412486,854.1045106639765,112.13452233217161,1146.2985832668421,124.0277494472707,850.9503938449296,581.5316767500342,1040.1852932719078,583.9388585679708,934.6050419972103,820.9701912858861,1056.8486423198133,793.7310860960008,929.7782217413954,991.9704927982682,1061.7956134311248,959.8749395898786,921.8955484652328
128,259.7264670581594,991.3353807167654,333.8024728722938,1062.1854065972861,331.2785349772717,940.8027174681273,251.96250469073826,1137.3335121485525,246.89435901815466,858.647996396549,110.5559261443556,1145.2325246616115,114.50017302802077,844.0013428631291,581.1320008475076,1040.019808172917,570.7375691864053,938.7899181581788,824.7459096127275,1057.7217163713779,802.84070802448,927.9589727150877,990.7468707477782,1062.0557649655873,988.5556098179327,927.7467612463442
129,259.5934565014585,991.3963598157447,333.18849559878186,1061.8140778552076,333.33590227233725,943.7704689760229,242.3026399649631,1132.7160953967384,250.15759848804248,858.302727558436,116.39934108223189,1141.1424731857894,114.8361198117736,843.4185562301961,582.0203853056552,1045.0732318729622,569.4650654985008,939.7802880123904,823.1403190106812,1058.0647384340846,803.9980380897869,926.4458717273318,989.4771116607675,1061.9811678177991,988.9814974249416,927.8790929543455
130,257.0981085967025,993.0625348963517,341.2143481568335,1058.5873666464802,339.5779227962419,946.9627681959211,252.56948949766715,1138.1286567278771,270.72368195215034,857.4261797499254,111.56120237355424,1144.6610607004272,108.28061425019303,848.499375118393,582.1754939720441,1040.354342604279,588.7628709572344,938.3488304031675,807.0138568158887,1059.3051844813385,801.9595427196884,927.8474024899474,990.0005791339204,1062.612495057991,975.6495484202053,927.2181947191002
131,257.3050304259063,994.0399440958779,340.95107407191637,1057.3011724849032,339.10460349332214,946.2751176933609,269.80894557521304,1117.1677597684952,269.83309022781907,852.7463537660441,116.4509828068965,1149.827551691082,108.83720159840676,845.1590086904017,585.0484210089992,1040.7524806239167,589.8444715680939,937.5951563199595,823.5570483213903,1057.7373065710244,803.9063963623444,926.3774621250172,991.124937407217,1062.4259708244779,975.5508475929925,926.4229163590992
132,259.58655075847093,994.3706452189607,330.1696770398917,1065.8153265421222,329.33167798621446,940.6371792268438,245.75595612643752,1130.2652831851867,245.8704928830944,818.1494882823264,110.96752813175533,1145.1110669429647,140.5227969681798,827.2894466492642,568.6474501730096,1042.615531343997,572.0118676174446,946.4030401046272,816.2207940030935,1060.8566823415597,797.0478678431715,921.0119613210214,1006.9385973033731,1062.7767901732414,986.8252900300937,922.082535675744
133,258.71772431273143,993.3330775883862,339.70362814567176,1062.8390756308552,330.9657648232885,939.12170230773,264.01029122976394,1129.4578755173413,249.50051891788237,852.8698779799149,115.9244359764228,1144.9255021296383,110.62467736292567,843.3968149783593,581.973641622516,1046.9300827710267,593.7004959443765,941.047034112957,796.8910501527228,1060.901414025452,803.2527093924533,919.7016035608297,1000.6280534196117,1059.0193879227706,989.3995557370824,923.0301523874299
134,258.0507810218126,994.1040269738169,336.23563292742705,1063.967241431579,339.8959914605546,945.2410722742354,264.88939391931103,1131.2072350293902,272.21868958987864,849.486056628427,116.29971274783924,1143.999577731792,123.81253831563286,842.5864030892669,562.3070954718422,1045.9397283886217,585.6403915841805,940.1912898302604,792.9994014645738,1060.6201702036637,801.5137653574056,920.6668236569217,994.8415397078535,1059.643061663805,989.682645661313,922.8515801580403
135,258.28594460753993,994.1724231223865,335.3916884522754,1062.2118934053958,340.1567582625251,944.0972590954492,264.5025035525794,1131.7337917353107,272.27324174501496,848.8488872676628,120.2476279726264,1142.2814564701391,124.66386266740616,842.5816956239094,584.4358122271276,1048.1058795376791,586.9460457850184,939.3161701367762,798.4705265724767,1063.4159772594041,796.2723231718661,921.8418555781739,998.1894669452165,1058.8443600824876,985.88389234208,922.8617981091569
136,258.8768135586702,994.0149282025205,332.7987292901127,1063.1726450923609,331.89445733714007,940.7597832045601,265.00813626808986,1130.4157229612017,243.73575307302883,856.192667762818,113.73713028291421,1146.0205670089779,122.97016959816644,846.2262559339985,586.7241124027881,1047.3248398645585,576.531049582056,941.60289442075,800.9773902992277,1063.4795023114432,801.8270759433701,921.4041702752601,996.4426113074095,1061.0591813100777,993.7412791258337,924.4430853670613
137,262.0827170125219,993.7032789276594,343.13531530849025,1064.9426439945353,339.1959411859202,939.6695388020356,265.6059652063099,1132.7330054087643,267.21041199444795,851.1550703756429,115.89612457315074,1145.5211962854748,112.43239756213362,846.9551636908179,587.2785072177842,1047.5647282092384,593.311502781584,942.3133947637308,796.0535118390741,1064.1310962730256,809.8701214542314,918.5865746693609,1008.0250356845335,1061.2481568369421,993.1652964975185,924.9153750473572
138,261.70766793239875,994.5689250825523,339.7407609123557,1063.7615020550147,339.16521725946035,941.7236592715318,261.7371177921369,1135.852156617377,267.5273904192742,852.5912092154207,116.75407875963863,1144.8705139832844,113.84971425189153,846.6402841717947,586.7486776146063,1047.601824220185,589.8005097368139,934.4216701443103,794.1590211667382,1062.6371083480308,787.1408046656063,927.5086920161532,995.8305677356893,1060.1374560152233,990.104356723582,923.2274061507114
139,262.689311395851,995.2152389537579,340.902444234285,1063.4650625751617,340.1258813141226,940.9055531857034,263.0037644563633,1135.5047499791917,269.2942078866946,856.1876481705777,119.68254639981471,1143.2500965081972,121.8545981160376,846.6900919536561,586.8220812694614,1048.3486241124117,588.7610025492694,934.157295983824,795.657832588424,1063.0895174294164,796.6043211858821,923.9681130100225,1007.5204369553663,1060.7152486180314,992.2286475123292,925.6201110702505
140,262.83875456712025,994.5573818534723,343.46857232142173,1064.0258644434743,338.5599696031627,942.0309522237785,261.8114067643144,1136.5549277838848,266.8330284088889,853.7660400031859,119.65641279679436,1144.3831117112877,121.24108660515634,847.3699110312816,587.9973072007356,1047.7711665078527,589.3668408635689,937.6796485289856,789.193009102453,1065.4505662546712,807.5132059213863,919.9497403965375,996.4884294924096,1060.071591861453,993.6446345519026,925.3456876980392
141,262.5846664865243,995.365236101564,343.0551425254236,1064.2143628458869,339.78664104278124,943.1717921249311,259.39075901542435,1140.9290214499335,269.1109324679728,854.7323875231046,121.35794380396332,1139.8871768948613,121.25052775766201,846.9464032847947,587.1722878901329,1049.0429274918488,590.203230005867,937.7153810028817,788.7469605196592,1065.2768178655328,806.8690471624367,919.8046948995598,996.5850094421942,1059.9846699060893,993.9390892852267,925.253525509018
142,262.77864473538835,994.7799067108357,342.45946225636334,1063.1576611520964,342.040370648487,942.6736409834078,262.4383266136457,1139.3100246903127,267.0195156142057,855.7065395604681,122.417236695209,1143.612734131039,121.05096705403221,847.4283850429516,587.3012120578006,1049.0867584475168,588.2580914143932,937.0187931775522,789.9664737468268,1065.4133296520897,803.2924796948972,919.8668660003416,996.5141920925581,1059.9677101152072,985.9515447827401,923.3283201689934
143,263.1750579556191,995.1410213697492,342.9862967145148,1062.5665767537944,339.2943895436697,940.55533807826,263.0132632013725,1138.495038527938,260.6489971741278,853.2420058744433,119.2050670430316,1144.2292654470518,117.83149788686605,845.8899519988319,589.2609269101225,1049.5961925722413,591.5596124874754,941.5217320135988,793.6316291997584,1059.0575642694366,805.285324300064,919.3577211311335,1007.8229127841745,1060.2674837694021,985.9791945419013,923.4556329574417
144,264.1280354200941,992.9959065698685,345.7157514495254,1063.4309166341386,346.1908440658113,944.0643875604163,275.08432782672935,1132.3671267787645,267.6622533116136,852.0957575678212,135.27350838999755,1139.4889298998899,127.05951794846314,847.2637630016992,605.9249012801985,1044.2884238058816,588.919451580866,943.4049307257704,805.1335469581991,1072.1839459690427,800.3702688775229,919.423278539519,990.7715976873826,1060.8486244811634,992.5906917363676,925.8311095787794
145,262.68439728199894,993.0118156232702,345.37050849904625,1063.3067950739921,346.08433409692094,947.092146134219,272.6009605020788,1133.2105756839526,267.1551794441531,857.0184263387732,134.55533420233485,1140.0302224926525,127.23729060437185,846.5389546009656,605.3858649126109,1045.88405544665,590.1038856159106,943.5870510440466,803.8522818432672,1070.3567430887217,797.1886748176247,919.9781271256918,992.1129468513558,1063.4089937567448,985.8661712626641,923.2987972710783
146,263.19918519653794,993.2504003000646,345.1660437267685,1062.9164023753215,348.4259850213059,947.2610323399327,270.4571050041208,1136.5279853142508,262.2343768254988,878.8277864140855,131.2372724659576,1140.7385460197006,127.11124070444093,845.2991751867739,605.6865674280531,1045.1272567311778,589.7967648847205,948.576452534134,806.1615045048945,1070.1383760271488,798.5826484620648,920.5392121953355,983.643858702502,1068.3752378622107,986.0948684156638,923.0876151819951
147,262.60200919658524,993.7820802025722,344.7374128582263,1063.3418286258382,346.6635907920966,946.7364762058861,272.674577115261,1135.007655629334,271.7624283829033,857.3621170526038,129.16362591310656,1139.8610012886895,128.7360176463431,843.7223256466409,605.2092193286037,1046.6085920817357,589.9506882170241,945.310837845869,799.7419353331328,1069.372833050147,801.9511013998322,920.6053191892021,983.1645189739172,1068.3673203333085,991.9040226781322,926.2370359713676
148,262.121786829399,994.6516709954839,344.97202998484994,1063.0446327091754,346.1458623114736,947.8273717486447,272.9990130996208,1134.2749767878054,267.9230241316657,858.4912225974124,127.3573361509643,1139.7503603809814,129.72967517391447,844.2466692115173,604.7799435579575,1044.7603569619364,591.1561890541344,947.4883240693463,800.9224932587503,1069.413885134796,795.4444664259415,924.5084389512107,983.1139540951335,1068.4712881835221,990.4727103403237,923.2580931339082
149,262.2042043807447,995.9229610984069,344.4674459886489,1063.0102718445767,344.7490686433988,949.5300239153771,270.5714194269267,1136.1506239129376,259.766637159727,877.42207052776,129.56127335408263,1140.110713557931,126.6131244803281,844.8224915133777,603.894545873833,1047.765988161422,588.9757676738446,945.9918277356487,800.6016360457759,1071.5024397918007,799.3052395050485,924.883908083297,983.1518834465036,1068.3241230490278,990.2341139735108,923.1653702600663
150,261.659980000073,996.0628423753861,341.5668695273728,1062.0132772822665,343.2099813106621,950.2996427044109,258.8298053518228,1134.5427022761585,261.9712808755346,875.8939739958843,125.51373649170556,1140.7189977282903,126.74687302469121,844.6848045421996,589.7808974803036,1045.7154490788312,589.8438474260784,945.976780394611,803.3611061855162,1071.138146685643,798.3331209041362,925.1432357230317,983.5415690586997,1068.0528820971197,990.258471584444,922.9230720133226
151,261.66246719261136,996.9325341554709,341.43038399972903,1061.3578419822004,341.61063447265224,948.7996994792146,261.1642679281445,1136.4372196239553,257.5465184721432,874.4730298156514,127.03726849103315,1140.6025017507807,128.27543432287803,845.3761709691146,590.3465764079199,1046.3444089644277,590.8092317221533,947.1455321077211,804.398983036433,1072.096069470475,793.6231590836503,926.7795979249662,983.2102715302506,1067.9961032573133,990.3191392598443,923.0652024201136
152,261.9525867506803,996.2076100525306,341.80170764848685,1061.6286649851131,340.8439667482215,950.216934461965,262.47726182478766,1134.8951285065841,258.33863773023506,875.6090236778737,130.24401674655076,1140.5793182574853,126.41186345848212,845.4977349723463,590.5000390001949,1046.9677936181174,590.0051600105276,948.0273832143185,805.0095523070296,1071.7671287699188,795.5979337059784,927.3657944095564,983.897832267771,1067.9313611458717,990.1901578345131,926.2269467557729
153,257.19074279031145,1008.0316211439774,350.81578863612697,1060.4572461511527,344.16273342772485,952.8445557896308,265.0596561109446,1151.0777446507182,260.1774002888733,875.4274277193068,122.2991727325479,1156.0785853871523,116.35986476942838,841.5987441646624,590.6614774845356,1053.5535894501832,602.973799786115,946.4344113789264,810.2738242279568,1069.7845136094497,813.2749173545093,922.2968127988526,988.8020985341971,1062.4903680155332,993.1158392699083,926.0918237320384
154,257.71769410767075,1012.129054353309,344.3081424450223,1075.8841603858607,344.44067351064695,955.0817958543092,273.652829987485,1147.8555461538795,260.8729516514256,876.2261657939074,129.61257956892987,1168.672150689657,112.75478834293598,841.3823447132881,612.666606084578,1053.8177234613222,612.3797123763899,956.9788835400786,838.0566515383081,1065.25533593463,807.2241719150419,925.6162505812018,993.8972222138443,1058.28158909043,993.7490152723611,926.421743781141
155,257.0947253719573,1015.9740109482204,349.478848312239,1075.6465013267186,344.3394379435962,959.9752182018048,289.85256190107765,1154.058506255812,284.20852065861453,857.6845737207822,155.05777872430332,1179.9719413179935,139.76094725848174,836.856368357079,588.8878132059917,1065.9520263447646,622.994308124438,965.4389077998715,789.4687077654974,1070.4384840069056,816.9494891817765,927.6355137429108,993.1164610680429,1063.806991857435,992.8979678333812,925.1216217352135
156,263.819954702231,1037.2747401084032,347.6344457063315,1079.907326568671,348.7131352170391,959.1654695823385,283.49247172222954,1172.2144561476082,297.24857513864265,884.0773825326621,152.38517984457226,1176.7299749078688,139.40842220470094,837.7524779107447,586.2410385369944,1063.4810982619376,600.4738672502019,970.1822584574053,818.6531156185234,1072.5902181228762,800.5625675682593,930.7131991642176,994.336170846371,1060.7694537354078,986.9977060809091,926.2242885480289
157,267.25874834469914,1040.7044547905737,348.14513316855164,1079.6500627123899,347.5916437612863,966.581625843819,313.47558446916395,1166.1810609928218,280.3717777167867,860.586307029528,192.13794068335244,1192.075951412966,141.32674277991404,843.9235721450794,607.3555807701478,1073.2483955063776,605.5005275691594,965.8644349534752,829.3440093795716,1071.8420250953602,805.215906582201,934.6274545909201,1000.3960601003024,1064.9413564711438,986.495361495545,928.1923139629603
158,261.1831080432986,1042.0528779040358,352.03996551672407,1080.7533219314341,343.9181668612675,969.0359589004237,305.3652875724167,1195.1958860499644,285.7364846019968,864.1602943751149,181.32336769054396,1191.471398638768,128.74429690357303,847.4900119397503,605.996699125466,1070.6756096250604,594.8998491165696,973.2123358261928,819.8155305661522,1077.7618403718543,803.3040457429129,938.0670753495822,999.4580168407822,1065.116311661204,990.828868242172,925.6868961959268
159,264.1933031292978,1066.177759331697,350.0967931065355,1101.2207385531951,342.40433250199055,982.4366268071071,308.53640716314624,1227.1613802268696,310.40613439830287,867.2648516338946,187.1168521042763,1210.898445572247,176.31319757865836,852.5561958441921,603.8057633463211,1080.5946615809119,597.412201542848,988.3818750430521,838.8434414807779,1084.329132595805,801.2125110254176,948.9035105932994,999.2968890880886,1063.1478574081523,991.3574473848578,933.5506148271751
160,263.07508473588524,1069.28321630967,359.72200321748136,1102.955301972893,347.4787075404848,988.2546550854439,314.24303538467547,1231.7171391382715,308.03341432727666,855.0107542510247,215.19250782940568,1214.0925287587254,185.08150557082712,852.0147754408524,605.4056031527227,1085.145851096014,599.9625918087011,989.6278546156033,827.8257547956449,1087.465754837608,804.8905866198793,957.6259797465531,1000.0402295046881,1062.4021958709202,999.9436703149921,937.9594568256769
161,263.39949058463264,1072.326458798534,352.3024400033938,1105.247245300876,351.0042540769738,987.8743917113451,328.0406094217486,1251.8731725329778,315.4895420843355,857.6884342203414,219.42561309576342,1223.2754953848273,213.7980319247599,848.2119533474353,621.1533262453711,1080.8152264798941,598.8150176456287,1001.9849323438075,836.4429645017467,1093.8437824683713,803.9149957267454,967.2507283409058,996.9503253892121,1062.1859802313363,999.6402917571743,940.2462873942357
162,262.4193110422598,1091.488572568424,356.974720254211,1123.7709065590775,352.65156576010276,1010.872468184584,341.30222527661465,1263.1033417129238,357.3088595709038,884.7686157675022,255.25605924727856,1240.398528626699,258.38939547693775,869.8058247899064,608.9742463772876,1085.9060571405662,589.9265716909897,1012.1258281452704,839.089807478132,1093.1474704448133,821.9661886763355,990.5422868245145,999.606909534866,1062.6778795857538,996.1850964728504,961.5235047687248
163,263.42139381736087,1101.2693492880996,354.7585285717551,1129.2673677560779,351.4706689762666,1018.0490710996338,366.03212453298977,1255.0503309083108,394.0846521801694,932.1299054147916,269.1871179746868,1254.8208705613406,365.09271378634963,912.479158355242,599.2690789529033,1101.5694290149922,620.057014098248,1023.4190594002572,821.3441695472509,1110.5964129221607,818.2681633065054,1018.3214697462947,1004.4928941367041,1066.3623585024798,1029.1895092789312,987.522229510664
164,260.26891477706374,1108.547049024191,359.0074342745023,1135.0317176521744,350.01457511991146,1019.4660329713619,387.33802187737314,1278.1379756885449,396.32426392117463,924.2595250776461,291.66798610216,1257.6730665084986,340.6415552156644,889.0609725514902,610.3584261151376,1124.6377821340009,608.2099612078524,1031.5365109524248,769.9668587633785,1112.6953030823786,809.3509337821458,1041.2799740468292,1006.4174236525794,1061.3636236029631,1017.8537562733663,1025.0915543039787
165,255.62347263291534,1128.8754908781032,357.33814100605304,1151.11787105465,349.87491798648904,1034.8491808283777,422.4711574162556,1236.1140611187489,429.1930714943319,962.334220712453,311.8080069215772,1274.8403121197075,462.3075613212833,928.9361696712766,599.8411051101585,1124.896821884615,594.5125944437689,1036.7627083177867,811.1711991437854,1118.1491949906865,814.9838865004838,1066.6136421691313,985.9365238541899,1089.2352922763307,1020.9881613127432,1070.3662844846392
166,256.4061601140254,1144.9238446282604,360.32132587755297,1158.0291940883887,353.29449699510985,1023.9318179453585,434.5196471195692,1272.8779710801887,458.44376262669755,967.5049338246163,345.62485306718725,1299.5755448856396,520.830471128109,907.2206454308572,613.7939967538662,1137.954580067362,598.4608538842169,1045.2624742674707,827.3485014559543,1121.0655801003686,805.1291595478826,1089.639188498806,1023.5435172578293,1077.6285218316611,1024.5156813970002,1079.2612171943883
167,247.69359321060972,1146.2746810072229,352.55020563252106,1169.4940746119582,351.97950410284824,1039.7809900736477,456.9469689516779,1203.288081811685,447.698556121211,987.0146059236661,465.5394403336107,1193.0512002668866,497.50972683315,955.9553710578734,600.4942442815852,1157.9518189104406,576.401863569401,1049.0327100452478,808.080869111655,1142.379171692388,813.9657367562442,1106.623556682242,1037.1352389450965,1074.233006485064,1032.3726255220927,1071.3977225679935
168,248.10639685555148,1168.6992034799996,361.7490021863126,1190.5620189837723,346.5841941684678,1049.8089003160017,445.927172438841,1285.3513167449257,468.524242817813,1002.1725690338561,395.0550530511784,1340.818367985397,550.5135436733925,982.535930243947,604.2292681472044,1167.7451940532296,590.2612939643611,1062.2862585601695,785.2892689184032,1153.90477636647,802.5408412700201,1131.6846250243962,1005.9786752544546,1143.7127573432335,1007.1423716352881,1144.9890791467672
169,251.4909556876233,1179.6447771844578,358.81159163575484,1201.0497382035771,349.3547217340556,1066.5399882970357,451.86836153385076,1300.5401481275258,472.0708565749179,1015.297742587166,410.31612292067746,1337.4924609697891,577.4014785726916,996.6600477231242,589.208926236831,1188.8790772470984,592.0124288591203,1077.5193097116667,794.8308002189169,1161.4207943952058,797.9144662626387,1116.8156026129684,1022.1580994485723,1092.217074022146,991.7755117031935,1088.9307492695514
170,225.69624361663242,1220.5741942866073,341.28387302354037,1212.6805622624966,329.5745629855033,1083.2239020667823,442.3714407336727,1312.4305642132897,473.70544341202674,1047.6286752043534,441.91035247128093,1390.6688843221896,608.1087916043086,1024.4009567585874,610.758597246227,1189.1224393487241,605.9482701919168,1103.7820463720093,767.2779263817597,1176.625334370408,768.5682676734477,1166.4516353116678,1005.5187030142398,1178.9085394910467,1005.2866567901889,1170.0114427464225
171,206.70171299898422,1248.9521371363544,323.3634110389977,1241.2023777790057,309.48149746819183,1119.2776325570583,462.7545447777399,1311.9868859396886,456.1998943978695,1055.1051822749243,443.1399758615481,1395.388365219307,602.1951303866501,1042.2583522418245,639.9386816434029,1232.3370365812707,590.8891299363075,1127.8611151073717,807.9206115247679,1224.2255584918603,798.8426504891622,1196.403548242764,1022.0237488616427,1260.0660336709566,1003.8244956305494,1216.3107203386182
172,203.56667569771852,1265.3248386256928,313.4990607808563,1241.614661066082,306.9260216503366,1136.9749550465535,435.316040277171,1335.0619444051795,453.37676009834195,1082.3848114181844,448.1687542955029,1328.2338526807753,591.1164100458469,1051.2212973320686,582.6783140304029,1229.3940002755328,569.7515158783475,1147.7529169512882,768.4472537691788,1230.176661797607,826.2109731666753,1177.299116752675,1012.1384289050752,1267.1555034068472,1003.6230671886349,1117.8538361828964
173,182.56791574282204,1289.852597743251,295.1896565292219,1262.1942048980243,287.07880513720767,1147.3144970739002,423.00771496230817,1371.1708561030493,434.6872553682761,1102.7399677217752,447.0355709755529,1477.8952145208602,584.0692613896839,1070.4718042243326,589.4550029323067,1256.996727242004,563.9349311783967,1168.6317837369697,784.0026611779539,1262.3547950200875,825.3391860644435,1229.43081510321,1033.9280142120638,1286.1691497197316,1047.4196635669166,1229.4784951753077
174,154.553413880972,1354.5934849570203,256.98707828596133,1277.3236622134175,268.75821454627305,1233.9812012615666,401.6233541937581,1300.9461821500736,410.7031003458447,1170.225032719508,429.561738688862,1327.2555417545047,540.7128425072322,1107.6594506459232,567.2412113343476,1255.1610000688834,547.3185901617043,1203.7469217831558,874.1340945259957,1261.889001312368,802.0784893209509,1249.0485735801456,1067.3223336248311,1307.231923817362,1014.8648717530526,1290.0927884608486
176,137.7144863763618,1401.8341876162403,251.98638013187403,1330.8344097824154,237.46533977969878,1237.1872300281848,415.46063491364913,1421.8846696549529,384.57683300320906,1162.9761482143474,505.8192248152198,1487.5474297763844,526.3998818614548,1136.7725569075474,578.9614451970173,1332.1246208118043,525.5089720389933,1221.146176385144,799.6020578749003,1399.4851260777348,758.7029972746096,1258.9893264265993,1042.8597643719538,1474.7032920058207,976.141663639381,1284.6229757271121
177,142.9853687112756,1414.7445553142652,244.22139583235443,1272.8222799756613,235.81838034839404,1248.773772767324,365.73588074881326,1180.5549176487302,380.4363110347594,1164.1938446515803,518.5013410483907,1154.8855785899616,519.1810069251587,1155.4662260774478,496.9982521617676,1245.9036759398248,541.8667334294908,1231.9044663921864,712.657702263682,1265.138332891079,765.0794268987578,1263.514828538299,954.6756919493755,1279.5425466611753,1015.3696898025096,1290.6024099289714
178,138.04477871471946,1429.635297451538,237.13994749190746,1271.6717479966478,230.52190115919967,1246.2558922918295,353.51376705888964,1179.8651226192253,385.77304537491614,1176.890898514635,504.23520126640403,1161.177896447781,528.2569112889323,1149.681610847378,485.70661735782693,1253.7579009359501,506.7562401155191,1248.5134865272405,692.9006006069703,1287.1472476143597,677.324066459745,1269.527341799207,942.4176378584962,1302.3462420820226,942.0964016064866,1290.6544194161936
179,133.97941487973316,1442.5443934343214,241.7456990255646,1354.9979447863018,226.38016539525302,1250.3656440863797,371.83022438317187,1444.6674808275166,369.57181270782905,1182.1752281665451,441.82885238191085,1546.9173725697156,518.0777308565742,1167.2526524506625,503.52896314603606,1354.275104744657,499.1984582412382,1250.898885958165,676.8697392894015,1386.3204059138359,644.1779801129364,1273.3730810026664,906.8411947381821,1454.5825921814728,896.3502755431731,1306.0797824341091
180,123.09936565602554,1470.1963651434278,236.1361771225154,1368.2354837231212,217.91502802517695,1266.4689688924304,369.7969953787497,1438.864123185359,364.2216198032017,1203.168945536729,435.4360181860558,1521.8437579377096,510.86825848245803,1185.6269014626196,495.63531585415564,1355.0481016508015,475.1183668317658,1283.2271089911198,754.3065208266398,1361.2599248276485,734.8244997180794,1311.5414395076575,1018.9878062433012,1331.9489016802675,1019.7143209430113,1326.319072984055
181,115.88820058130628,1481.4103942019024,233.04432356776124,1399.2512206134334,214.43514564722503,1290.958610271199,392.62178450784074,1517.9190617322397,353.7653619198247,1227.9308759141372,542.5355113095208,1650.8979887054916,472.060520980696,1188.156227038942,534.8325049148579,1358.0134628486494,512.011381950428,1289.9584191831748,740.1174935562867,1356.0020287574696,641.5557800312811,1306.875787548595,999.0172707863994,1341.928506440577,892.895306610782,1333.6696528337354
182,106.68341340262185,1499.1585287953194,222.57617082335392,1410.1281563382568,199.78539073730784,1308.1097255149018,396.8134372349058,1467.2035664622176,356.1685906151026,1222.375259567586,472.0405188656287,1525.25618396902,461.6552083544985,1204.9452764439636,540.6155614859106,1400.918531789226,546.3102344914747,1286.7587609014295,714.7051392048015,1398.2182044057965,686.2070284026187,1310.9421246127117,938.6724978026549,1384.9051264329137,889.7721629148962,1321.18916037151
184,112.08675671693406,1522.6856805155332,204.91353842309917,1448.2352320259763,182.25662608450503,1330.2427961474216,391.95373222638784,1543.0061765246144,357.8160770847831,1231.3980586873881,519.4658149141329,1649.387756560674,509.7568932621314,1222.7544156984754,562.1574876429355,1416.6568813842505,533.3632675786012,1315.5390059045797,794.6117089597703,1391.6891975038461,796.7245127227743,1342.4801974328102,1019.7983095642803,1359.8753609191313,1036.0530784815278,1338.8951726348675
185,103.961617131227,1541.4129860658668,205.1785389437632,1463.5262540190822,181.39203938458147,1342.8067453848275,379.7306391290632,1560.6580495729245,359.90276574468425,1256.6271865026292,478.9701373989467,1697.6665527657672,506.4352549936123,1239.5825939753054,556.2823620884254,1426.4386156742228,513.6133442247487,1335.883089691992,813.2037226400387,1408.0796528072765,800.4936795674932,1353.272305277671,1056.0897896320635,1366.7100597776796,1046.6816665292251,1329.830325348775
186,102.8169634438305,1547.8489919377987,183.27777063893092,1390.01232676958,179.2034693347152,1331.39896085208,331.5516824933115,1305.4185890573337,365.3091102520728,1251.476242659637,468.8340603514672,1243.5566822419178,509.0332374275118,1224.9959145461173,536.9870525280737,1337.1626400579696,538.5257163717471,1333.0390130799103,804.7898713944016,1356.4330907817452,807.8763407197513,1354.0187795682484,1043.483792541861,1330.036527197822,1047.4455413520723,1328.2331473681963
187,98.87778553758082,1555.698982704045,187.1593888559329,1400.0652555960405,191.3812890319427,1355.534830310606,353.18213937806524,1332.8222261606816,345.5304904287906,1270.995911227527,447.04653632036263,1302.159657474829,505.7058774107299,1231.884238013969,507.64621506431786,1356.5641887813347,512.4729038307973,1334.3008510861478,740.9403561615665,1376.2354873191953,758.4096505272993,1350.8171387615666,1021.1276945553147,1365.6179062887468,1022.1513276416396,1330.0341882642624
188,96.15954392908142,1560.639975475617,188.2055519957226,1406.157946786313,183.6245444785169,1381.3501236668237,351.0563706049528,1342.2488697060412,356.8305906610774,1282.8195506592695,443.20858661468066,1297.1291340667478,501.31211249819034,1234.3529080538783,535.5931599149468,1378.6377898250585,535.4931933920157,1348.7292699092106,731.8263518453729,1396.827401491231,750.5798867154958,1356.8887378431962,1009.6807317646953,1366.4122160631975,1016.1095070311865,1346.7590204220674
189,91.4104421427098,1564.1098432800159,200.70625736747513,1433.246828145091,179.91889814716632,1382.0581431392359,342.2930781831977,1362.5022826520596,350.0868490241439,1269.1730781235651,425.9545977217943,1352.7425047056715,498.4633729733788,1235.243958326756,508.6022131216696,1397.7578539151116,565.9524729223958,1351.29426304511,666.8754777548681,1402.7854531517282,756.2161355582883,1365.984098391004,941.5764631809586,1389.1562178903955,1022.2108863265058,1325.1237195174017
190,99.34999518028626,1571.8568701817655,178.5930169233265,1439.487297624284,174.24443600856745,1362.6444981537875,361.5828843110559,1465.0216915850951,356.0307041163252,1276.5887601405361,413.0930124488701,1507.9323223038336,493.7533187370151,1241.1059547889593,545.0509067629652,1436.042066990322,486.3168320327183,1370.2685369734027,697.8576637337515,1421.346020344686,701.9714721560633,1370.1373172174212,967.4681241118551,1393.5965833586863,982.572910026084,1351.4634869398221
191,101.6326646842014,1576.730316745105,167.04311355967823,1453.726444959115,145.25305144033445,1365.665622685956,363.47510275822157,1457.4056567346936,356.4596915896134,1273.198886621883,412.1570297955536,1510.741838431376,499.40559604233044,1239.7543606278127,544.4400441724085,1398.7445559000637,537.9843240689548,1355.420170348852,732.1771397485224,1406.1435539699671,759.0882121012951,1367.6808174351925,1018.9228151120507,1373.3915097182678,1036.1502678403617,1323.993944648782
192,86.63777296812853,1577.7985804191328,181.78544339650009,1395.8477366137033,176.45919457523658,1353.6086105582121,333.44399168215426,1292.4036770161244,331.7066227351115,1298.2432413766878,506.3781540353524,1245.9225286726214,504.9446458159249,1242.6629086788046,469.3718052406459,1373.5968528820433,477.45842023385666,1357.1172974619421,761.254783154154,1368.4121065048678,780.6721252024715,1382.1001605300848,1058.9958934015042,1331.5082207328692,1077.3420751544372,1339.1691917851076
193,84.06837148381148,1581.4528250711794,182.49810207649696,1423.4493321202242,171.37919288307853,1364.7427105816037,341.7413209039616,1317.0428910770459,343.5013384378778,1293.3419358073395,499.6391493818384,1255.728528136983,502.9035661496483,1249.5574076678454,492.9520996122273,1402.8368501572115,492.71408511386267,1373.8262674862808,784.5073523229988,1391.306266252124,769.5700176174525,1394.1914588541429,1074.6489465562202,1343.2286743343448,1057.4381581518521,1342.5722762086127
194,90.8757992962712,1582.9263892023114,189.7515484198482,1413.6272695570813,172.17936303742684,1362.2189279482,357.1301927244089,1310.9531718190326,346.52788276325117,1294.599470801427,499.1533525960498,1263.1873794376281,494.2816107542834,1259.770744149953,534.8952469249075,1379.8628827949206,493.5012732649655,1376.5939530618573,759.5358263965701,1400.5268402155668,750.4421241075692,1383.2111062099618,1043.5522090877141,1349.7188241301349,1040.453145755128,1355.382566206776
195,93.43335288088714,1583.2745801938272,185.6741243965139,1393.3642560186674,173.56225682173036,1365.095777210289,343.24624382782974,1291.075811224944,344.11396463143655,1297.6937917783628,497.87750519453624,1267.9327302886493,499.5747502479503,1264.1312603386425,508.9427743373518,1380.8372507648903,510.67343442740764,1368.1219092263273,737.7743743579006,1406.2907157410252,741.3350389279686,1378.4112264057192,1044.4884783641878,1359.746087920044,1045.5099657949143,1352.297208114725
196,93.59492597096298,1580.4133212154707,187.08042819416258,1397.2175753983745,174.25682241491904,1364.1456427984078,349.9435936986082,1297.7533636156204,349.2953030123667,1296.1084387987348,498.7441913421194,1275.18622135608,502.95678831976005,1267.5136764044275,505.8370617493231,1381.6665634839173,489.59426939409946,1370.1882672222287,712.6426679415262,1403.3284425980726,742.2152948069479,1387.196702810003,1033.2381712041688,1353.5944881621397,1046.5610155916647,1349.1416349277877
