FrameNo,head_x,head_y,leftShoulder_x,leftShoulder_y,rightShoulder_x,rightShoulder_y,leftElbow_x,leftElbow_y,rightElbow_x,rightElbow_y,leftWrist_x,leftWrist_y,rightWrist_x,rightWrist_y,leftHip_x,leftHip_y,rightHip_x,rightHip_y,leftKnee_x,leftKnee_y,rightKnee_x,rightKnee_y,leftAnkle_x,leftAnkle_y,rightAnkle_x,rightAnkle_y
0,276.74283656404293,1023.9066809682965,378.2007990763928,1087.751632791333,377.0109580428144,960.353000705335,419.2218392599078,1148.8927148598946,419.8778727894796,886.503033550411,422.5721974366663,1207.3022339853796,423.2513650713103,821.8058555989824,573.3628933265398,1068.5769350611051,589.0286014293973,971.9113405271106,803.5253837793794,1081.9772180225114,794.8326646088003,936.598373065531,995.4019368671471,1076.2658350578045,994.0858349843514,931.7485751587184
1,277.4706758913355,1022.8591131901234,375.25440610431724,1087.0949205206564,373.4255755738257,959.2043953025981,406.4233478303073,1150.9407037851306,404.3102922675203,880.9268921705662,397.40212503738303,1215.9430002272786,394.4084358959421,814.2016005113142,573.0749442022395,1065.328898993947,585.1592048773995,976.6077870993296,801.7128204524284,1080.500492429488,799.0711125843856,937.1686046636779,989.0393293601483,1077.7533685486603,985.2247699122435,934.6299556421061
2,277.5494115405337,1023.3039747205927,373.28521862451674,1088.66811030582,373.92520125727657,960.8264420261986,390.96919105638915,1157.0273380994272,381.80715727093,857.1701549835542,356.67236228913106,1221.114090716988,357.51302667029967,812.733241297759,578.0911374185113,1062.0162615751537,602.9053236387175,970.5967226070486,802.2896636198958,1079.7912167136412,806.7448964757633,932.9300857308506,989.3632724598262,1078.4912354905846,982.6817056137501,935.4386279619765
3,277.93588402677415,1021.7016955844451,370.65098974577626,1083.2430372861797,372.92653519093443,960.2438773800573,379.28698030032785,1173.8296783855083,367.1618764949248,862.3951764916078,319.9459147360297,1225.9199782910373,325.53783074467015,806.1955056060859,588.5204694671036,1061.6057250886872,604.8499921146388,970.8029631461229,812.828499108204,1079.4774632730703,813.0212846564998,933.0410535645608,997.3631598394466,1075.4710866912685,989.9100409558597,933.0351890771377
4,277.84826172033735,1021.6133381144954,369.05422552974386,1083.8520987466536,368.47480878098264,962.0904502896682,354.2552772392997,1176.444261426176,360.51035753307167,854.8793777589146,287.98998952997056,1220.473300953458,292.6345792129849,797.6995585019058,586.617248842713,1059.9342375341187,632.3988706392802,972.5228905940564,803.5367844163674,1079.4446791873795,818.7853654184329,931.9011258273157,989.8669014919564,1077.9640700027053,989.5529968995886,932.7990919977843
5,277.57404505973983,1022.13988405742,367.4231214486111,1082.455706599878,367.6554536261391,960.4847054688219,329.7855109325156,1166.0147148541544,319.7600222067963,854.1817607220967,232.4719906969405,1220.2659134090518,243.87231226550276,801.9830802115862,586.0714487043562,1061.3046267871732,633.7399911074397,968.4982248232,803.288378572898,1078.7242822696146,818.4106484997257,932.0425811924539,989.3661494062842,1078.1336541214382,989.0897844113671,932.6562751136573
6,277.3056492600856,1021.9284127128204,361.1190630834651,1077.9039882685138,365.36164666958376,962.6109595372343,304.06563705523706,1161.9718079913812,309.6783633783983,872.3976228308976,193.28960257481845,1209.021597027691,194.65726247224447,819.7515952105387,586.5359844807995,1060.2669885454593,624.2145178190908,969.0812711134105,798.2161324479955,1079.1961562291915,816.0392369839552,932.2535493669924,989.5344266655851,1077.9455875842384,989.6558664865083,932.5155543229932
7,277.1677567341858,1021.7747386565198,359.8609029425136,1076.4459988652216,365.5081606593336,963.8227874509208,294.67089272289496,1162.1388490159752,305.68223921003204,874.5618850741643,180.02271332263325,1204.3369048242619,179.1723623929935,825.51820865718,586.88782512134,1060.2497040148082,603.6957204791441,970.1602192051179,797.8629752160358,1079.260185292151,803.9058629620059,933.8995007046175,989.6051127578874,1078.0385445532424,985.0352072002673,932.4450271012239
8,276.51212367341793,1020.7725580959615,357.69301128015405,1077.640888514018,363.8439345266791,963.5316820445962,293.25504531165865,1157.822749062902,287.03672778621916,873.2767456861912,164.07300921813408,1196.1252891658248,162.3940805898996,832.4831155500896,580.3339348285808,1057.9304276802013,604.1440848163262,970.5279665708017,800.5111066572688,1079.8277126875632,805.5881841905094,933.2056964591179,989.6485428630298,1078.026335952389,985.6123517238582,932.3359764261688
9,275.98924535148626,1020.6733004018545,360.47307509284644,1070.808409523386,361.6248796262108,964.0289190041502,282.96011608505745,1157.0417800219423,280.9423426316835,873.8880865474032,155.06903521261228,1192.5164377855783,151.24157688552597,839.7021852110696,585.9669008986692,1059.7319870499634,604.402353710874,971.4264123988099,801.7028415466625,1080.019202530165,801.8937144880952,934.3392538481298,989.6582773354955,1078.0182021545365,985.3423182210934,932.2357783152898
10,276.6045529448629,1019.9850848420065,358.7204749376473,1070.532270062942,365.9559068816226,965.7462290049826,282.6269688996909,1148.9020961562471,279.08032341648294,875.7452643714698,150.12721484597233,1187.6207276287541,151.15940376748034,839.9215384321473,585.8659439186125,1058.6085530995097,603.8294208065275,970.6459390968195,800.1271869922335,1079.9279054169442,802.493364956661,934.2770544944837,989.7995771946305,1077.9770538756113,984.5149911922657,932.0371041728854
11,277.1758672319866,1020.4389805622087,358.70819032269736,1068.8523332202024,364.9032163682002,965.8411391214096,281.8697962370278,1139.7486665544925,278.76995875404464,878.195697187414,150.4705545651122,1181.6431076644012,127.13238451973824,851.6081615618973,584.7028941140838,1057.3696752544015,603.2571254378022,971.5716677742089,802.8744793310276,1080.7915389756786,802.8586949669648,933.3717129810342,999.0104494231264,1075.3890679532515,984.7177586598885,932.2125167902738
12,278.5754186434305,1020.4906052723254,359.94084732275167,1071.24112635829,354.87643683375245,961.4310344889443,285.7346255695556,1149.2307839263983,258.2226678577914,884.4103950091271,126.09193710108882,1167.4282493843566,127.56059148066684,871.5528144247825,585.5621742675146,1055.8246942726153,591.1578029835953,965.7071082054212,805.2432121257012,1079.4551438465442,810.0748895916734,929.8958411066083,996.2202814744569,1074.6103974846162,1003.4732590416162,935.9191150090696
13,277.71008257128017,1018.4847326229637,360.37027314363434,1070.007840394098,353.970765918687,962.0045232387434,290.0932530277882,1152.7164057297887,254.71163329284428,884.6461907245937,131.59651072964712,1167.9230081640912,126.17330861184624,874.5284585721523,586.528263067238,1057.7174256357703,588.3179527947434,963.0100790075658,803.5475401512513,1081.5567866429785,813.8989924020358,928.9548175708062,994.9065884316076,1074.6714882496785,1005.1841113285218,935.1009470360145
14,274.3183625969062,1017.4987022741852,357.14340200039743,1070.0493788316267,349.64396468064564,965.0765170532496,292.67449010643134,1153.327119646486,254.38642851552973,880.4567564348366,149.29068239209556,1168.594794010608,108.56981701596659,876.8403373230564,587.4954407670873,1055.306030878856,580.2054362427274,962.7268924755178,802.4636900843507,1081.9361687967832,811.7738290198912,929.2789061782468,997.0197712336467,1075.7190297930492,989.1282939988397,936.2876070290257
15,274.60482436131747,1017.3331795047085,357.41442428608707,1071.0409319427065,353.77047358935766,964.6145652305721,292.7567764004433,1153.4002030797956,258.66681053052486,881.9702569988176,132.5371704299986,1159.8678178527966,117.5732597976109,877.8604762787157,588.19621965386,1056.2214973444102,592.8932753961014,960.9661484044935,802.8203410383009,1081.8374519432232,820.4952506870225,929.1286466824142,997.0674015734688,1075.7051751265012,988.0447729123739,936.058629671499
16,275.35266201579833,1017.3504877475849,358.0607799311763,1070.8629388970369,354.0977480135596,965.6560539340903,294.6317753587184,1150.2061562184285,261.4591710124121,881.2532692600225,128.15411303536322,1158.1306635781652,116.20873768710965,878.735718401279,588.1543311527088,1054.790533487627,592.3105959650444,961.0272754946674,802.2213569016078,1082.00775482828,820.3162585433345,928.8715604155665,997.1559962556637,1075.7199332120224,988.6121034598939,935.5200480083436
17,273.3491979556834,1015.7524129776812,355.70549297704804,1070.5479120595064,353.47815547094854,964.1888517426008,292.22312694098144,1152.5119222603153,258.00298326192194,898.458795484421,129.2470526726255,1154.2412652906296,111.61641491715092,879.2131495142929,588.0721935277177,1054.854268586259,592.0267198361718,960.939596093463,803.2584666337706,1081.3423204947535,817.6198726202638,929.3392771679545,997.3044456214061,1075.8206210392175,1008.1092359247691,934.153103796898
18,273.0841585935635,1015.2142806827453,351.61675838872264,1077.5166337617964,348.1799043077486,961.4223642230122,273.6393305725177,1137.0513561733676,290.7654941593562,879.4646153951024,118.06690657557374,1154.5887701411532,125.05329246173754,879.6412503272624,580.6854968821274,1059.2074887670199,591.2401401733081,960.6013810538266,804.126547725365,1080.5234623445824,815.8416076382363,929.9356574647835,997.3126398292412,1075.8014104368056,1007.5401329219108,933.5116938157261
19,273.64925891742286,1014.7482591022209,353.80125343412044,1069.7268441317276,352.1391324414078,963.9226263468096,276.63601184542375,1158.8759337795912,259.4876697872643,898.9438016444424,121.39973654083529,1159.0837066897043,109.67672350502758,876.4978123762256,586.7067449145571,1054.6457550474863,590.3956398635288,959.8052220621327,804.7220655969587,1080.456559561702,816.6533860304576,930.6962427367716,997.4642299954695,1075.8083976392445,1007.2436487225159,933.5889734720852
20,273.14483899288894,1013.7243550319519,353.6105599670013,1067.057542429524,350.32255036313137,962.0491479653633,277.5485235444901,1159.1263362259483,262.03466477412707,876.5225437228773,120.76758247048089,1157.4258743499151,119.77363095326913,875.0153664190221,586.7895187358087,1053.0557578351024,590.0991402614876,959.5117609050676,803.9849799941203,1080.5298905439188,817.8647867507834,930.1116482568611,997.4269113925095,1075.8332184533,1007.3794297465112,933.5133022109347
21,272.6947147359463,1013.7016558734746,351.26277745002574,1076.2398760569263,351.33358073637606,962.8700665565732,269.98562598259457,1139.2552195148903,253.20869931939052,896.436919605443,119.83588443155871,1158.0150542024478,112.25902135722504,874.2226576402204,582.0183176678086,1054.055428263197,582.3174176383545,961.0447182749932,802.3929303272182,1080.8927272821857,819.2743485429662,928.634179848945,997.3472931047099,1075.7457576754512,1007.2795683633831,933.4521307234025
22,273.56351774287623,1012.5031895465837,355.19517685254,1065.4084234076506,352.2482702356941,961.6523997175791,276.95138035887084,1139.1241020073705,254.94019517042855,875.9477486144438,145.2341195789828,1164.175464817919,113.84840569663574,873.346988361255,591.6007000510186,1045.565490274198,590.0021598428991,960.5465234087987,802.6191235456727,1080.9878910017048,817.7992330881026,929.2622477512515,997.7624975534346,1075.8791925905384,1006.9429261166655,933.5008278986184
23,272.52008421988415,1012.5496063120308,354.33654796317586,1066.4420652144277,351.50845099797635,960.0099604800728,272.4560149035311,1140.04686813859,254.3417929858938,875.4418339893978,111.439252339972,1154.9944274588424,112.84112620260687,873.1501089484267,590.8904384915633,1043.1454017072983,588.1244674305611,959.7718715737797,802.754638706599,1080.6008240687856,811.2801654999215,929.66833289803,997.4468598285173,1076.1255932204606,988.6147105252013,934.9848371809849
24,277.70122738901443,1010.9780918544571,351.9061767915445,1076.808364049728,343.8591995040834,953.6983782048615,273.97616903555564,1134.721073372061,261.5150491344913,872.6732443221609,112.02951924853578,1157.545818522255,110.81526569024173,873.9814124853624,571.8900420606833,1057.9359373251013,604.4334750925766,961.389067549639,817.5270227896066,1080.670898067522,822.8130114373056,928.2711439952528,1006.6351946370654,1076.989827488907,975.2667317185817,929.1951091914909
25,276.8975032414509,1010.8209447138981,352.8940516299482,1077.049027330117,344.9018702612431,954.2763019816829,273.2192923715738,1137.9047527775706,260.92308659547325,878.3370301234731,113.26747011301265,1159.2721115885895,107.5484179830365,874.2962321352206,573.8768983848383,1062.2923700919841,603.554637596418,966.9269377339158,818.2563729155978,1082.304677213491,812.857948298262,930.0211035443264,1006.372645146205,1076.7720571009224,1000.316998986491,931.8037738561806
26,276.458087841773,1010.0989716899124,350.96104630568243,1076.5626461973618,345.9984074209384,955.1642545297863,270.42190393018785,1140.547059540535,256.215810192887,876.5301060729129,113.91413481554842,1157.9841253881855,109.21575846380622,874.3037527786469,573.5102879458502,1061.3106972850658,603.5000800838395,967.4137170975214,816.2624702155977,1083.0992795648513,816.6077767857029,931.0363110297748,1006.4162359746131,1076.7144959258474,1000.7763413924079,932.2656113220261
27,272.6592022606858,1009.4050978212827,348.47547707229035,1071.9133507968922,344.00461253946247,957.0105785451157,266.57574528370475,1154.5684818937707,247.01669085320322,896.5269359221448,106.89995184056315,1159.8440127964848,107.73014242224326,873.8757413910383,575.2445174317676,1059.7621220932735,587.5958633422852,967.4750241315339,811.1700335652682,1084.5641527869614,818.2500109529929,932.1157655288506,1006.9668551322231,1076.7826169453326,1001.8657437784618,930.9297614059057
28,272.90062400857556,1009.2930900130879,346.70259096222514,1072.2274042559757,343.7869289482523,956.225373592559,267.44145168904674,1138.9582738378836,248.03848365813454,897.1904678961357,112.51249935909117,1157.276447640895,107.40338130797149,872.6636316213952,584.7519990898697,1060.543769749537,584.6921778903361,964.0284333239576,815.0388947078868,1083.425447795428,821.3219696461612,931.4985547987177,1006.9038007163257,1076.433265568315,978.7225203396284,930.77578800378
29,273.1498769975918,1009.1788354294866,343.6052138845694,1071.2600880664206,344.1755002124722,957.0339335736592,264.6427935338609,1153.945682477986,248.54867823567284,897.0638318310583,107.3510223557332,1159.0301177328251,107.62073809520786,872.89558360193,582.4335699986729,1059.5734491285202,583.2389060666563,964.4923594837063,829.9022685845899,1078.3724772658618,823.6723679342876,932.0002691645907,1006.7290114860385,1075.8266180460284,977.200529944292,936.1342296278013
30,273.1366387579314,1008.1889008039241,353.1084604846175,1060.1145267977074,346.0045791943454,956.9033192362004,268.57101747986553,1138.8004197030275,251.48174122189047,896.4311708202265,117.09390533606003,1157.3511912663312,106.47294896476755,872.6565509154287,586.0438418047326,1056.999137592526,584.655882558835,964.9433074883904,830.8359304190611,1078.1683139955185,827.4615488436814,932.2744147800331,1007.6228551777813,1075.8050638012462,984.9938658279002,936.1887576560779
31,273.0494068750944,1008.1911072180957,352.2358905261452,1060.0301745076288,345.6690198206312,956.5842206227613,266.60902303589023,1139.194639992136,250.05204884066538,896.7823539246189,115.45414228898186,1158.3785542103406,106.74462485840478,873.4367604924861,577.7981556469504,1053.2759835315399,585.199277205647,964.7126349590002,825.9268140978868,1078.8291232678753,827.2559770899104,933.3079637559699,999.5851650163628,1075.4269462994669,987.7957079779496,931.9289791154827
32,272.7090124098005,1007.91491932417,345.9157728931838,1069.6985266893598,344.70310111969746,955.7148147347568,283.87627352353655,1155.8674234786865,245.56529547365184,895.9504268066048,119.8437960343181,1165.1416885633842,105.71741835813683,874.062587000884,591.9460474716205,1055.610539242242,603.519077573858,963.3005493971287,843.4092104233442,1079.7727864284361,838.8806971337922,930.3980774777853,996.3268731443407,1073.9280961910476,1011.9025755486655,933.4351830408908
33,272.529266875804,1007.8748312003468,352.5611964251812,1059.7426222353452,345.446561409066,956.3917769096425,266.83539371961734,1138.4466131183701,248.21704720644706,896.5028308473205,114.65181174606897,1158.011207776767,107.51102839396741,874.4091554707592,590.578054073418,1056.3561363696701,588.3225293897373,966.408373225182,841.2361796345605,1078.5035843467292,829.6510122470335,930.9047751107871,1007.243666134203,1076.1188636572374,1003.2727005143779,932.8983308566484
34,272.75516677429835,1008.3786167702546,347.4049717242138,1068.134083520131,344.3284846530314,955.7985696785596,288.24555157685,1156.3554352053293,245.12575484376268,896.2845048196697,140.6356849720016,1173.5925319876242,106.37015572139903,873.8531579347676,590.022179265016,1055.8627713979124,603.1612727607954,959.8547997849554,840.780357737845,1080.3259129352557,838.8744322748271,933.1710725738055,1008.5691241201094,1076.5337307360312,1001.1455388062951,932.7469203929355
35,273.2842121818751,1008.4564439940331,346.5818971651273,1067.979448193754,344.2596281272382,954.622650482828,289.4543191143378,1155.1615216257292,251.37669517407954,876.7667022862039,127.25202691880561,1154.6192065483503,108.16983038179275,873.5760679672433,601.4657065958288,1060.8631591241558,604.8816063810232,963.318281432971,825.4315838609157,1077.9044433414367,826.4186329835412,931.0832592181473,1002.5791977037843,1076.8373420709727,1000.1259318377788,933.0325205268272
36,275.8156119893524,1008.5826885551324,354.2066306596614,1060.1411490682117,345.26570219677353,954.0110445828407,280.7516257257548,1139.324662364817,264.3668504375165,874.9953203390488,114.90305569454038,1155.0229561250057,109.77660765728497,872.9629828279988,582.0105041732094,1060.3835223195836,586.9691390395939,964.012383006234,837.9543947088392,1081.7770944072604,834.9500871169706,932.0539287536308,998.3098955489259,1075.1161251026074,1015.1322814485031,931.9267632836896
37,276.4896304523681,1008.6978505938305,355.54114841515747,1060.5519430257223,347.3708407993589,957.280452596537,269.139857298376,1136.8866433193368,253.12573129085942,897.8767932048185,114.50486246414084,1164.7371963400074,106.97368765683416,874.5269221544792,584.6640513188197,1053.6097083838,584.5755651248292,962.4363043656865,840.7093086788341,1080.964059037903,832.7912353849224,931.7127000751258,998.5592001033232,1076.2700158090472,1016.8222678374251,931.1259277702517
38,276.73475084441225,1009.1414373819658,355.9837953569985,1061.306233963136,346.5859982871265,957.1968207545004,282.6814969463373,1137.054742480971,256.237949822752,897.9114460156825,125.87522052819459,1153.961543097906,107.23636572630724,874.3606486660343,584.9480546869444,1054.1808877982785,583.6850899248656,966.0921765845284,822.3432575121657,1080.0610490584531,833.220809916681,929.9086073651899,998.2653912766236,1076.1819401950543,1007.7909409085237,935.0524516669728
39,277.11370884829597,1009.3096959704778,356.5562919646463,1062.0480357891142,348.39051808430406,958.1915139696513,288.3617625341924,1135.327159200496,254.57229157883106,899.1591315230932,125.65395280815689,1154.2658372104038,108.06891760063418,874.1404633308316,585.2244946860523,1056.2901430599486,568.1816781667801,969.2939521178528,818.3024362035783,1078.4530628436985,823.9512174430222,928.6165097003295,1005.2009698597444,1078.8541909581506,1008.1273249934956,935.4324156952465
40,278.41316783691724,1009.3165977416365,357.4693156342822,1062.4185223267589,349.7550103940331,958.3040215844709,280.437012611657,1135.631647046921,256.9537040998164,900.06870154858,114.72214826526815,1165.1253691707614,108.27267452086211,874.3074740844996,589.9347658988248,1055.1520773210043,576.0960413482626,965.3860433271578,834.3623080706254,1079.5753271592005,836.0223597512908,930.1944523572397,998.8215004731217,1076.1397707768874,1000.636863733299,933.9442747678064
41,279.64235526532593,1008.8915132162416,359.19071366945076,1062.6884663376538,353.6257108135248,955.1639847822,288.5821328826626,1134.1538527220334,254.0736047871246,897.7324425937672,127.06100463867186,1154.8676649285626,109.53088321363352,874.4385821743979,589.2616367712133,1056.2225944973109,566.5181709358999,965.1205289617872,836.6066370394822,1079.9712103311847,827.9812723018413,930.248123381963,996.9401020501463,1075.5158170297864,1000.7086983272716,936.8013201173311
42,279.5933306511729,1009.1048317600225,359.9690375138941,1071.8853353910986,355.679799688808,955.2163938456472,297.5041800450596,1150.8888422891027,255.05528106491028,898.8747785513582,131.23641561004678,1166.644727495293,110.48771703196749,874.3728027792208,609.3197436388509,1057.2456085182655,596.812127836349,963.3211295907766,822.1248901773955,1082.5428330521652,828.1495180861692,932.9146704298885,998.2782317262012,1075.6968028610197,998.7841724946377,936.8538139393714
43,279.4779809026631,1009.5524472720829,362.520338586775,1068.6674444575594,358.68772757223894,957.484157766865,295.95875217948685,1152.0292987585244,258.91492707211574,899.0821761019873,134.74749303453143,1165.2280804411969,112.94160770966884,873.9037406523381,610.3514155671872,1060.2771980879852,598.2480683345323,965.471455099651,824.1955589969074,1082.535084367762,826.9260564241049,930.9285290428684,998.9003499679663,1075.816364274316,998.8743891424568,937.0172957757394
44,280.8411914443474,1008.6575034854169,363.24847659146985,1071.153716704672,359.81443516764745,956.626240031672,291.28355614075576,1147.1313001196845,259.46963127939847,898.3035190870971,131.83034433034987,1166.785956837516,112.53277995651503,873.7039350499834,607.1814799711825,1064.5869673393302,597.0235311659476,963.6067418330388,813.4454246491232,1087.4083271909515,826.8052876228163,930.1948270440365,1005.145748024334,1079.2903761685027,1013.2852871799345,938.9695498699831
45,282.6555454963515,1008.7674791054372,355.41822659178735,1077.694328134328,356.92800402796314,959.4170223238888,266.28058504221184,1141.8159912019685,290.1609228801355,876.4779566667432,119.21118658137723,1158.5282109783996,125.71352488662858,875.7043703683241,600.3173897573324,1060.0900564537078,602.6607363121717,964.8740469367079,812.5109738894339,1086.4823398968476,827.2269156447312,932.4852080558873,1000.1731067950145,1076.2796157287553,996.7913848122942,937.3705655559734
46,286.75306294147305,1006.1941934174953,364.6278197309596,1061.2836235993755,363.7032410630324,963.2173285670004,275.4886593465222,1155.7600975737337,288.4047506503538,882.2482598029368,123.22017932589249,1158.372158299992,127.09028573898097,875.6034053939832,608.8689135388993,1060.1571686104937,604.767310709265,956.807977927248,808.2101562460315,1084.696264358061,825.9631352120784,929.9893930674826,995.8980226206686,1079.6458839792087,995.5978404467995,937.5284815780561
47,287.7461639647366,1006.5122412934538,364.43132817202644,1061.6418134141372,363.38156181752134,962.164860934917,267.5250277872668,1157.9148386017002,286.9371972251465,882.7248398824969,129.46003678251148,1162.792764253077,127.57606645244304,875.2611797929774,609.9925258720805,1053.818402875442,616.6054042821122,959.7230667686042,817.1234212213126,1083.5144410704445,837.3732274158413,938.5444626538391,998.3913353670712,1075.1103352834687,1013.7303941922627,938.2188793353348
48,294.76515239794946,1008.2402752743847,367.9500520058819,1076.1977604537392,355.56622526270513,954.0427395878778,295.0398825358972,1136.525905365282,265.9052774655028,881.9164958340031,125.61848319243391,1161.6395078907112,130.25370802463883,875.4260520738859,610.5397095698838,1054.273034515493,609.2138581468163,960.9893157532949,834.275429109293,1081.5002257538404,828.9666391876181,931.854261724849,1002.0983860179568,1077.7928156015366,994.4356009554025,933.6402618385781
49,295.1727541339413,1010.302333117057,373.27492965678397,1072.5089601941359,357.9935241086585,954.8211308913053,287.9296687489523,1137.8195636645562,267.4706845723761,884.8123848359432,133.06699718703527,1158.70670719413,133.1700927910476,876.8579657650625,610.045146669306,1049.6436580571071,610.2969682170138,957.2761373078447,831.6400590953652,1080.424962096316,830.4159665944827,934.8410596994685,1007.2808092809312,1078.1014233210085,985.8806782116039,933.9704671911595
50,297.5107907938864,1008.2836104595513,373.65190875545744,1070.7474680948924,364.4692300665053,952.4664873940204,285.6740382557882,1160.3023173089066,271.95683522714285,897.5788196616976,131.91447191027578,1158.5965519666147,129.72641249161856,878.1106385757256,614.6329360386485,1052.0625290600892,618.9002318314054,953.6752424723607,834.2209050807282,1080.847966672742,818.4713275596906,934.7033861820354,1007.3145772390774,1078.1380477781947,994.9970247345565,933.4250947502411
51,301.327169093416,1009.0240702744708,378.5051496751286,1072.339807604272,367.6463352595256,952.1038208456272,289.7882538437068,1140.8471762652262,282.2469012355928,884.54512619254,131.10019661515213,1161.611602132939,134.4363408280907,876.661142857963,614.9183323417435,1052.7116991613475,615.9599691125599,956.4815026254536,834.7429047821402,1083.0477831277842,817.6249246882523,935.0027037542766,1001.9672150729691,1076.458253208808,995.7516961413954,934.0494386559458
52,303.0424613605395,1007.3752539618589,389.7774829542063,1066.7126926755661,379.35226609089904,953.5488452112561,327.03362592640093,1156.9857041403093,304.8777442604729,883.9943702355805,200.88961984463256,1173.7512848326426,147.67796371321063,876.7043105440049,640.1364154592446,1056.2752369832328,635.9881988644445,952.8335936782468,817.697531423581,1083.597028229186,819.5823532521182,935.0426223609135,1001.5642095201191,1078.6521459799494,1000.7721063343538,934.3469480448659
53,310.4492654912028,1005.0141553577477,387.00931768578573,1071.5117134581938,377.778924612137,955.404248486364,324.292718319341,1157.386574615546,288.90886185228123,887.2390072140774,154.81097475604986,1165.7638274002916,147.53371525182834,875.9162574336426,637.3181463869092,1054.2747761027767,622.4539591835131,959.7472350760298,809.4328276853722,1088.8388410199661,824.9468203917901,937.0012737108801,1001.7431480893853,1078.9377010437954,997.2054615194372,936.2545471415636
54,315.01322956172015,1008.0676771804395,387.93065945410757,1066.865124951208,375.2293466684567,951.1437952404598,318.92353261245705,1158.159593165928,288.5338007179131,888.6578068673655,151.4010451705,1159.1133210730852,150.5395711444909,877.2336696649983,622.0442816060913,1052.9747763808207,626.5544325973649,956.1348682322282,817.6230897643011,1085.2979932752803,821.8174031310955,933.5610838588068,1002.6833470497081,1079.1160492683316,1001.1678190690178,936.3073685622934
55,318.6664038485761,1008.588306839023,399.58966478414743,1062.3878289530332,385.22579604844583,953.2606094887291,326.2226538292298,1134.07049869983,287.75747787812907,898.6668280518116,173.3294531892893,1161.3414536251207,146.22949952421945,876.4264342050882,639.0755307379873,1057.6694220011066,637.9565351806164,960.2633584027427,835.0389958792141,1084.1244527016556,828.6501804346846,935.1609944631562,1001.4766073040905,1078.7443182592792,996.8326632347156,936.1419103707924
56,324.5872403555325,1006.6429807507405,402.4437620859927,1059.6127411269863,382.1154512819605,953.1439036327982,332.8545216931168,1133.6174963082924,302.5490409345093,877.4263649631475,171.7751922408998,1162.0622877895964,150.2325662679883,876.4713407876648,636.0772181239332,1056.0686170590616,638.8983641427267,955.496396548953,833.0004569798979,1082.3652625381728,828.7925383886528,932.4762438256281,1000.1574610547684,1075.4798659325347,997.1363136827248,936.6103253725432
57,324.0611254688357,1008.8986759900522,408.414755971286,1060.9377627964848,394.4189579124103,951.9160247287008,327.62819486104615,1136.5250819960909,299.8607943054913,880.8580170686765,171.3493238034887,1160.0719743962677,151.59496113909856,876.0516438144346,656.1904932525595,1058.5831061817985,628.2946350453578,962.2398615268817,827.9202664379025,1092.2039559481339,818.0099921852776,932.1001914736981,999.837759040267,1076.5763454731557,997.5613470288339,937.1698336632791
58,333.3723218295292,1010.1727133476936,404.9051966701279,1064.4590302971162,392.00711913784704,951.1097283401882,324.8483600790076,1157.5914374806266,309.1924621224868,878.2885710795429,163.7952486095255,1161.886507884971,154.6648719499883,876.3417603705054,638.6646376908677,1053.3610172538001,641.0701399506765,957.5836509015086,826.7081880011391,1091.9404199559579,826.4303349766526,931.2871601404644,1000.7557875654321,1078.9810402650855,985.059241355628,936.8239062643507
59,338.96083669947706,1008.3063479612016,412.2723554355735,1060.4112962306554,401.760555609615,949.1353058377056,326.22371996022633,1158.8411518127757,306.4117031816698,882.037114038965,171.02826903483336,1163.383111890671,160.098751450081,874.0010172825015,658.0586507571534,1055.5115755124623,638.8541505116634,959.2708931277554,833.5226763364396,1086.502918745121,828.8200729628068,934.2986127753893,1001.2475980800831,1078.712774608873,986.1442626933282,936.3268468942299
60,345.6579560328212,1009.8750411684596,416.6250455084951,1067.018139774006,414.1331464571512,954.2170025827603,338.2437415550837,1149.69806477745,321.659623878985,895.996150704187,177.1847409172703,1164.4315366723974,173.90603116336817,875.9249095370191,662.7950341431775,1054.9054614311628,677.763047236925,954.5769904905344,845.6529848969338,1090.1123809253882,826.7082067521867,926.8912566084796,996.3633733980057,1081.3776150492515,985.2320490019838,935.8323854422588
61,349.69845388583616,1008.9177386012698,419.01494823599666,1075.142490406583,422.1849501303485,959.166085763857,337.6550711642936,1137.9576717379512,321.6708182544485,892.7434468602189,178.95291113884457,1164.4021906912283,175.443189482075,877.625302798953,660.7106047333914,1053.1184132707024,677.4886511020139,957.1382862009782,847.46946853221,1089.1088257284396,839.7195185548462,933.8443497679499,988.7881081808063,1080.4590189062787,1006.8788691893975,933.6278373051181
62,349.2431938508707,1007.7956962725593,430.9839787005758,1062.6018807259138,427.72939116499043,959.2805878963653,390.6908424684998,1148.9851050898926,358.7928968412203,894.5003929390442,274.2877980543516,1156.9545398855105,205.1440638032474,876.4477486368667,689.182992446562,1061.325862977016,678.3423554974817,954.192419227303,829.6056186393271,1092.7385647204062,842.0570696965925,933.0881322542593,988.8449640360858,1081.5976643334584,1005.7895274094084,934.4231877267405
63,360.41482655372664,1007.5476132518312,437.0421960977026,1066.5394003683816,430.80954607503463,952.9090120089921,388.5241803391237,1148.240292315795,370.6351866306657,896.7399409936686,233.59606510951087,1159.6963861985387,206.66649083012257,875.547975964795,691.2488489436234,1060.030960038162,676.7419910802952,950.3195461746878,844.1539966796557,1087.488289860397,841.6588724481113,931.3947732828717,989.4056792935097,1079.8686194717666,989.7124253385863,938.6672260584331
64,365.93876373628336,1008.5620706909988,443.67035594191134,1060.849921950341,434.9109921994848,955.5694692192667,370.55545583658005,1133.3752697027405,372.86756783375034,901.2039850530688,200.83694011554294,1165.9411450679647,255.52755298788122,884.4811132740747,677.8469421029555,1054.4970474411336,680.1764423484454,952.6923226294143,842.4904626615645,1087.250904248621,860.5959090888887,938.2517199267543,998.3250631374561,1078.8744361535494,984.8408023650686,936.3197554252675
65,371.4811455040821,1008.6803297817839,449.98724466957566,1061.083426493043,443.1293835286511,956.681557794777,380.71672089853274,1150.5897305591593,371.7206680387142,895.2072688431358,217.5952684181719,1164.7576776486299,222.4355835040307,874.1781217083171,697.3043189774254,1056.0717803708426,695.3045184032504,957.8821222331926,842.099840836345,1093.5416624810573,846.1625767622254,934.0846632509702,997.4680853448081,1078.013594919579,976.4969665269392,939.7488936985529
66,391.44305280033103,1012.7703176886611,470.2412648690847,1072.2254924788185,476.2391825801219,944.9283668803959,378.45148451151556,1149.0334793752297,404.01708347434646,870.6572006416181,243.21274081504234,1172.1837841317026,236.30607366871925,861.6097549337574,704.3138557106682,1058.5236846901405,718.1967188881029,950.9014731133186,917.3408144193136,1090.1414403417898,882.8663221540314,931.80209751956,1001.1293914755237,1078.4032227728492,979.2509395961488,938.7896699365845
67,405.5724268771892,1011.0847935056441,471.30936434892124,1078.8094404390156,469.9332380604837,946.7048989211173,399.2864352301906,1148.3621327934854,383.21867452951335,880.4318374084428,242.41826997466762,1174.821714475521,239.53494514693517,873.4841075843963,702.1936988582536,1054.2953038268192,709.0462149879247,953.0343689592686,913.335030112992,1087.8133145121421,877.2685076015358,938.4141086463452,999.7891958358229,1078.236779767218,960.0517592907571,931.446032723813
68,420.86698251830893,1010.6584981432039,495.74409570433534,1064.161667554016,480.49295953718365,939.9585508056462,438.0069200890272,1146.5772153698813,402.3454248951687,881.8737398325566,268.2604170899707,1173.0628404330016,256.33433824397804,870.3494038466231,726.4167495945804,1053.9203889890248,728.0022149650266,953.4629437224468,848.3212482665698,1083.684865039206,900.8186301143334,932.8056520438213,987.7935298428578,1071.3369385483159,997.28171734258,936.7700630316921
69,426.8855333087968,1006.9352458698797,502.4948442059778,1062.4231557965193,499.0094771465802,938.9957994717522,443.4893648026048,1166.2720035998634,436.97061799127505,875.4007301078309,354.3833602885431,1163.491781824744,267.4864943842894,867.7908964248198,748.6516642477484,1048.0506875670894,728.8637372080154,951.4699523611861,857.115738748419,1085.801566107846,899.804254688119,928.4250551738081,990.6930378292565,1081.0549278175192,992.0250720754556,934.5045438678189
70,459.93549686724555,1009.2103185380408,527.5858340616809,1060.4745328680372,520.4959276593708,942.2365637897658,452.9705909758767,1150.9168049730333,447.1402393236892,840.4499221566318,306.2739178046138,1175.965303565368,316.06286474260145,855.5819794082362,777.5482174013929,1071.700412321406,755.9963692614253,952.6755942429453,918.987416576192,1096.240536187345,889.774912622102,927.8588445636825,998.3525883360863,1078.6420032016326,997.424380001073,934.430641101442
71,457.0013362750585,1010.6431702915839,535.9923355663086,1063.9697525730737,524.5017635310735,944.8148953047507,447.26916884879915,1145.1072797137617,442.80965271789785,873.1748322228314,303.78756437562066,1173.609415134203,299.7150330363696,868.4044470636395,772.8812952624495,1066.8100258114582,764.7568547183112,954.6677777068218,926.4973675414086,1096.8209240175538,917.0353571739246,932.7976033409058,998.0394331159455,1075.676543539189,1005.6883892808376,933.056700269936
72,466.7302085395287,1009.4315505746006,540.8627156132374,1063.049968464422,528.9746297382409,946.137102450806,464.77473175882204,1139.0975604593361,449.46710102889875,874.5584718590708,315.73198333673264,1173.1332399703228,306.98469568756065,871.2553030178007,784.5241114067007,1047.231705642465,754.1306152393355,950.2018129571583,847.8721526385283,1095.641309078085,890.6023347455285,917.3343162340421,993.6611036640459,1074.620774358095,993.6892597014944,934.6671451565801
73,487.5532299086393,1010.0501026431049,556.7354319340541,1064.8280799748004,545.6422880195051,938.5995369041606,475.02073816267193,1153.3690226805027,470.323102477313,839.6986179505965,336.1304726154193,1173.6236155199533,343.3922542180134,855.5689830906159,804.4599038509771,1076.405279088073,805.2031046392393,944.7496934115755,929.1053395959583,1082.4806905405912,894.4138736005567,916.4929459324486,993.8004118940454,1073.8831465564872,984.3943867974845,928.9096906831561
74,490.63942064699484,1010.8393881165044,562.2532514617409,1067.0700900647503,553.8956239350595,943.9928311271584,498.70990773016206,1154.8280046338286,473.18472263251846,842.5602093205393,349.747771150269,1170.6315241693837,347.49629334448525,855.0115688752813,801.8787417765246,1069.3720668593721,809.9846076500276,942.4972684413174,895.6018917644287,1095.8987572506717,918.3545067716482,920.7043313524638,995.9351845184444,1074.3007474362544,995.7345329056479,933.2131511791939
75,523.4905623893588,1009.1964416728136,595.9954554206838,1062.7278481398673,587.5395539461093,940.7516033276314,513.9300032120842,1160.556855436461,525.93595348502,885.059118446053,375.1076650929544,1180.4502528945284,376.329503450034,873.7246154740311,817.8541816939612,1061.2003180316756,826.1697302373084,936.3092332513432,911.2086706818777,1100.983101020045,941.7901179756392,927.0396029817805,995.8083457351505,1074.7581855275016,997.1007570085661,933.472721007359
76,524.5903562042275,1007.402596680405,595.5937798528585,1066.0450842168557,590.4420125437961,941.8216334783707,516.0564175569809,1159.6799833926973,526.4047551248101,887.0380620795257,391.6897891308768,1176.0196965516798,380.55560653944474,872.5511643678104,823.1277477725739,1066.197222864514,827.6277015423123,936.8027314151761,861.3121321421451,1094.163312947023,918.5246028825737,924.8170409528409,992.3024804322399,1073.6699874395838,993.617997014476,933.6398669711639
77,536.7135304933406,1008.0649285803465,609.3325773916257,1059.9720058959692,599.750452500481,945.6873814276613,535.2261654143215,1144.1852703556956,528.2184883832001,888.2593661384667,398.9838375195725,1179.8390889500627,383.3639402352322,870.9085017981379,866.4502701182669,1058.6340235612745,845.982455537595,932.7689408099801,900.4308932717352,1075.8782858081288,918.3854192131051,927.7667032279661,989.3845677065756,1073.8021368493412,993.1958342528621,933.1582995883514
78,544.5481459713105,1005.14544574589,611.763927970658,1061.5036138552766,608.9318983080483,942.1849653144518,539.4720843430458,1158.4096727224066,536.3473548442706,851.4131454927443,402.1561633718959,1179.007815011366,397.7191798057606,851.5751030198097,863.7046961790563,1054.6797708235272,836.741694139101,944.3648224661756,892.0490102185074,1090.7406344893748,894.5728690912571,915.9538288102441,992.1225641297735,1074.4258188307942,997.5991076207749,934.4630491549614
79,557.444476014771,1013.1806394197239,616.1518097419887,1074.550664202419,622.944177198472,946.9645279457603,536.5664635151043,1156.1951378703907,543.10136837209,877.9203824415355,392.66068690464925,1190.8444046816521,400.5003057313678,865.3232650140206,879.3837181954451,1068.4094662074217,869.9602787330339,932.8236450823155,924.8433925395514,1084.0649813050125,922.4469476217411,934.3570988954297,989.4021679087019,1075.1327660397342,980.4561792579522,937.2775645259546
80,555.1315289262988,1008.4496101642865,628.6727910234032,1063.4049589786348,626.1979473892826,939.0448800786991,567.5392592371827,1161.4278078324476,554.2103910756204,849.8536694461507,442.4452776716651,1195.043871765361,408.92312232167575,859.2807959809538,884.6691831531698,1074.3461820783202,870.7887830597836,943.1333662112963,929.5338626459763,1081.1480659075646,891.7654896898604,935.5935707064257,990.1848074239623,1073.6698972994927,965.9451600014,934.1451943402427
81,559.6134246000232,1004.526375035518,627.233397653726,1062.0102496010518,619.6419690334285,944.378778708498,570.8289497385409,1139.9189869294178,547.5421066681026,881.8537879287978,444.2589720885992,1182.9831517855093,408.9080424612613,866.1374405882624,876.4172542358715,1065.485094954738,863.5725749577595,935.4370834720564,860.0691198341558,1084.9581562185183,920.943927343242,928.5051634800426,990.3432075688991,1077.299559605113,994.0368565781373,934.0595733620156
82,568.9257271051097,1004.7389273885241,633.9283574356059,1064.2187894643187,629.4980259710542,943.7115106295349,572.5112227500647,1158.8067505869421,548.3311976319947,843.5810572885574,442.47955190809864,1190.2018608861247,442.44294383590955,853.9194665105794,899.4620936062618,1069.5089170076146,875.7976700642638,937.2903287664747,893.7002435493221,1084.7506976215216,924.6718964620126,933.5459147613773,989.9666012310082,1076.2770648987132,994.1179558638632,935.5478266282261
83,575.8746825517076,1005.3010578141503,639.8533295530956,1063.3835621426686,633.8881404564191,943.2546523946949,573.4357377983658,1159.2595323370626,567.2107971350144,876.5734109871534,420.3812299314184,1183.1786199004925,424.7837375199376,866.0965055511946,898.6928546444182,1065.0579890041647,872.719980247309,933.2560323004685,858.9093246757596,1082.853677877164,910.4122112259288,926.6832792014432,990.5671781185234,1077.4549967746889,984.5207621620286,930.0051749829945
84,579.2845585628355,1005.1385762637193,651.0846750091359,1063.6252855781595,640.2726150334114,941.0282822832477,579.6201413753594,1158.9107776336334,563.832515969543,852.1693966407972,448.2052642595318,1175.0244974757188,444.0399899873374,864.3121952278311,916.8625930567866,1064.4842264706558,884.8460524103886,932.1965525765178,923.1124029668006,1087.5712321980047,912.9660228883026,925.5079425318464,993.5349332216656,1077.5972647460221,984.5776983789411,928.1216602759883
85,589.390448767435,1007.1539822367515,655.5494940451434,1064.5577484960509,649.9300823038049,944.9688021108389,584.143925382815,1164.8161752043534,566.5335936726146,848.080075703326,452.9555338845916,1183.6753536899855,439.82342917215374,871.7899534966822,931.4459511765577,1068.23520792135,888.8476565724386,937.600459113531,942.4367907143383,1079.364492176737,933.9254182832913,935.9684243296807,992.9540338007773,1075.4868914781468,998.361689960693,935.3883156646797
86,590.3732249950712,1001.0101385628101,651.4490859251183,1073.6466640273409,657.1470940221581,951.6476272257876,579.5857385603132,1147.3471768930676,576.2092079390785,879.1830016058391,463.23680699104136,1176.3178719009748,448.29563258993295,874.4371365695032,931.6754291767571,1072.1134490181996,914.0137457134509,940.7237049694188,942.8809896402148,1079.371259410446,955.0161051657171,938.8061918080685,991.7268446983069,1075.1266338227865,1031.5611578615185,928.8766926829207
87,598.5888498750247,1003.3050689585152,667.0468904572128,1074.3088001752933,662.6572340331554,952.6370075570583,578.2837997456365,1157.9849501027509,577.2827536355999,882.3130046051273,463.2425059701748,1179.056782606855,452.0696937092259,873.2910981413024,906.3218014323975,1076.1575539369605,918.1260731378363,939.1973136997153,915.9694059865527,1089.669545528908,990.3536472146935,949.5080196428264,990.6807408252214,1077.4742894449453,1057.3040533375831,935.4167279559492
88,597.3601787701074,1002.4996255374323,657.2871054164455,1072.0522997293467,666.2083127997786,952.2463067676284,589.1140727227934,1161.026516254994,577.606369931304,882.6125011121763,466.3334219725451,1174.1675894440841,459.00861449917517,870.8177387985914,945.7820325338018,1082.7788712293413,888.2455919064843,941.0689939881493,965.2144142617174,1076.1987210511286,942.759565891618,935.6204042007256,1009.6743965893014,1078.3334630872291,997.5846612779,934.807368158681
89,600.3268677422532,1002.1331320712884,662.8740751665807,1069.8019456267796,664.9959477398578,952.9335872922024,596.1008095214208,1155.6157671433,576.6289930008787,883.3383225799046,465.684091942518,1175.1937442417973,466.71980639582955,872.0925147668305,946.0842900468407,1083.7003845646486,894.3824669350572,939.6691163544442,965.361901966586,1076.4856611780172,942.6762404212405,935.5936568103934,1009.3594111329712,1078.5240165491828,997.7682501069901,935.9979566452173
90,609.0393580509875,998.814066284987,670.9342531916069,1069.503755478365,673.7699125213028,954.8575965943012,601.8919714839623,1155.1249476200865,583.0003632742654,883.2367737130328,476.4104774187383,1169.9478640475754,469.6180714556392,866.0011945131682,952.9425553816657,1065.705752852732,916.3244252645147,943.8021427914117,985.6122834164702,1066.9493797016355,975.4098705197496,947.643568387897,1058.117183144598,1078.439353477596,1054.7640337404566,932.599842035096
91,616.6244740976003,999.4290692555738,673.5235692930779,1074.8542345034384,679.5095881250031,952.9604894006017,602.3813015028776,1143.1698617367601,597.8562772475541,889.2539140531721,480.2852802995897,1171.3597459533826,476.1082995976521,863.1534470467775,952.069178458463,1060.5426357670096,932.6514312535795,960.2483372965077,984.320681786506,1054.1333819521778,970.4734589932643,946.5264689650807,1060.468176108808,1055.092686436616,1050.5661911586171,924.7368155569824
92,620.0912561900284,1004.0729401060802,688.486037434155,1082.4296059142484,681.5123835093643,951.7979338097275,603.2555824944504,1142.7653991116224,600.1198019317904,879.28046457037,486.2964878156684,1171.1857873494796,476.2682761699542,865.3124730925101,930.066883945341,1081.4513989181576,934.3811403976459,939.778084961655,955.1175295826051,1081.799828040959,976.2677068425093,945.5311000355897,1010.6431078569786,1076.0140468757177,1050.7517702774821,927.0276118270796
93,622.062434629284,1003.4054574398851,675.4975791405329,1075.5430137751998,685.1199819517693,953.0549696698774,602.0518429164613,1143.6727317793243,602.3513667946208,878.8580842477097,485.012529916354,1172.1083267850968,478.2146496518535,866.8149207323287,956.6432862598036,1056.428744213096,930.9134026714667,943.2667382301258,989.9693786462354,1067.7816969782532,967.6105383189663,943.3317383171267,1052.3867437712393,1075.7055403956765,1025.8002600899288,930.3711824326022
94,624.8709377541808,998.7308814436263,684.0774531668277,1074.3292451588045,687.1905878213354,951.6961616106896,620.166102336194,1157.3391864897135,607.669237580814,883.6969698219945,490.75558472671804,1171.7913876658938,486.6624801397633,862.9922294756843,973.5790048309048,1053.970055506564,937.5829882677572,941.2378405053156,982.5496239035895,1053.3718582814797,965.6411693558116,943.5764212401626,1055.079774596136,1052.5251818228785,1026.0511866099503,930.6028387670917
95,624.4760256222847,997.5839214338966,685.7567099383965,1074.5881557534672,688.2346749522751,951.2350385387009,604.0304320376313,1143.7971412496127,611.2063200297064,882.1321862730185,495.90113874219634,1171.8069665980288,492.33079461344505,865.5939967416824,951.6795049005118,1055.3179179352055,930.6603345139283,942.2149685110616,962.8779694317841,1065.1908544894968,969.8541574267324,944.7509244292384,1031.466746336462,1074.2133169293318,1027.0372024159126,939.3362370700543
96,626.2830694444158,1006.4487436534201,694.2283120669996,1065.989609044935,689.4448320763319,939.3620494251126,620.5231142478119,1159.1595010526212,607.372467427942,847.6452022331065,488.16669989934354,1170.6519388819688,486.3396105375649,858.102342099674,961.3822572904073,1052.7723587338842,937.3584558563826,939.4004302687018,927.2429212513143,1076.5437450310835,959.6512288762007,939.7560867432896,1010.4163889395089,1074.2194626000241,1016.2733710974803,935.3727786073258
97,624.7732069588451,1004.9160499768955,692.4053301891828,1065.4202627032055,688.7702952807839,939.9067377431003,619.2776482312979,1161.6235746205687,610.9901659882424,850.2207172065864,489.28997203494544,1169.5023890263365,489.13378518331496,857.4871252145424,938.5366451228703,1058.7441414546477,935.3117836901363,943.9611996910662,955.7760851280897,1068.97330929478,970.0692239074309,948.8594290616319,1012.3319932915299,1074.213864496751,1028.8583363110129,937.1040852117154
98,624.7066594906373,1004.908716340524,692.5420403945585,1065.1732465644518,688.7942135814573,940.3084611857665,617.5867564346452,1161.6835366164298,609.3663145444792,850.1149115748129,484.58449037549394,1175.5510420732687,489.5287579212759,856.5747137581226,970.1615781746852,1051.669092451624,934.6810667536503,945.1841306441152,991.8751788790421,1066.6510005281043,970.7091476083266,949.4947767853299,1050.4390885212952,1073.0179812888903,1028.8126694737546,937.0546467351529
99,624.5569377323741,1004.9158239539804,692.4992612186427,1065.1738412199784,688.5157953468193,941.3471589098951,618.5117509740227,1160.2308981038473,608.944121312413,852.1128922573878,483.7275768721522,1167.2023744604153,490.4898833856471,857.5472419284706,939.2145169261837,1057.842571362251,933.9477541294767,945.994506376268,955.4463479546793,1068.7720809588968,969.0574950576603,949.7651563612177,1012.3993336611823,1074.2466862529277,1028.5803814951248,937.0770203130023
100,624.5391928793084,1004.7250431237372,692.5862687585877,1065.5468032466936,687.7886565050936,940.8469042753491,614.5446052104816,1161.0668882528357,610.1255444649447,851.6736853359204,486.65067769461086,1167.0715986780172,490.3617176308898,857.5352532963469,940.0392281838604,1058.322484607122,932.6804551966633,945.3824861009361,955.2224470518034,1068.4999090078384,970.4118899282149,950.5406060033122,1012.2882497760191,1074.2002076002539,1028.251597946425,937.4800339698091
101,618.4581571313587,1005.3616945153208,688.7897923522869,1066.3253068888914,678.0613911384413,941.9625789465754,601.389805033551,1157.9211551349538,608.4663874771256,843.6928014033513,486.0172217658034,1168.5955366573291,492.34787279979764,845.1468942657629,939.1330650537934,1060.024147229892,933.2810425479328,946.4245872861932,935.0031307304788,1074.3302972416595,970.1872456802348,948.1699569009842,1010.444734580185,1075.4460311093635,1028.5503583890718,937.335226604117
102,620.5665108689406,1005.9310489292973,678.7745390198785,1068.4292062146974,674.5035258319194,938.6976173955846,603.6723807822278,1161.533064551427,590.8796151189717,859.3037857403219,481.5309358356213,1169.3556248134414,478.3116669028571,855.3980868954067,936.0827598026111,1060.0801948586604,930.0161128050329,927.5978239172965,933.6135843423315,1076.386973922696,939.4202052043224,939.3234526489168,1001.8934578269293,1071.1221501828993,1014.5074710920355,935.965059548069
103,612.467433125827,1005.354724130063,675.2955459773308,1072.8551048710451,668.8059717781057,945.1688243184872,597.3277655751559,1145.229103374271,585.8669939772825,856.6889602694768,478.3561209491387,1169.3767418115128,475.25928396862406,856.3677521088297,937.1379321511297,1063.0894000454916,934.4511668548781,940.5527320878634,957.7939684090285,1071.5155275948866,971.0201899872023,949.8045351363385,1008.7550273642273,1074.8961711718177,1029.1840152219615,937.5252634422645
104,595.5691228948426,1009.6400540230644,667.4865610050751,1060.4759266760138,653.3173987955358,935.7178745648163,585.2069691532764,1146.3179526234444,565.4265237815669,882.6551023955559,472.94504004430087,1168.7682094195588,461.99131686603755,850.0598447240512,892.6049519949368,1071.2439052293093,900.1670165582813,938.1807971648834,933.5110261567391,1085.7046515515935,945.1049158787075,941.9387826351976,1001.3417417330301,1075.1856594379994,1013.965916726617,937.5923740855042
105,594.076788620769,1003.5247538144058,655.28417743539,1070.8145087786584,651.0109275153151,945.6909009273398,582.7828484424844,1162.6720532172749,584.5529915421464,848.1302500997372,452.37954991691595,1170.2602933033,443.69513478173695,855.4077937723871,917.6372085467116,1070.974270654548,922.3199268528326,943.1276833494301,950.0613564539638,1075.1572316749232,944.9928915950194,945.1762464132316,1004.8729021992577,1078.6878710542858,1018.1557197967647,935.2570468025292
106,577.8544804457725,1003.8024054757819,643.2089005211085,1074.5285630629048,630.7484054317399,947.536819312259,556.9955022685394,1142.5063822323746,565.865984049823,841.824154261716,434.99677958197026,1169.6216874189188,446.5058672722666,850.2070401294717,902.8219213969376,1067.664669577818,898.2954667464033,926.852829517642,944.9214398070336,1078.2829604194412,947.2856817257884,933.8589652437747,1008.0395325882691,1081.156339960708,985.0996897093496,930.7912197855796
107,574.2418587316307,1004.8983165956788,639.5061914074405,1063.097064643989,631.6749583171154,935.4860988283403,582.7795589729775,1171.9151824682099,558.7795331977278,870.4587928833636,433.50273494447623,1171.8703584579928,423.25503357985235,857.4876660550893,915.4442008605083,1071.3349036693924,895.2350841045999,937.4145741010747,941.9583630902869,1082.3647203522514,944.2938760182636,938.4948930032634,1007.4746412046553,1079.6622181709508,1008.363448565896,935.9859128527393
108,561.402983153905,1006.8256086115449,627.8543432853311,1063.2331035314107,622.6827581279144,932.7761257824699,556.3385164536177,1152.927642979226,543.6587928206465,879.1210323112315,423.014298923924,1165.0952495992578,404.4664630468242,855.8852449819326,879.7517798315873,1073.8750615284603,854.0465177082116,944.7937890696754,876.0421274728366,1066.397927513375,887.0983961127669,922.1659636935445,930.1229609624617,1058.416430090036,1008.096753084458,935.9484219743784
109,555.3387213063332,1005.83682562655,620.459059999265,1061.5008988895459,610.1520463921158,932.4297416289006,537.1374141658391,1151.9966147350617,536.5537717345477,871.2053008293248,386.8038386827327,1176.2238678942701,398.4061947538577,855.8743050692276,890.6558997919407,1073.4458076875057,863.3900415447815,934.9388347908822,948.5296289074405,1071.7669700157285,940.946848538204,931.0380364725645,998.6985351205336,1076.5568987575198,999.4636568880514,934.5877579710749
110,540.5833982491214,1006.9359992795969,609.6928760940293,1062.126027148581,598.7694746992213,932.8545247904086,527.5269691655787,1143.070480940887,516.9389557063347,879.1502915157456,383.87070069232436,1169.3300287273332,376.8869613826042,855.8393058244312,893.6031559818897,1074.180407723813,841.0939917793819,940.452111529393,952.3826336953667,1070.9197096645964,944.0046234031647,918.8695163432507,1000.2710857068918,1076.010013442982,1008.3398175580603,936.3024666903214
111,530.1952740553917,1004.7106395443952,593.5004544103099,1060.44020832855,581.9329545277767,933.2668780369587,519.8371350470693,1150.8236270262687,504.7434966306847,879.9579817122349,378.15456568962264,1166.487400747239,376.08787744966065,857.8591428304052,858.8259293912135,1058.8524229118354,815.6808254405643,944.9015613026168,943.831299794317,1079.5430287537026,943.7869063279408,919.1776595721782,998.7869838124288,1077.3983901428178,1007.811329994152,935.8715963819113
112,510.6997026361631,1011.009248037009,573.3723244338413,1062.445741943539,562.8440116316816,935.1769748214061,495.30059358078415,1135.7592430367004,475.36359839073543,869.2846442004674,335.3558767973524,1168.9108984931088,347.6484513995861,858.0197818484227,794.387459823152,1050.8830540395677,801.8325907604282,943.0652811805787,870.3099107680301,1073.0475876000241,919.4257648403529,923.9609492271811,949.1214320625533,1070.0347411571227,999.6175253065726,933.5325235763427
113,475.7089371054938,1003.8996101284098,541.4407970195318,1069.7802877881613,536.3664695283371,938.2076367133685,487.10229667792544,1163.4343989117895,450.5378541586768,851.930515981614,396.83526077568143,1146.9728856363515,311.8963558311115,860.413673955846,811.2338331678908,1078.6458052299552,786.5363605576234,940.1850338388593,923.7602918448777,1077.5650726251092,883.9397553442668,925.268960969576,998.1715797850927,1075.930107615609,973.3280314332642,924.0888092467052
114,463.11029769044234,1007.374490461833,532.4256830500688,1059.7507348435493,520.2583733150645,936.7206864423563,460.42608253667504,1135.9666600952598,419.99828264214125,881.4302276286196,307.35930478774367,1159.1354296121592,302.79859059188703,852.804256666241,796.2344715034078,1068.8826902503042,745.2356964900063,947.6878025985483,865.1298173227298,1071.5375971181002,869.3754469495756,917.516399218176,946.7513585679707,1068.9655922266775,971.2750267703449,923.7544648494903
115,441.79723007936315,1006.8645356771791,517.6322217849513,1064.3334745677582,504.08559737186897,934.4801037947454,456.30645459278037,1143.2898361800262,418.0488112192935,881.3770147039119,285.6592008196331,1162.7067739695508,288.3199048383338,856.5391185965108,746.1600705706096,1046.4277562597586,749.0090485015987,944.6475266814671,851.7765734688668,1086.490695008804,906.7533099170779,918.1171903252865,993.1202243363438,1079.0293718347823,985.2025988074055,931.7494092909052
116,407.31795194400144,1010.7791368651268,482.97906049671343,1060.9839010694113,479.23207882011815,934.7914577599049,435.9596056993978,1152.504230081641,384.229184561185,879.4051000635735,328.2146017325095,1150.5290466437527,239.0415595442793,864.4145701546428,721.4406407608012,1047.2572065433276,721.4747890973432,950.6065288490447,868.1230671539107,1096.1008284636757,873.5757271676131,918.3663664627917,1000.8581066751666,1077.432089083165,986.6681244407425,932.7791744010752
117,397.8550485578718,1005.9899023365747,466.0922781419692,1060.9671188679624,457.09785729297886,940.1243561037668,396.1377057297487,1136.1024541245235,375.2400729374085,840.4326973269741,257.6558424375457,1164.8141934677226,240.62127370053057,853.5679120828263,696.8156751296609,1046.2494409968974,711.3358310853241,942.8068727469463,912.9260007860756,1095.5602085581604,849.3153163081492,910.2432717373055,1005.674044394524,1079.1194550838654,983.4216855747336,932.6781394672605
118,384.21998600035863,1008.9679399051709,462.0363113443005,1059.1455773235157,457.0125547590119,938.0112073283087,394.9131116383407,1124.3463995805303,452.08703390798576,838.6329333594755,283.91840980638915,1149.4753541743205,486.51673293392736,834.8670270388658,694.2470828702452,1047.591114366519,709.64901496282,948.9006738711771,844.1942846449515,1084.0617820044636,847.1762075039748,917.0419999906721,997.9214207186654,1077.9293892753203,970.413089325586,924.2491267622613
119,355.9599872187303,1005.6689874675676,430.62664366822554,1065.3888401365036,417.14220944864695,944.1807987793328,378.69720125384384,1144.1476207231442,341.12341495112105,877.1547325072615,328.113117714077,1133.2672280585566,193.5683797580833,869.0586616465662,662.5587716121202,1038.9069384813836,669.8874381180702,946.3435819515142,842.29792422529,1085.848995603944,829.8415175339954,917.2115978994938,999.110807709018,1075.656868782576,976.6036278435715,926.4161833483538
120,349.89247231551667,1009.39298676008,425.06603822596514,1059.1356915117274,417.303663335634,942.7805760570698,334.887301342075,1137.6198159133048,344.5887719639256,879.4882320989852,169.90352494198882,1163.6936404685778,192.99385636308568,873.3883007758685,667.5806048756613,1048.8574057305061,664.5899976028422,946.3507117636497,822.3545556880717,1091.7750619948567,831.0496608876127,916.2615401739588,989.3590829400308,1079.2401462753935,974.8975222504495,928.4418447748167
121,326.5017256718153,1007.4936193372291,402.97347081188104,1063.6491202327104,391.8938681673166,949.0834564500483,314.32181657213226,1145.674009974786,315.20876523577186,885.6144971097768,154.71510215605497,1156.4316439435904,160.8171683759156,870.4565434172082,633.5800125260967,1051.767292681378,639.9972585769871,949.507499823756,840.8014767749721,1061.694926108445,835.8176291159442,914.3476864312346,986.909298741771,1070.0215356337683,980.4291094419084,928.4291918640362
122,307.169987513588,1004.3601573801146,385.75076678639425,1076.3874992914361,381.7806928249267,951.1735266714215,307.694840052968,1144.8504773209324,299.3741952427342,879.757047340679,137.05211465783484,1156.321047433241,140.38512141868878,874.5415443571766,617.2342300415039,1051.254458795305,618.8423935551637,956.937848272611,841.0076110601734,1062.0678558461725,814.1486307920497,924.3325305633209,992.3672927588573,1078.1957946149503,996.8555508974468,931.8430211209445
123,295.57513822349677,1010.7552830389894,372.5914874529497,1071.4490445688489,367.4343935069864,953.147556997239,323.30396619977813,1156.8685112588114,291.8927964308482,874.2120500350156,182.3909411783801,1169.0043152438466,142.32946844807836,866.1435828955186,631.5830634505293,1053.0790455949211,614.4469885956325,951.0072747089687,835.6449734870106,1076.7827171757326,830.0601533268456,928.6262542477958,991.603520397092,1074.1206515702495,1009.0668438935,934.3253816917135
124,282.61956357521876,1018.4961535070505,350.64629523744816,1071.8224559506452,349.683714223001,952.4995721709107,274.61505607138685,1168.2996608893895,257.2359743353914,897.3058916101729,128.91071580011294,1154.4718503706777,107.95551126428016,872.8401999154746,586.6538950866778,1047.1751575343842,587.7813962532113,955.9173965173816,813.247941293704,1081.0090079997763,819.4051692451704,929.9009952362981,994.3928900868747,1077.995099383711,997.4975626614375,931.8809310834606
125,278.0905158808079,1013.4023678994722,356.1402353477726,1062.0483344622521,348.86835371099306,954.6764419185687,268.4440407424351,1139.3334261342764,257.1687946890048,898.349843021704,103.02319081458995,1157.0169787158168,110.77456252317589,875.276196863089,608.7150772650313,1050.677055005726,594.6311010650912,952.1240324066633,830.0223365654715,1075.646700442144,816.6412956227871,929.2760499481942,990.9746094208855,1074.0829757028955,984.3796866457856,934.3462834298655
126,274.326915083688,1013.6962326688858,351.4703495387758,1067.366311930279,347.0263130674126,956.899710269118,272.03642672773145,1163.507346462275,256.72449397172664,902.1985746743835,110.06563613876719,1153.4021054393313,105.47153854866175,875.6197560665628,608.3174345118172,1046.503860058809,595.0990964098311,951.465333017858,827.0526474256974,1075.0580668116563,812.8116954907639,930.8949202426123,991.1301783250428,1074.5304674405022,998.3770751953124,933.6643615319044
127,264.44192159625425,1021.7940676518874,345.9995137327514,1070.6459784244985,340.09054262089325,954.9590277409046,295.71825927813745,1170.1802482296666,247.1356635719964,900.102182538259,155.8907136557471,1146.7622531327495,101.10118766754904,877.0186714211604,606.9736902363434,1050.6802408525298,588.7048980752575,955.8080094987027,816.4374663770895,1067.366217754064,809.1628782274819,937.4542929195991,992.4185078971872,1074.8808157400206,982.3511279915956,934.8039805057031
128,263.1314302947958,1011.3750896692102,345.92704093347754,1069.692713998855,339.86253925665767,959.7612902033776,296.3220590856822,1169.7205468821753,259.3545694934066,849.0422996504179,151.03407980096665,1148.1482660095978,108.22695745758334,873.0665820456007,610.9828637945326,1053.9651980319504,605.3746464286576,954.1602028896492,828.2091879379609,1077.4340681290469,791.3638091862433,937.0246919720249,992.4004680499609,1074.9081517316943,979.2354371674813,929.3316394769472
129,264.4843431629037,1009.1323090160183,344.7423202752757,1069.799902675609,337.0029619402011,958.4070335461058,303.12706876638185,1167.4495036106264,242.9626554134453,897.5973199063764,173.8981992525614,1147.9905423760679,95.43229726883152,884.5336319855433,603.0741259273534,1053.7488819937948,582.1367650224266,954.089619162151,812.7844261099984,1068.2447069379707,804.9885173147769,938.3850902638657,998.1521483422565,1080.09811816191,989.4475103695773,936.0862394468825
130,263.0783849202765,1009.0626643599176,340.0276743761119,1074.0083195268014,338.76561636112444,961.102958191501,256.4026322383409,1142.5416512247573,248.37032094888474,873.5688493603911,108.27682653856215,1150.2948244698866,95.35412682978478,886.1122930724335,588.0138335705423,1053.687817463535,584.6011830740384,954.8317223520161,802.7404140278949,1070.8033401522894,798.6685383056323,936.8298756909844,1003.4773447609691,1078.0466319356747,962.7699473248346,925.1585779533415
131,263.5005701161795,1010.0652455057317,340.98357599950424,1073.0667914755638,339.6069442280247,960.3513310955869,260.87373383798587,1141.0991198380673,249.87347993491062,874.0791996851466,104.40823695129473,1148.5709396238979,94.8650258415232,887.8320462733486,586.7846206942831,1053.845277403664,585.5667321114607,956.0888564245041,800.3137773283125,1067.4485466009025,799.4696212341943,940.8644667940049,1003.9613441249019,1078.7116613114783,985.032568659987,933.9353273547283
132,265.958796303976,1012.8907488865682,344.80102310875145,1073.5589308111569,339.8111578701996,961.3524646184446,273.4048741691599,1134.901400642479,266.10909867503705,846.8074725148961,116.58944723975053,1151.7221955040814,132.73386624141537,838.658773294711,581.7449886684144,1059.914813017162,587.4468983227316,954.9786560820974,794.3372351419475,1074.3991817611707,793.1976589703901,937.8082091522778,994.196756472048,1076.8656568225915,970.8520697679259,923.7183711425423
133,265.81473836663173,1011.2918822928267,344.84926486666393,1074.4282068705227,344.0102740165006,962.7208113828011,274.34181312590795,1134.1862372314993,254.138261078238,879.8703588167593,114.2024884267343,1150.9153757648903,99.5599292313634,888.6072355854783,582.0301599589374,1060.3831461612833,586.3399101326772,954.5736828873388,797.2552597879278,1076.4505643935697,798.0504026524577,933.531735859576,996.0554811951397,1077.6916468029597,983.0980458402199,931.4889790957506
134,269.32707568991475,1010.5938777881541,345.7662627538872,1068.5752809231637,340.2342124785186,962.7075015929234,295.29644910318797,1165.4418449766229,262.8003825570889,878.4458937914735,178.9905284192069,1148.7976594430222,105.02000796314333,887.3084372829463,598.7730588280488,1063.0306465322703,586.3211041712171,953.341372655999,799.7568477734787,1072.9236362297513,792.7516277992834,934.9986393779276,995.1968760794254,1077.078680729358,961.8764719572426,928.9279541419238
135,267.4703341621726,1010.025365242268,345.5767131006764,1074.5933623527624,342.0828035997011,963.8959946586839,274.600131576796,1134.347722532117,259.9331062822875,875.7236872553212,115.24183489101296,1149.5861484547208,107.23511208483394,887.4317348012147,587.6451638647111,1056.9886783148593,595.4885704030605,952.4583539325117,794.5817488036632,1078.5956981022687,794.1228282963191,934.2419254210484,995.3573502241712,1077.1971503712516,961.5359114112407,930.0120982801451
136,269.5846474472971,1010.5538562603684,346.5231742412433,1068.4713675606172,342.51477818185236,963.2563995877056,293.0343347656091,1165.2345664916365,261.909413133083,876.9747671425824,149.64685854273125,1148.4331517496328,108.91359872408744,888.57840017393,599.7363564003894,1061.4549123916795,596.87533761807,954.9854307153662,794.6972940988131,1079.1907558959692,800.9648224095218,935.7940362149701,994.5311074077075,1077.9633963064268,968.7849541045289,930.9468069644118
137,269.9989049681141,1010.2787191039232,346.6413728096395,1068.4449033716162,347.27523858277476,958.9773862279575,292.1775150175057,1163.822586541663,247.4898306818095,898.0570195721494,149.0385879496759,1147.9637532791262,108.2078494703196,886.4176258140413,601.7837832963048,1059.023859443076,592.6887028052996,983.5952579405797,799.8079691565703,1079.193974031761,804.3283886903283,941.9391008162656,994.5782636138955,1077.517554670638,974.3022970291355,930.280792774478
138,269.8432230554104,1009.9892809529414,345.38139080350203,1070.1202006904105,344.5493090447276,962.3438576299596,291.13951594993875,1165.118427038368,266.762548578111,876.9162877494146,148.83801335011097,1147.2678233419247,108.41805139350642,886.9778303360782,600.0483738337443,1058.2158085180504,595.5585345800273,955.4317001802443,794.9723076789369,1079.2688589215193,801.3208833751504,931.9642629069848,994.7075768658026,1077.3144535734582,983.69035527362,932.6722837247715
139,270.5925048963301,1010.2716182173394,342.7104031745107,1071.7157711166394,348.9622402067147,957.6745578561261,270.00480026820543,1157.8669190529426,245.71066431013287,903.2014612202081,107.21527347639105,1154.8078536146447,109.48198316001147,885.8840835873999,605.711969740214,1056.199417730888,594.4541568036817,949.3983951655493,808.779135358039,1077.6922750928488,808.5100926053849,932.7009159847711,994.6825877463708,1077.2561188080485,984.2002063051776,931.8324585857855
140,270.8060264246361,1010.3339507630606,351.0370188540693,1061.2156391354015,345.40935866079343,961.6597669883129,267.50222919201195,1138.326168466718,264.1666696099528,883.9953792664517,119.7530717688512,1148.8714155635791,109.28045225701499,884.0250649546807,589.6471007189608,1056.774986429656,601.9984389281551,955.8376501168862,800.4218047927043,1080.539441357458,797.5701407741352,932.4782470882509,994.9558333705708,1077.2762476285534,973.1476744811773,927.9330919141021
141,270.6491263635137,1010.4913367075924,341.9947399739636,1071.814073594855,345.29217800641396,962.0770725583785,268.9925892486374,1158.993990391515,268.0600219647193,882.6989817847057,109.07220948347035,1153.9331260978256,109.5431088967193,882.7491474361826,590.8902349087599,1053.365035214729,601.176554390916,956.7794035183517,806.0147983169059,1067.5856321896813,795.9084061869409,932.6926392408787,995.1027384536009,1077.7717073483998,973.7987885394548,928.0494336780602
142,270.116312665034,1009.8557256268369,340.9835441896912,1073.3926936478233,346.53660267010156,956.2783551128537,266.42440557789894,1137.0894975402966,248.71092301506368,904.4317200917869,118.4189441021149,1146.8468099197512,109.52549898422895,885.1738466014765,571.7757678186939,1052.4306659011786,596.0620169521773,949.8949971083418,789.125501312732,1080.740449724611,799.1875097128442,933.8883630218619,996.6527020636707,1077.3979481872964,983.7672285419756,931.5604198268019
143,269.13234474135004,1009.1294622035872,343.4755865526137,1065.487854317827,345.255152723414,960.7607689156067,295.3718658169472,1165.7577032555912,271.0805679638767,884.3294814962574,174.58485190363015,1146.387512520952,125.41580914520938,885.1273383505637,591.3278013212008,1054.4507847210662,600.3301123431817,956.7656645540102,798.2517969406782,1079.379820028357,797.4628024107458,930.9437223570387,995.6883309938507,1077.945927627642,973.0511882866311,927.6108024087048
144,268.7535270354837,1008.574879328877,350.1609752640147,1061.6324576799,345.4022125025874,952.7954321307002,271.19475782615154,1131.578312186438,246.8629483345736,903.7935659168925,126.69763545221097,1144.2104974728486,106.24234054426532,882.6131179663822,585.6422064177236,1052.8408927833395,585.395797560832,954.996805184033,795.7754913945191,1079.4995570130247,796.9432986077159,934.484134536732,995.6820453747971,1075.9709733658904,979.6292352862413,929.5626066433517
145,267.92939898561593,1008.0610216128135,339.86838891385275,1066.6682563013755,345.3881063572917,952.7369191031698,276.67248397251717,1152.1084336863119,246.3273326938267,904.7109229699555,123.16406279763567,1143.5234147183253,105.33893917564917,881.6713646490026,590.7638769559029,1050.292533521351,589.4972718118536,953.5176493401567,797.3995517785279,1079.1957068741103,800.4941376288008,933.7992460880098,998.6688408274954,1076.0294097070744,989.2148754547104,934.8776054522468
146,268.35961038331527,1008.2752994086093,342.41160154652687,1066.0763238126265,345.5436181712057,952.4315601267595,275.3532955333377,1153.4860056835794,243.02750189375658,903.0047405615701,126.21302400050764,1140.8189455995132,103.81771221582538,880.3024440436658,589.679305643347,1050.424723292343,590.2724896791852,953.5304357793558,796.6832389881148,1078.855901601821,795.1700950692007,934.2720577736097,999.3307956700517,1075.9437645121063,961.7236187740172,923.6670595683394
147,267.97790526723674,1007.30198217612,351.1521596623335,1062.0308849550538,344.69944198667923,954.0145943534453,260.2124326033772,1133.1969699116862,244.7027097783876,902.3741742988268,119.43551942802993,1140.790041573866,103.9784783411708,880.1078315835767,589.3626727735423,1048.0280240610364,588.7612503309708,949.3249996053569,800.0265179746947,1078.8282339753341,795.2367389713679,933.0363810789402,998.7580944750802,1075.857645745316,956.4230083272113,922.2737783057826
148,265.60396721521187,1005.0585063006579,343.61516399408345,1063.8654779774752,346.5257230443669,946.5619851700267,301.4554744765104,1153.779780312902,247.74583605703046,884.0744388532675,156.81493136600648,1171.4114270010564,109.13326189018814,877.0317827683,598.7746740968702,1052.17127769857,594.4585887477364,948.6422583743284,797.022713312712,1076.9516437426812,811.2617513014219,933.019168357653,1001.7463946993546,1074.9064404153369,972.9659259334807,929.870448844736
149,262.42597570034866,1001.1099518965834,343.7430889987821,1068.3109350155419,340.75939048251183,957.9575062568883,276.70752164446327,1153.1129198824108,247.49874278689856,880.8120563851833,120.4309167849537,1163.4115853964802,138.39430125699084,865.7160127907445,591.8823608775442,1046.7966350748818,592.8546227900353,948.2329376018897,795.4803217775025,1073.1535694758566,809.215891457348,931.73789759404,997.2862450509139,1073.6332304630098,953.5482209184544,921.0226183687389
150,262.22800347832924,1008.2015876854106,343.85983570034387,1062.1000883283202,343.83870527865207,944.1744405394701,262.28009991590005,1147.8315887339058,278.2072799940568,855.421816610747,125.90737455688,1146.707665907995,167.47774945123916,848.6886181855886,589.404826468082,1047.8625039823087,598.1040830574977,947.091368339589,798.4169347388536,1068.6272937738222,795.1040779877701,931.1067770370047,988.2846157634522,1075.8542917267002,955.2505696052382,922.1755077802111
151,261.969208215086,1006.2363951246499,345.575532454353,1061.4675954893003,349.18973528362216,943.8399898576702,287.1305178479813,1157.1509295820226,263.35428850548476,844.1851095834434,154.2373266331706,1150.3917291040023,163.53730852799234,871.3862415905126,589.0262923718118,1049.9982644669017,588.4876082560486,939.4656472973401,798.8026384321394,1061.9718768297093,808.0890807311773,928.0106848745465,997.5658834430113,1074.7615664536072,973.9344831746947,926.8979093171848
152,261.59195655654094,1018.537223754255,351.9912007385174,1058.0756423580217,353.4972902454232,948.4551719424481,309.49168330516244,1186.1291351430475,304.4531857176782,819.9122894309533,198.12265765682463,1148.1316264178454,194.06748509996112,849.6417070398604,578.2316055347457,1035.0373610497222,602.9023207923681,946.5135678327058,787.995717540984,1066.9567826247935,803.5967415609966,925.487792858037,991.1274515543864,1077.311524693183,969.9115898767279,920.3169926538966
153,258.48574907478957,1013.5592358748236,342.14425681006304,1053.6343825520355,338.27636837804266,943.6764219173346,337.8648145239127,1190.8665579544281,326.7556309296964,807.1077811796819,220.7695609540406,1148.842417361717,225.36404980484622,845.2438688593521,586.3782265592458,1032.8777807096976,592.0380735955405,930.6628337246281,799.3224509577757,1065.759515362921,815.4308753143825,924.736124076535,992.564054533781,1074.845038868766,969.9021708236713,919.8055687202942
154,258.0569527952197,1018.0200564169342,357.0891940609221,1058.2705551696822,348.59961101695677,939.0938961076702,363.00534682404077,1192.6889591931772,407.4093408671405,881.6377227188997,259.15920634573547,1158.2003795391142,390.47116323007253,835.2167978416376,579.4055734716248,1030.1251949447644,574.3421768367058,938.5821916634857,787.5174607691125,1063.5038843652417,790.9766609926062,922.6295925255299,993.1514026408697,1073.3154630976333,948.2703879719747,915.4731937719566
155,257.72856167916046,1018.6716293570402,361.5954398116767,1057.0889817012926,353.63985914867783,929.7721594839215,396.4978062067912,1186.2530925675055,392.2016411670937,874.7607085531376,287.3714688106383,1164.0174034953907,338.2513973399783,848.845587064027,572.4802754852334,1029.4875856465403,599.3525900921369,932.1375417604244,798.9163414368549,1060.8561725602442,793.238062120693,919.850917594736,998.606895402132,1070.1479369309964,951.7547849994952,916.0896685822408
156,264.1559667798105,1019.8490782435724,367.31543284243816,1053.0557827245304,353.93360971319345,920.8150348200858,446.43450882096903,1149.701495482412,418.7102055394603,857.6686289624026,363.87414681740944,1183.6761582239335,369.16677400566664,845.7841416582477,598.2111435035735,1025.3921741987308,572.2567763905221,930.1757065817156,812.8141173894755,1057.874976052334,808.3483260195649,910.1021210994903,985.8692005613844,1061.1441639081072,993.2002524684711,932.3941087127171
157,262.7590746687354,1021.1159985701361,370.9589609709145,1052.4655689516985,358.4484883123628,918.5552900035447,464.8364387780079,1113.989067666238,482.31681166451676,860.9149947996792,448.5743730244928,1183.5008007668994,429.34759787372246,850.2806650760156,591.3291822019262,1022.6374338165441,575.7374931900956,928.041454430103,816.4834908236143,1050.7209081600731,811.7393197256814,910.4391145390855,990.1421360665706,1053.4843006456363,995.913578623758,926.1983779806324
158,259.3568812297131,1020.5001951017248,364.4852541761063,1055.3791583731804,355.27627982150744,926.292534014655,480.475964391185,1112.955577886779,479.6516730230403,873.5227487579504,483.7003101701079,1171.7972669524363,479.8898803056139,830.100399468595,590.6761059804452,1026.7421956170929,575.7195303561008,930.1816827352218,817.1386283209791,1054.1110029928304,794.5537675527664,912.591914191656,981.465138979789,1051.750778882141,996.2877705131302,926.9604922707339
159,257.85668089113864,1028.6108434314153,368.7817259293694,1060.3742836329275,350.95844459781716,925.958229978675,473.2074207757322,1100.0832567067816,479.4340363094493,888.8617737130328,512.1594944669924,1162.9421371471174,497.64170206414707,849.2091469410849,588.1027188939762,1027.7268543565738,572.2671015209897,934.2277532461196,807.8358616444472,1056.5148320362728,783.1277972297023,928.0292604601971,985.7628185014265,1054.7917799770964,979.1263864316307,922.6327736635229
160,261.4815664601419,1030.1465803450474,363.70675889351276,1058.42406374492,352.6047095706776,927.3060665088573,478.48964582029026,1099.449345843044,465.7556794244694,903.4625768836679,565.424897797861,1143.576216631125,518.3774063336058,842.3475923895573,591.7129478404984,1032.3439872343693,572.8664211675001,936.0178116820124,814.1696477029351,1058.56491503691,775.293400569762,930.2932136081581,961.9967987695502,1076.5329188025235,979.5000445858244,923.3772743107378
161,261.66221003538607,1014.3915454155378,369.12074621074066,1062.8146759190165,353.41422712229314,924.5834960489043,489.0028934950016,1097.8026316780804,458.5533658487744,902.4881665344014,558.1579252523316,1150.1183476612728,545.5309215292664,861.6439328274247,612.3105759242421,1042.894636346171,589.7096424946084,937.2479676324423,808.1457249674902,1092.671020866579,808.69291197184,920.3570928860903,988.1434578765353,1101.8282074266108,975.6665750411769,921.5755676224686
162,252.9839881033829,1047.316355932994,367.8253086521659,1069.944856014434,348.1042866899071,928.2191022190428,488.4603185368452,1104.2204823938912,470.57082256818154,901.1128601477832,582.8495057382571,1120.2258377019139,559.4197286213947,864.1497251130833,617.0343264615736,1050.2005334499565,609.527599002357,938.4461662298087,833.4049492229565,1094.7688296820468,806.032844860935,921.285861069275,1000.7587160772713,1121.9320214556737,978.1428236645127,923.1072657218671
163,254.13803204758423,1056.226116015051,367.2731144065509,1077.0846609189878,349.6970355030154,933.0251229851672,492.4390578052932,1107.8797920445675,468.7911539362993,907.2312648080887,582.2015525708738,1152.3422611188923,563.5366391701567,870.9822437922628,609.5912293432903,1050.0704908966582,570.8833679576223,948.9639427975467,801.243004247023,1094.0842735408248,804.2899604271539,929.0463824135517,999.5883506854271,1151.2830126101617,998.4452553440286,926.4129598310641
164,247.42487035585162,998.2165770632305,353.3558403779068,1066.0150285506406,343.77413403693345,939.641303427512,487.0519373909859,1114.9820657095254,465.4794316236002,907.798221092028,583.6900910971533,1157.2990418601614,568.6422400604764,879.528055184033,588.7121828572803,1055.5775560411262,600.6030914346325,947.5174095944217,781.830885704844,1109.8928812827196,803.360067846251,930.2765551811628,1005.8634899124522,1186.8091587175963,997.8459490911238,930.6119496431709
165,252.32399040142798,1078.4224942534572,364.41309076911915,1087.746144336081,347.675990661502,959.620198089353,494.1268128195416,1122.8162822961633,478.37313216746395,907.5820570811903,587.6545085832573,1151.9460886913919,584.1109771133243,883.4086183972609,630.2877732216149,1056.638582945746,601.0028985944929,953.1872542897714,818.5743732725225,1129.66294422472,800.5169964952803,938.5584545485857,1035.0870757357195,1218.4363228673888,985.4624344189548,927.2665140122548
166,250.87261477744468,1025.183325661709,358.76093434109333,1099.1879530324384,339.217984884086,951.6137527140688,493.9116793708156,1127.887725774021,471.53834272578104,925.5228519930199,569.7634248026635,1133.780706042669,585.2779418687361,887.0433789995294,635.5392184214102,1058.4533858456916,598.5358908892607,958.3420512853171,789.2119647374543,1140.4988070115896,803.1146608310496,947.0954396109823,1003.5830357108841,1223.0166682033835,975.9283892230962,921.2849347789353
167,247.95905447130238,1108.6733312557762,347.29027826237274,1101.2115065934113,333.29372480414776,983.1082976241046,486.01954287763374,1137.364458452683,463.0085933471997,925.3762303898214,575.6618367307982,1180.588685875864,580.8470411759514,898.0276251574986,612.6838624058836,1070.774656768059,596.4213285458568,966.6802525572879,800.9366040918079,1147.7189448999186,803.4044194314507,941.5097588532818,1010.8302473308826,1237.7053673805165,980.1196836712146,923.8484675108205
168,241.90329220577084,1119.8103968208982,344.88951198146304,1111.784276016314,332.66163636246023,987.0023791602567,484.0343694600079,1155.3308975477592,470.00244750778137,937.7329166140477,562.1595229687089,1214.2528799086438,591.2049685653071,905.3148346732067,614.7667140489436,1087.6301394202621,588.7735195432745,979.8734986966012,842.1430693677249,1163.088326885103,801.4804052345464,962.6217662578642,1048.2200219014221,1259.5774151804167,961.5457463357476,921.5333860959314
169,242.62541078932108,1136.0044113035854,350.2850790730688,1143.0279953597137,333.0528317688345,1006.5869580114003,477.1489311783769,1171.2570372055245,457.67678919322157,945.0542710617481,582.6030548589282,1175.8343054598347,581.7843069366733,914.1897475377854,614.6025044276283,1092.2475978786854,591.9539617531011,991.5690663805086,859.0314807197362,1163.1720925919017,837.5222185529254,953.7780492643851,1073.9360042666272,1267.099232109569,1002.4266880665396,924.7211608214033
170,224.2310561718339,1175.3634295999611,333.4496652134373,1175.0334065456236,318.7082846484041,1045.1766871354932,458.0346556168694,1202.3865181098172,446.4092123182914,971.9896599897824,530.4398372734477,1228.3806991857437,559.7530715208214,945.7420783004369,598.6338162267161,1124.8051319220415,587.8648457818596,1017.9270444557477,816.6262412102232,1170.479464562477,789.0155083367356,986.5511566991757,1030.2833328941554,1249.8085325803063,969.1506629864477,928.6682299320354
171,211.0340719136212,1202.8377526792685,330.5731433327703,1200.5564549633198,314.8691636509951,1067.701380138972,457.7247758029496,1241.3299680614543,444.65281239721645,994.9749920667751,483.4760295585166,1272.064032291858,551.1845104033987,961.312492196828,593.9574482475052,1155.8651753579056,585.1312631376387,1038.8750251052488,836.9853331983786,1190.8536342870304,791.5831321547648,993.2796046069928,991.311249156302,1244.3381941414862,968.1333163562769,940.0253970827977
172,203.70296894341357,1252.4176267558034,319.5032694683893,1242.0925730663919,297.76947589472456,1105.4408272008175,465.67196403275227,1313.456852875765,433.17830230851786,1026.995726731838,564.2311945507213,1395.353065955998,554.2440190705893,989.2329451584098,619.5451921976434,1177.4676814138845,570.1420493057707,1068.3762677463865,815.2658774793845,1223.9340161751686,791.9489128598931,1030.1753336887514,1038.4023008110928,1276.8741847030562,965.5990313569032,949.8001132267176
173,188.89591333614987,1277.8849955046555,312.83427319074013,1248.3638936644702,292.9178023617351,1115.9427774556852,455.07415850853886,1306.7252097035225,415.29858969898,1040.3187349138675,513.1926560990987,1304.9402815169224,541.2144504442946,993.5731666671451,597.4090031498584,1196.4282284862063,563.7643358208268,1073.1410198225685,806.7476324545236,1216.146653264345,782.8762773729579,1031.02377527869,1008.1628424913582,1266.8156026129684,961.7488021007284,974.688103176232
174,189.59309068240796,1298.9352791454755,312.37067496668067,1265.881638257141,295.20336890251644,1138.2373952760495,451.0454465260896,1358.1422410862663,411.54016050777756,1049.781768148564,544.4040230749797,1364.0222632122952,533.9118696592253,1008.7459901113182,614.00912484515,1200.4128940870971,562.3347680001326,1084.975134340128,818.2970921549902,1237.44908968374,776.138936205245,1056.8436590526842,1022.6454418564338,1271.0547370546274,936.6472373238155,991.1356635727838
175,179.9090199236442,1312.8061315577143,295.2490250248903,1294.7495863421886,276.07637008547937,1153.2033573013296,480.6973754228014,1384.093568957439,421.3525583096071,1060.9849658807702,470.64546245282276,1431.7179075713373,529.7551601791878,1015.2139449697659,605.0971737825669,1217.3418126607276,585.6249179517649,1105.9355160210782,820.6269439826241,1251.0858802318924,776.6934736621395,1071.50342729668,1021.0534055831373,1273.8260087259196,944.832846129359,1002.294622753404
176,170.91342690397144,1333.242052626207,287.9897604993168,1308.5654469082936,264.8270038262455,1166.0892465831075,450.95902813736575,1359.2289986144438,400.7550008771323,1070.2857544035005,521.3576343992752,1380.9612276972787,529.75919567252,1019.0692322539724,589.0176240303426,1223.9045171576506,536.9039368350421,1113.565341969083,809.4167926516117,1245.0455130101302,771.1081680674856,1093.3692688840354,1016.06806989454,1272.8288534754433,948.2372257396365,1016.2500417066094
177,173.08050758351894,1366.8452214809308,277.8770338636381,1315.8331922184975,249.6223260584361,1174.5261680720748,441.7234688152417,1388.9647953165183,385.10290168196696,1090.817055124119,473.26100984692414,1379.17507168828,533.6603323907939,1048.144943831512,604.4855574668616,1234.0108593696186,560.4039284218737,1124.8738388521194,840.7996545749461,1254.4278140211702,787.1155236074301,1096.8493221823912,1041.6825709200339,1290.1422689803642,956.5839057098904,1029.8780039073263
178,172.12276099097122,1379.6959033212095,283.5503294191993,1286.8530775710647,257.09818761897486,1203.7745598114036,410.2525006159074,1365.253905801542,383.8831821932749,1123.6853780753468,398.55585088345407,1420.5613122137045,517.1974642208555,1045.5694160769742,549.2232492593237,1231.1119143495132,526.5685803496481,1170.5714992772648,807.3790917315935,1248.3900262186582,792.2122391798716,1168.3997194176645,1039.4487177597066,1291.1863815004908,923.5305148324358,1170.390312648888
179,159.83376783884393,1394.82835745829,275.4010973113101,1337.1506026560205,265.0139604774346,1213.9612175172783,463.3581952465836,1419.9931891537344,378.4418119844751,1107.5975351662955,476.1087606725209,1423.0458017555254,509.6496466449395,1045.328189757359,572.5414681899687,1264.8823452065922,523.6471965874125,1167.0479846648834,802.9109253405904,1258.5632678500701,786.2143924549434,1125.0468916826437,1038.4067632256,1289.4144768753445,928.5263795691441,1035.9146663040733
180,154.71193188963693,1402.9207120582867,272.53353441335133,1353.7943785230875,256.3980777427961,1226.0594384657995,426.86134556645067,1467.173169070881,384.1420229947768,1118.4195910474118,484.50234270529876,1616.6057237433126,500.52412516739025,1051.2736411448527,628.0942298749023,1303.3653027200244,577.421125652576,1169.3408472199899,860.5858451337281,1294.0815110385288,773.6422516186618,1115.3455119024386,1064.0881167586665,1314.0487830101088,948.7556473393433,1040.6779648712854
181,161.0267230531174,1412.5516587929374,263.54099536593156,1303.7285471067632,253.70968847187967,1234.017662255752,412.6422627105514,1312.9267504353634,393.1430187646992,1109.7169069714796,417.82607890849613,1312.6912268218882,497.2774120673091,1057.255252835332,571.5526691927867,1254.9081059889616,582.8302859143876,1208.44482421875,835.1270022472883,1260.7400595660074,824.8192114761808,1254.5957329026223,1054.895404501296,1282.1230153035453,1040.1823578575343,1281.895001234157
182,149.7463027150485,1433.4930236054029,256.1299116434759,1332.8188250539586,245.56389584187878,1247.483698545704,473.1596586763161,1373.8230540593,418.814374306112,1153.0079066762148,490.14474724917164,1378.6984848818474,487.47536618315814,1089.3019488556783,637.8246443293339,1273.6573808321089,589.1554107467591,1247.6754339191514,876.2954032312598,1260.9739566217181,844.2500569575474,1260.759799573283,1052.746678837254,1270.1933590162334,1051.6567885891202,1273.4105880255213
183,150.9489138817756,1445.209115145401,271.971313714671,1382.0571152731218,231.07573813052727,1251.1035066558368,428.81982820706804,1502.1783967477097,388.6852813046062,1131.733362560847,486.1047610318862,1592.3590226912656,496.9410423804631,1083.7169371274883,602.4992090951946,1335.0878516091398,632.701738900729,1226.249235827287,829.8220402180606,1305.8886067364517,845.5204940121257,1264.5492600799046,1067.4459077167883,1315.543481965524,1063.457481523174,1292.959573649029
184,147.99641007719796,1448.920398967219,274.6493704886368,1391.1197112431691,243.90958365600346,1257.043663322006,426.4555219990069,1507.9758387782135,374.973175882208,1137.2053026680032,483.34388556809046,1616.0749452522273,499.29799817783464,1095.8650966534976,585.3822579650482,1305.872386565198,631.2434833164488,1225.268872195881,828.0379118503922,1289.1377765619081,805.6444631162328,1264.2965610792846,1068.7737176198177,1303.2082537918036,1042.5488914221874,1284.9774497856909
185,147.18242307943237,1455.4918198091507,270.028172109775,1411.2521050626265,228.3029416881705,1252.7594480717735,429.1128347567991,1501.3575568609078,373.60188497833525,1146.1617512811554,482.0744563823248,1613.6473811119467,469.6410813350206,1101.723530900382,571.6707940963527,1329.1834590331673,577.5955693278418,1264.8278763747935,803.7126889991512,1288.1261366732765,803.7614514334769,1278.3517826032673,1047.5827963423512,1300.9887753612063,1042.5890816141632,1288.3509453879308
186,148.66236023227012,1458.857255945479,259.7335335244128,1410.2111861252067,222.35452272492049,1246.8932695129529,419.05183891326146,1513.881240385057,375.1563481701676,1154.3816500740136,480.19142260011984,1639.1151279110318,486.9801697650408,1102.3698256000011,552.2762493039294,1330.8586224871992,521.1529961798063,1210.978881477171,801.8893267429386,1286.8563551135487,771.5693179404626,1179.745935892726,1048.3070743099454,1302.912687123654,909.8374983114136,1078.3110464573958
187,147.20651013953477,1461.0160304061812,260.10938220278337,1418.99366167168,222.01377835168327,1249.4456608623027,433.24055511712714,1502.0838128845978,368.7774587266622,1152.7870378907685,504.8601067174705,1614.1596674306004,510.3454966848941,1105.0102381597628,582.1688852322582,1355.469159890763,560.5571405537262,1252.9244562355059,776.3812412614164,1307.1922594865048,805.7026777527886,1256.0758184002746,1040.7691009084951,1302.9040343475904,1042.7780412790523,1283.0579577466306
188,145.4601319837632,1469.2776711244605,272.5587411788722,1416.7892494173632,229.7519637208301,1273.5209073887252,436.3752548158246,1499.3776324494283,386.5540532978985,1157.5881561122337,493.8555962428625,1513.3769996581404,504.34728632357707,1104.891375332173,602.4219407154773,1324.6173710090811,595.9492742689749,1275.2253448463905,756.3015706889496,1302.219778897568,773.8926584667905,1305.672552709979,1021.5158573145674,1307.777791776524,1021.5129107213609,1301.0161638224852
189,144.53941469229707,1471.6637842765545,274.4298091139378,1424.717003165756,224.4432179980532,1264.2463664812346,461.2998746616477,1486.0763490383981,368.49389199007624,1159.7249619528093,464.35733745560066,1519.641681253516,508.0509765188467,1108.589314636634,587.4050781289684,1328.5255924311743,538.7304871042,1261.7329459432117,808.5754150609511,1286.351823113054,776.0724985646023,1276.9649423211047,1038.3814576822388,1287.8109394777007,1019.1100175359004,1283.7929598817398
190,143.240417783065,1471.0338853195606,278.3303913369445,1432.1914464318518,227.32024079956528,1269.5893006671624,451.7356295641439,1514.6212515175826,365.0887539668883,1159.7926665788884,462.7820411801183,1557.723110277455,507.22874575690577,1108.724210292079,582.2020357451916,1351.0169147656825,538.213740374859,1280.2088797048643,753.7245432205101,1303.3802202324234,765.4112106987961,1283.3251262499427,999.6033937134265,1301.311766143059,997.088535343562,1283.4094378424427
191,141.27275114716727,1473.411986766538,281.73375202868476,1442.4528222010472,225.88288610406286,1262.3013088161854,411.1763258935261,1476.6690805674828,361.34665827757357,1163.7599728126722,417.9496663940588,1444.063069864199,495.3204884423701,1111.2283403675492,555.8726761400002,1330.9121979903334,560.4026854952848,1255.4584368075807,786.3514468236614,1287.460383065565,785.5077033886208,1273.754338608517,1018.566890761198,1291.0599532957729,1015.3047361733544,1279.64589832987
192,142.0188747549863,1470.829775864197,274.26534099603657,1411.7171606642635,227.33295267053015,1282.074128094182,432.81178160668657,1502.3502064522008,375.8354910266415,1158.997073989857,558.9277203836428,1633.4941774882614,512.5913364524494,1117.1920087983906,542.0085211507055,1300.8347333449815,553.6696155483608,1200.745096648116,802.2348228325613,1312.1287650977927,780.2136567293124,1160.4449969648351,1049.538955192417,1300.2575401065108,954.8521493532257,1079.1906909816498
193,140.2152975327947,1469.6862775030424,276.31903342059746,1428.0304399051709,223.71666311752656,1277.703816612182,440.3572601149699,1494.053754505211,363.0353709346141,1162.1244003665877,494.33047990320716,1491.1313612052925,533.0221779851827,1129.4446235785672,543.4254360322989,1334.2947264369318,536.1383074498765,1197.7882621815588,822.8165245800241,1315.3751675439705,769.421208633403,1172.460447783684,1047.6455346691591,1297.1498299626023,952.4147200863445,1102.7410507482437
194,142.2507455228054,1469.42010861298,273.54436321283345,1424.6093355356816,223.9337118518368,1278.6285651527198,433.88070583963577,1474.1824531415034,363.6019391976345,1167.66181715966,540.9897738842412,1548.9061159110088,528.7466096319985,1120.9569014213614,546.2377677193233,1333.8382260717074,553.5885226245974,1195.4054653775947,820.1002243746397,1315.4995783596335,773.8028945228368,1183.23150791726,1066.7091951258626,1299.0626242229118,955.0726194840569,1103.8507533020872
