FrameNo,head_x,head_y,leftShoulder_x,leftShoulder_y,rightShoulder_x,rightShoulder_y,leftElbow_x,leftElbow_y,rightElbow_x,rightElbow_y,leftWrist_x,leftWrist_y,rightWrist_x,rightWrist_y,leftHip_x,leftHip_y,rightHip_x,rightHip_y,leftKnee_x,leftKnee_y,rightKnee_x,rightKnee_y,leftAnkle_x,leftAnkle_y,rightAnkle_x,rightAnkle_y,status
0,280.18906884757683,970.4948948482484,349.0185275034414,1025.6841224821765,342.96733136914946,919.4969431746104,253.1685533263128,1084.586793253476,262.2103272674918,848.7476989611557,145.88132806190123,1091.705713321145,167.02334794638526,831.2956745671842,546.2992925854746,1013.9425186056324,555.2689627212108,922.7667245297288,718.2749777249459,1010.4427720517645,715.6090327884192,931.512211695215,848.1414230406207,1021.7904351407514,850.4140915393209,930.0300408670956,0
1,280.28062083786267,970.8262753749402,332.3505096038699,1026.4837108334575,343.7681725431325,925.6737639954824,248.98522539473632,1082.2991642892405,262.38225294492645,855.540790095389,148.57618041714397,1087.654961579692,168.56259265398637,830.5701093932971,554.6164677822078,1014.7614284686356,556.6248352412904,929.7447212437862,724.5673066400892,1011.9116388078476,713.6709606631989,933.8113073703562,847.6359838627094,1021.384619741559,851.496482372904,931.561450383665,0
2,281.33206440661445,972.3178839420764,335.8020785695089,1026.0826022269357,336.3188875791155,918.1678342573964,250.43193970917105,1082.4346730991117,262.7427746508614,854.2671381875402,150.31253613793183,1085.465316155831,170.68609388969034,834.790599004562,555.8728080670141,1016.3302578530182,552.696081913029,925.0833477437892,718.0666750150167,1011.2790924901914,712.942041141624,934.1388065021412,846.9460892894333,1021.5932644543448,851.7915609134034,931.704275340039,0
3,280.99079199048106,973.3197829830218,330.3082492912699,1020.2637781595852,337.02304665614474,918.9530472822,252.2257734182132,1082.8082647610902,262.62591209461226,849.4678617837585,150.15698414320133,1085.1687714004238,168.0219457053394,840.8790058077127,554.0549589536589,1016.9257238417492,553.4144271830743,931.431115211414,723.5715235473275,1012.1942505286426,714.2761935865306,932.8927307353136,848.912544473715,1022.3595884212408,851.3514296255123,931.4618718177408,0
4,279.9273711900252,972.5278282866244,333.41589323720945,1025.7739504464491,330.44753274309926,926.818455703814,250.408471433642,1084.034494236057,260.6458717762881,853.8586031138066,150.33219995982313,1083.755121840702,166.50640700976467,837.5862262846354,549.3459360249176,1017.6687687096749,553.6858459194863,930.0574898702272,717.3141499334565,1010.9543873648886,716.4389548283094,934.0445051676732,848.1808055981858,1022.4962159100044,851.2292370839608,931.348085424464,0
5,280.5542220622882,974.4882447679284,333.74236772832387,1024.7500316611463,331.12933423026175,926.9956522877824,251.34410183513427,1083.954007206902,261.8181772318866,852.3586329811203,150.23319107968413,1083.258222570146,167.18621686779164,839.9917175382661,549.2388246831409,1017.6013963910958,553.898316719442,930.6044115098762,716.9832635886956,1011.3992680669444,714.5925150550078,933.8327243869398,847.7561928112888,1022.1070623012434,851.7605440018235,931.3603572579188,0
6,278.96355193675106,972.8801388148436,331.0986601949823,1020.8197864585726,331.3396834831089,916.6296850872952,252.2604347298452,1081.1052655087597,259.4664496284157,849.8223114574245,150.06378072135934,1082.927621004776,164.28972780006913,842.8206509513772,553.0343702338606,1015.5125053063812,551.4124514873688,923.0331248242044,723.815572785773,1012.2688707159688,715.2069915751641,933.065617412088,847.3264388889268,1022.0472402243296,850.8324809874297,931.9550511278184,0
7,278.33171998260855,972.6347075272448,333.47905480195084,1024.8563364268575,329.69608986486224,916.8277147953164,251.62816815320477,1080.1615095173586,257.6501956934737,849.2368434931233,148.932843425339,1083.1570880786187,159.35732564938547,843.988575259173,551.0664142960844,1016.4839027735524,551.5786848824728,922.8274776057932,724.1154623093623,1012.001093430698,714.9701839243637,932.178827267548,848.8862005910885,1022.5634832893726,851.9588457065379,931.1872741564682,0
8,278.051969084225,972.0870297871296,333.08789991123314,1023.7123792930004,328.19956071355097,916.8497123409948,249.080066854529,1080.5374283408698,253.78980500180324,850.1207209018817,146.93506997335405,1084.284849173877,159.12775255458718,844.4886112703637,553.3051608101754,1014.3470669983942,550.4544818912898,921.5572557302193,723.9545753067274,1010.5140109766415,720.9007378269389,928.9857813648052,849.1216173159595,1021.9549313894884,849.1032305743511,932.7881204687789,0
9,277.78893675388684,971.8529844879666,328.02783861891965,1020.0018767974204,326.0473342121655,917.587615944374,241.39069079732707,1076.1693306726013,250.4450292798105,849.7436151217223,142.60437153095697,1087.0502857037277,157.8127897979379,843.5376507985426,553.4667881443535,1014.6264964039934,550.1946941618801,922.4478075418466,724.3011023691323,1010.8197776015238,722.665239539971,929.1989048292846,848.7613340162021,1021.8765122009324,849.4329322547069,933.0968926602826,0
10,277.43201056134404,970.9433512298788,327.3850741343008,1019.1817462593208,344.0181427597224,917.3516251496058,242.23962037243984,1068.9564302263675,258.3135729369323,850.8721233202551,142.64729468813178,1086.642256490804,155.09312980661775,842.269412004974,552.8325855220403,1014.437792243369,561.3436291400725,920.9459471579952,724.032102852711,1011.1681145661724,717.2617615152863,930.7942438511004,848.6976082458297,1021.8497977722752,849.4664942861688,933.3414447456488,0
11,275.9632356393167,970.7605874652288,326.4555257690588,1018.7692430035146,343.8701969935463,916.897638616625,237.35046684354427,1068.8244126633106,257.0088670033627,853.4177413817105,139.99942308284523,1086.3227394658973,146.5795802449994,841.9560917749903,551.9548590254566,1014.9555000848932,562.6233948408704,921.2867628065302,724.533463008072,1013.073153583378,715.730512790159,931.1558610073878,849.2685820005339,1021.8792540741528,849.5625495414585,933.3460317999892,0
12,277.4487626134031,968.6019420974138,323.9087638309315,1016.7784583086832,342.1499517711148,916.301152707898,236.0416919326286,1070.0362412496845,249.139231767394,856.7703433180452,132.0425807422097,1082.5489518994536,147.61554616325387,843.1211611981081,560.9991188198134,1013.777928685196,549.287045680965,919.8151262607056,716.1201475066542,1012.0957778605532,722.211421326636,930.9834741372384,847.2180631907925,1022.8328730059756,850.6784853296565,932.193940531936,0
13,276.1037138007552,970.616849007456,325.08091860846827,1015.7696390292122,342.141211104176,915.1442026198569,237.6344193159681,1068.2045986335302,249.17699369869555,849.3264683058471,131.38746433977343,1081.2742770024734,143.6678264851068,843.9254119447012,561.0853522093615,1015.5830532027728,549.7797857118366,922.1000726322844,716.2753793942137,1012.1227546372368,722.0625045240622,931.7774226786372,847.42875531994,1023.6496532252396,851.3414855431207,932.164581097022,0
14,275.45881370574193,970.9618245670677,323.8738386652714,1017.8098419884564,343.26164513477573,916.3203922358618,238.18513222881657,1069.5280166166308,245.41462544812023,860.0281461313488,128.78841276131618,1077.0542083672967,137.27866950363733,846.0636956791594,551.7613462043831,1017.8873878607936,545.4440840881109,924.3629629343944,718.5254235400955,1015.1089178053096,715.6330997581134,935.7500458324246,845.5079529096307,1024.4676389000506,853.8123412312084,929.9647558970456,0
15,276.3311874478939,970.425001297866,326.38621653940027,1027.3445830110415,343.8270829774933,916.1933983011688,230.97412352444132,1061.942274554699,241.88297544561215,851.6696397948143,130.237440151418,1077.0163165673362,139.75252000191122,846.3626378919166,540.9801363479951,1022.7604084449335,550.3167675003428,923.9328803427512,718.4843733530826,1017.5596117500344,721.8362222381313,932.5293471023144,845.4824092949319,1024.550459481267,850.1097191759761,932.404124353144,0
16,275.9873300659021,970.7763054754524,327.4781543349723,1026.429095355839,341.55359612949803,917.3264928813544,232.5043268786605,1059.387471621567,242.87200213408747,854.2843092022181,130.49905744733672,1075.7307668401422,133.5176807107169,852.5413960520614,541.1902656108722,1021.8603932691094,543.9778321865166,924.6430362698612,718.1902015596744,1017.9354461512962,722.1422179064607,932.2208877103808,845.4289641212889,1024.41005216286,850.9954878629726,932.5838657129696,0
17,276.8712906161582,970.548142077378,327.15373978038133,1026.0137943937707,321.6880477885431,917.9876791949137,230.1285235996519,1060.1878994865335,244.15160309353791,872.5122675731023,129.31937010607575,1074.5568905955813,137.51710866300584,856.5593288121725,540.4838332832247,1021.7353272560676,547.4619633509682,924.280834548356,718.944899084044,1018.4352285593944,721.6239871656321,931.9163998639558,845.6903162238191,1024.293214460229,850.4459281395563,933.5842868600324,0
18,277.10195328076264,971.9856747382707,326.7392826948426,1026.4702570885092,322.061166850116,918.9711990748848,228.9294115123575,1060.1983665001037,242.7473451691269,873.2662531105059,129.21993330024154,1074.3154449799235,132.92872511984,859.7836236442213,541.536013500278,1022.8956999768236,550.0773166215001,924.8710530299988,719.8530391102804,1018.4137227480944,723.8091204163311,932.5355412064888,846.049968015078,1025.8960243466145,850.4998250125443,933.5619906412164,0
19,274.22045500597807,972.7895856937182,326.9785621355352,1026.234367196828,322.9873212757284,920.0832022191146,227.5917573092973,1061.2057600504857,243.85810365912508,873.0427339373049,129.18655911409653,1074.6330159206236,128.84070206680593,865.0514159528409,542.5063186070079,1022.2354655157196,550.9779930610805,925.8739651379386,719.7504079295383,1018.645427179722,714.4691566000989,936.175360416858,846.1827214145536,1025.873384384615,854.4010263549645,931.1602940163484,0
20,273.9351846027746,973.8276632002048,327.58496565998604,1026.4566149911311,323.60605495338785,920.0805000344416,224.5598361210023,1062.8134395198556,243.50184714685645,874.3772472238646,126.22881774009436,1069.9728418219888,130.19293387007497,864.2790082024793,543.041695506737,1023.2543250202344,551.2795119167769,930.5201540686996,719.5927584961889,1018.6178698739438,714.0665910271891,936.4256108358974,846.2165322322373,1025.9896462669626,854.3768107162495,931.1292663170608,0
21,274.4828705607837,974.683618706697,327.51704132913454,1025.634572339531,324.9884464774857,920.1579068286904,225.61567547107396,1062.361595495758,240.6194789573957,874.8933665144541,125.80064694190057,1069.428577296967,128.47817065036807,865.6016001256401,543.9750476559365,1023.3240376177472,550.582974784861,930.1955797810664,719.5344842580887,1018.4280361873452,714.0000542738658,936.6504309862348,846.8497798904796,1025.817899795073,854.4080231744693,931.1363503864634,0
22,274.6918456297081,974.2276941617564,327.3939594521789,1026.5070772976844,324.50313186149447,919.9121371794064,230.8642169372003,1061.403656566432,242.03459909585425,875.7489883680715,129.3144975124007,1073.62912236199,135.10103436998335,866.0595992380516,543.3407723733135,1022.4480985911956,550.2077355155399,930.166029302974,719.5880439470586,1018.4750691343108,716.0944103543562,935.7120188223274,847.2557949864818,1025.8031854342223,854.3744909437796,931.1582537559268,0
23,275.5993829436978,973.4971733009176,326.2341214342452,1027.2978265385343,322.7957846811441,919.6041897024678,229.35557728781035,1062.8566260411403,240.53419383511584,874.8603792772146,128.14764928135668,1074.3168098623485,131.58678094494326,867.5387779532944,543.8796148684617,1022.404722372107,544.7587711324306,927.553888022418,719.528972789432,1018.4422123983974,716.0886109231817,935.7269874589572,847.2154179537094,1025.7065498750055,854.3907561382794,931.1633937591844,0
24,277.2927887200999,972.1607818715632,325.3638022711745,1030.0851451641142,322.5398703824404,918.9255908795092,239.85926862500887,1069.4490727320217,239.34344337572512,871.5275973979382,127.07579117912618,1073.3220830128353,141.20659678128047,869.9954324535901,547.3231091641945,1015.4959178268692,539.4095571957266,923.2823985013604,713.2888792705163,1015.0897791804329,711.4525811352872,935.3343224227648,844.7460469467896,1022.9468739864848,849.7647909752259,928.7610399188758,0
25,278.33375982872377,972.282318967305,326.1406688913412,1029.2539889456857,322.5685541279449,919.936947230466,238.665276913091,1069.1540738119088,238.36026165668304,873.0728272740058,126.28269686655509,1072.7415485368067,138.80719396940907,869.9359386480529,541.1814536229841,1021.0803915524116,539.4220350134357,923.5000047536566,717.4400819696592,1015.785692426582,710.239062216254,934.8422268118428,844.3022196934653,1023.6570729655784,848.8964614322498,931.6381374025592,0
26,279.4814726156128,971.8569641057225,326.4055086887394,1029.1635703620098,324.0407390619285,920.7954434766916,238.84793086851835,1070.0856810716214,239.3885342879475,872.3986789498761,126.39275881961976,1073.9986879907926,141.7485583123057,870.9963789693929,539.4415834933635,1022.7838852298688,537.6911716126341,923.4508905123474,714.391093309896,1015.6362616814384,710.5357017814725,935.511452410696,844.4188960785983,1023.7997297501408,852.1590466245098,928.3268831969184,1
27,279.1687346062827,972.4572499406244,326.4092990790914,1029.0540360248235,325.80510817826644,921.1217808776004,233.9944632620743,1061.2549842761598,255.9990159370809,879.00881596999,129.8056972786416,1075.0163837463697,134.81797978185088,867.7726605462293,539.8221855727842,1023.1309689781756,539.272688103474,928.6816830042968,718.0879253094776,1014.6817857460622,716.7760296884842,936.7398055593028,844.7374194558172,1023.236777300698,851.8407783954754,927.1389346714848,1
28,279.1360876929155,972.1908052487904,327.50197888040725,1028.181537793543,325.1226289746665,921.6582112869388,243.83134055664692,1063.750107405731,255.4040184070602,876.7177306545912,125.13005389348736,1071.7989724388376,135.25749378148538,868.3569365087282,538.1312368533081,1022.4729039334446,537.2835203203019,928.9293092703838,716.1371928786735,1015.6825022028264,712.5471762221873,935.3609130769684,843.9280525822633,1023.3878554569108,851.465907450305,928.4857123919396,1
29,280.29867407869455,974.1127171120514,341.2299637614673,1028.4747150765895,325.9740176157461,921.0561299656875,239.83637627451563,1067.520673472946,237.2330437649056,870.7269852166663,129.11256547091995,1073.935293944595,134.54983878507724,869.4146611916502,539.9404678512146,1022.8359411325112,532.722636695336,927.4338987800325,716.2730355132541,1015.2151460108032,711.5824555792641,934.3207199690888,846.7301354823713,1022.974660678614,851.3427746776485,928.5845849725974,1
30,280.6276156719391,974.4485158590952,341.88910326815085,1029.1373369047346,345.11849173953846,918.4309767275328,243.7581900409356,1064.359275823477,259.8116262805477,880.7908936443791,129.244831343156,1073.4002869414724,139.7514890291291,865.3103985250391,546.1627313839598,1017.4895115164954,536.9783500329105,920.7407223871752,715.1116974115062,1011.3083409317096,717.3938097414331,934.6932790561428,846.5537303135825,1023.5351410024224,847.6589532264342,932.1440984430252,1
31,280.53174558324525,975.0392993980256,343.54641461713413,1029.123164729806,345.5310415756563,919.36625349618,238.4425948283142,1068.8995841178362,265.67453243022464,879.8985215410602,125.86973986483054,1074.5626958865266,134.57170719443124,869.4164021062467,547.1870301324772,1016.406261337583,539.9023012237524,920.58927088954,714.7816923659861,1011.1193837565942,721.002995326088,931.048391147364,844.4174643021721,1023.3628133287508,848.0879062111883,932.4897264961282,1
32,281.3946406707962,975.4119748599736,321.14116008942085,1025.5810963941094,329.4295283194791,919.4301399494428,239.55429622813844,1088.5673394017497,245.49496297253432,852.9229960557208,127.64003699095568,1075.1733425344992,142.65037655675363,872.5305646662324,547.183204918751,1014.772364429303,539.0605352394603,921.4699987766062,714.5389466601943,1011.0129723699544,715.6278842881379,936.2297922508584,844.5963238491659,1022.6516133910326,848.235301500179,931.9908367440072,1
33,281.8651225383942,975.7418257063756,320.906742527519,1026.9043354424025,327.7535750807029,920.2170420919248,242.0415905579169,1085.9470140399696,245.4853624361234,852.4372943370856,128.59625604279793,1075.2564409355484,141.76851746319792,871.1582355933712,547.3953381998485,1014.0198318963538,538.1848986685198,920.1890609931806,714.7027584914267,1010.8954037926288,715.5557516864434,935.4037612365678,844.7985619345318,1022.5303211534488,848.8292000848697,932.0388027081852,1
34,283.46945949896724,972.6547374627244,322.46376523735927,1024.3644823106574,327.0339199160413,921.7522623817506,243.60724142841,1085.095613971517,244.2293422584881,872.4846120549861,128.9360397596818,1071.0692870555602,137.17156954642545,871.5857687003468,551.1744578328027,1011.5058758782606,546.098203671459,926.2865250676456,713.6025039365294,1012.190115183789,716.9106139938294,934.7846333477796,846.2639549711745,1022.5295246917478,849.4549677492893,931.9517711048,1
35,283.6174842874157,974.8197867500704,320.33491191690393,1025.1213805838424,325.1126212726489,922.0604567349088,242.19266507033407,1085.3928798476534,258.73725553792843,881.6139076563649,128.6066782769053,1071.2091952400292,143.36997948635383,868.1321762275556,550.0062983677818,1012.3842977934424,545.9345940836694,926.4902665630848,715.5723624359646,1012.8011556901448,716.3623253235736,934.9614559176388,845.9077614088517,1022.930744964353,852.6461305357855,929.408254181962,1
36,284.0831940133798,973.4043155532828,329.70398137721344,1024.1386013325307,329.2982093751508,917.4938372878972,245.5127094998006,1082.267141685514,237.6892420219352,872.55825650946,132.96564626755733,1073.5251390399696,137.98065850266553,873.3256204508405,543.0369300619058,1013.3026315883886,534.9939966387805,923.1698350534994,714.8415403527308,1011.540509517538,709.1269991890816,932.3864488230306,848.6313353465343,1023.3372451591632,854.3422123545632,929.5175372704612,1
37,284.74079928255514,972.97075516857,329.04551690824627,1024.810738994478,321.65913903046646,916.9542021965124,239.2244639601292,1077.9335666631268,241.65837003908788,870.6792890000747,133.93170191810717,1072.9234485500092,138.61126695094708,871.5342919814245,544.6097501945743,1020.8103742186064,545.1302786084239,921.282853148248,715.0697754263413,1014.2533312257297,720.9536171207502,929.9943144473848,848.6942859619894,1024.0091749607511,852.1300354053511,931.1047428307684,1
38,285.2272744544616,972.9177756663372,328.28261713987825,1025.867123011716,323.80806668682123,917.2999957306783,238.4189068976552,1080.1199589714597,254.25432470592008,877.1956224742837,134.63032979183916,1073.058910271773,128.7328219320746,870.0144977555566,547.7148419889888,1020.1913287340062,545.7296009336553,920.8429614311628,714.3153216655915,1014.5361808255524,721.5167954622226,929.6120639551572,848.0292890967876,1023.3800892826392,850.0812159093055,931.411069804128,1
39,285.0214421950639,973.4763684297292,328.84568163570407,1026.9170371230082,323.40154933061336,916.37692621751,237.0904976307803,1079.785001083475,255.37575522076787,872.3370782878801,134.53047778423493,1074.540596765074,131.76533109965033,869.3171094324027,547.9466966844814,1019.672273836269,546.4469584252961,920.6527981278128,714.1529750947989,1015.8075157988168,722.1113268947724,929.174755357102,848.5018017698171,1023.8643783580548,850.7340453536054,931.0221893063896,1
40,285.5686546891191,975.2453838631478,329.2159451805878,1027.676588474697,321.6705919025158,914.8386263654656,243.4210810270669,1070.2808989469486,256.79302101482494,847.2012044330628,129.03049213523516,1076.598228662002,137.85524848223662,867.0866796534173,548.6410600342273,1018.4775917114888,547.3427589228,920.8712734920326,715.2489068635263,1018.247520396326,720.5757888674891,928.4889695435916,847.2181495795479,1023.409396247948,851.1304490308922,930.7999902819116,1
41,287.29318385626465,974.787318827386,329.0387183141026,1027.2013039907754,324.18348676981634,914.9828814549276,245.94006730614157,1070.430407723813,248.4459251731208,854.2669283091191,131.30764749177254,1078.4661493014098,142.34203901650537,865.2316059950606,553.3972639473269,1018.521276694024,548.241599768749,922.2758794443998,709.4056176581215,1017.4434413531526,722.6903485321719,927.6093798433484,850.0505864077643,1024.0694255394417,852.246032567266,930.8014806205084,1
42,288.691742131862,973.5174924919136,329.0293160030528,1026.241899948625,323.6699518270703,920.5565755985662,244.4212029783251,1087.308433471052,250.86797925058667,856.2363305466741,129.2582694823782,1077.5018655859662,142.84355721641114,863.9867632639575,550.9821122644471,1019.810676883022,547.9481338183498,924.5676683906596,710.4970177004334,1020.083317697092,719.3362187161092,930.1134278509742,847.6530808001097,1025.594525922317,851.6093650192836,931.5175938658816,1
43,291.6848010204548,972.56510054163,329.25315529534345,1028.2094980389822,326.46234847169234,919.7063399517388,245.53383657309104,1073.1550487151137,249.1131410239112,861.0921113338653,133.7843173440008,1076.5701392606109,140.78276417190293,864.236957177268,551.9358990375334,1023.861744114794,546.7103704643497,925.485676604978,713.2352177901447,1022.5300453516774,720.9189544697576,926.9026485670148,849.7072332950189,1026.1146477020286,852.7129051930262,930.768351109916,1
44,294.2129189760384,971.2964784004162,330.3439867791026,1025.7249034738647,327.57577764662403,922.1323508571652,243.72410063625776,1088.5659173409088,250.93036532557056,866.9425214309189,127.70178017287633,1081.0817429810916,150.17519676793844,858.5131925629133,556.7173830461439,1011.842911024465,547.2800460438424,930.717155910607,713.7508166874958,1024.61525742575,720.3314747704951,925.8887649300692,848.7950802097395,1025.0504093884897,853.3672067201338,930.75954866094,1
45,296.87979058264443,972.6429802350136,347.2219923041732,1028.8205079380684,326.71766005814925,920.5638305305296,259.00380168066533,1074.6865954598811,253.8324207757322,861.7138573214204,138.55918993410424,1076.779974629825,154.68610851600357,856.9533196308437,565.027397016865,1020.1301256301734,554.0334354296461,929.9539834834652,718.396551481924,1022.924336945634,720.0362167556822,927.9356459394088,849.7136046331477,1027.3549269228452,854.7550389360543,931.80574617519,1
46,300.34316366763665,974.8163950609688,346.46481696278903,1030.3048663451164,343.038992515931,919.5527802522704,265.4964296219408,1069.9629721546944,261.73058439138185,860.6256457797576,141.61186116569527,1080.227602384793,161.85648269554108,859.2061667123496,565.245544026825,1019.510990005482,551.7601072958759,930.2371794331344,733.5584825533109,1026.1634269450888,718.7540348484549,926.1574981039188,848.164091048222,1026.30265033394,852.0943555100221,930.7461070243618,1
47,304.8171777067941,974.1743446815374,348.84620001784225,1028.533834868017,334.2483942158355,915.0943834023122,245.9145149855992,1076.0943468978176,260.8655637386406,861.1818666479152,146.13516501239434,1075.9587089319953,165.65051878692267,861.2059017632658,560.9387845614797,1022.4499249370724,554.4957184016472,932.8077111394856,727.8763123947559,1028.5092945645436,717.8659236198594,925.2256237663476,848.7412158162448,1023.916798184498,851.8497748802789,930.5023184390212,1
48,304.9881450717564,975.9984599273928,340.6450837610292,1029.2626262499427,336.17867528074584,915.8402805482528,259.97825344765295,1073.1108262554676,267.5040758353681,864.8982941727705,151.48112352864794,1076.2043447165172,165.25519044873616,852.1984446215157,560.4885098776055,1027.097447806645,560.427688008322,933.5847052715002,723.0458831291049,1027.268139504931,732.0443106751758,922.6233183715732,849.9541591450824,1018.7716333976484,857.2930292345302,930.0619945203796,1
49,308.9016969926336,972.6822248090286,341.6798188069397,1030.8067630092332,337.0141335674628,917.5485267611132,269.3775750446692,1074.013334410231,267.9970961274344,867.1532171671221,151.2569400206964,1079.329889481073,169.45152758931926,852.5261950019876,556.9475103013692,1027.1505968260642,554.8473608168266,933.9201199141256,723.6039367422791,1029.677083662203,739.2749698078368,924.0549401164844,850.0528084069141,1019.0025669296904,857.4216527157548,931.574146682773,1
50,311.3324679633886,976.293504926582,352.2914210841621,1029.4823413767597,339.0172879004509,923.0100449247452,271.52648127125514,1073.7136199525137,273.2121308107215,868.2373468425676,158.63168504985316,1079.8987134811548,168.7915061137146,849.9690723068832,561.0042717583932,1015.0486639893116,560.097900274051,934.1366243047104,721.0913931222823,1028.366209278205,732.1682785391342,919.3258707353424,849.1382344274433,1023.1802069939384,858.8938651066297,931.07047479701,1
51,315.03231678889534,973.816324383962,354.86045926693043,1029.9812687993665,348.1487172973791,924.291456279993,271.4504471122831,1076.2832939826244,285.6380657101793,860.6895860480001,164.63711238806516,1080.1267558034076,172.92687355309374,849.7698357979399,575.5101045923518,1022.9824483788776,570.2513304116356,933.976700311194,723.2305032658173,1030.0036827384506,732.9306840834598,919.2903104693814,849.8395048595373,1023.1822223649316,859.8984926667728,931.3321393732635,1
52,319.6426871911137,974.9164586343984,366.7312305584375,1030.6122911440634,349.9168526955792,922.5761522325324,281.41219031206185,1076.3558621375023,289.3100803633195,865.6649262304257,172.6678050602986,1079.1036862857547,173.81490174133538,846.4513673579141,584.484832823199,1023.0976864312346,570.7489149096108,933.628793866384,730.4848295690489,1033.201981992252,734.5443945588308,919.0321418487528,851.0404960696811,1023.4167843719864,856.1390207833834,931.5159928702328,1
53,319.1324286591092,978.0180436245752,370.0231457376666,1029.097962502081,353.04133173393177,921.8350096400568,282.8198769994768,1077.5459225645493,290.71740349805555,867.2818457318264,179.74994986823071,1078.21333056246,181.2760663311565,844.9052757694825,586.4744944380225,1022.2524777762072,572.7004435902609,933.9582646444912,731.7454785767395,1033.8455674439822,733.90841460507,916.7390996861512,851.9578873940654,1023.7486115735214,854.0997452357655,930.8166601445902,1
54,322.8131990469943,975.6178252299336,368.79531106341176,1030.0788474661038,355.6777745756588,922.350723300236,285.0992302466741,1076.2040716054946,296.0651965197103,862.0136282848664,180.14687606355147,1079.5270840478768,184.37976971094253,845.4097535345679,589.0956699088583,1022.8901052369868,576.6640226366616,934.3302835636854,733.3321118695837,1035.6466646776053,740.786906962897,914.2729676952264,850.3561531458781,1024.7418490934688,854.1756695671726,931.1108064336167,1
55,326.3756985410137,973.8495806961004,359.21402929973226,1028.2177209678948,367.4064336858583,922.5161808190496,281.2679873889382,1077.5434887820882,305.75235339538017,865.0707658015132,183.12609877170917,1080.1595287897585,193.73428434017265,844.7219200610765,582.2273526731176,1026.0430852145855,574.5735265932715,934.3027477838992,734.7039036943016,1037.756081089914,736.8075612989606,914.8458442996304,843.7781540284076,1026.954084700473,853.7378393007037,930.5916899849964,1
56,328.7910350556491,972.4241133668158,360.1533134768006,1027.1048460209922,363.8465934922078,917.5658228956192,281.1916170504685,1080.9387458167823,300.62169306920003,862.408207788965,175.52486201411568,1083.740688663121,191.9690359336347,839.5901639491299,587.8931056197505,1029.45680549616,578.8360475656734,934.5488053433252,734.2994275235695,1035.6813904750356,742.4459594805932,911.1010710795427,844.8387293573783,1028.0298885258571,851.457478854374,929.93282713319,1
57,332.0575258232682,975.4141462944082,372.3028231101166,1030.5079849321644,361.74426218933183,921.3868741407542,289.8901390006235,1082.915705022875,304.7588123921765,867.888526215788,176.44420847006054,1086.2075902082568,199.3549457049029,839.875621473325,588.7266348924376,1031.201598807173,580.6655126182249,937.6177848462758,748.8055273088273,1036.114991220983,740.1671259052886,909.7216343932254,850.1185951183304,1028.5546202312753,852.9114833082737,928.6515193717784,1
58,334.6401878141148,973.0134021946826,376.0370487168489,1029.1519893783582,372.1016062871687,921.5479403572168,293.4915241494445,1083.4453925098417,313.4758259726128,864.1147803559538,186.8539570583944,1085.8475007247084,206.23279516966664,836.5518105511802,599.4974586774531,1027.3229675517198,589.152423637896,932.9936331497406,749.2366353247038,1037.744083670813,750.9043320753794,909.5276515716844,849.9943346040922,1029.7140626255684,851.2685888362333,927.0303772443538,1
59,342.6977957736686,971.8104773808016,378.28408587273447,1029.4087097033432,372.46562238477446,922.0908043473894,305.7465198105116,1079.9952844623956,315.7922999322492,863.1145159450198,190.86561178199955,1086.5469003827322,205.53813180315788,842.1984179382549,600.7132210254049,1031.4918364469486,592.5358402465503,936.0463820547852,750.703219052874,1037.5162095203725,759.1855019121703,912.878877189911,850.8927026557674,1030.0337841473986,849.9673973847428,925.9060255803228,1
60,347.901909311044,976.9922265158604,394.2108962873799,1032.9781856719053,392.4276502234728,924.9011356037036,304.99344626080693,1091.8757619304224,318.9315232374888,856.1254784151704,190.9997594558061,1088.0109409441588,209.6700791853767,840.0385695323622,609.1597392748174,1020.9463633271722,606.8908601619487,931.178718247368,746.1816637413709,1045.8108529476976,745.4219262032576,903.8034073313224,852.4822289673962,1029.189186292392,849.2053815943366,920.8585835834534,1
61,353.2096190384367,975.5768424320712,395.7982581923625,1030.1929789479389,393.6785245778812,928.0547956681096,312.29751775416656,1080.2663101543844,328.6482043074073,862.533241513019,202.1353188052444,1085.8857725929636,229.7762024635146,838.6338458597266,619.390141123758,1027.61600222507,604.3314462892411,937.1290291275373,750.9658060458298,1047.44501342325,750.0644177361179,894.6570409456656,853.6074364789905,1029.739055647559,856.9372247564467,919.0548618605346,1
62,361.7227368236983,975.2773499611455,395.9665488452688,1028.6250209878422,396.679919060557,929.063701419424,317.7468226696952,1082.307262518755,335.6616724824099,860.3699842645,209.39980828095477,1085.297245247061,237.55010255136477,843.7031251345375,619.8223902748217,1028.8634388381993,605.1862392499945,936.6734866689532,759.5789230009359,1050.3526374542214,753.3488097271467,900.7757698412244,853.6957673071574,1031.2910581388342,854.3014925710556,918.7763545409798,1
63,368.5422281729074,974.5115762524182,413.8847687402534,1031.6023011105976,400.45810515920886,924.616212193183,336.2286200355956,1079.755362483353,346.4109083703962,862.4503260829009,220.04444588610343,1086.424266806777,257.2923748080845,839.844902537484,631.8092774290722,1029.2813794250264,612.0622102615891,933.2241032002692,770.457632612965,1043.0249890082905,762.0675165104462,900.4369991619214,865.9711326331249,1029.9379746481218,851.479977432866,920.8866649125972,1
64,384.1425709606612,975.7244192511612,422.0313515929778,1030.3758388858437,420.790203674872,924.3041471976028,343.2125964121328,1086.4473440154873,364.1494322877246,857.57358436108,235.94800232290757,1088.1510119189418,267.0348541386261,839.3282309706644,640.2764924821989,1031.2255330194366,632.5507501073869,931.0627812729612,802.4095866149981,1037.519303461281,774.627428984921,902.9455656097884,867.3648631836254,1029.7063657380834,852.994012026545,922.3823237927148,1
65,388.7253924743097,977.402458106832,438.0835529421644,1032.7369331174875,425.6579890455784,930.9798201001104,360.7662812072992,1083.7347685108284,375.5625186319934,859.8509710733721,248.3376627346629,1087.9365592244617,279.81138993301687,843.1386678837224,655.3111923376512,1024.0423754398478,649.631600448152,934.0302334350316,811.8870612393739,1034.8511521383562,776.4040157481815,891.0589411256947,888.9934546739754,1032.9397217514409,857.5295194568807,924.3399745204008,1
66,396.82023850777057,975.9067982176838,434.3356189802192,1027.9277194413432,430.1293839651834,924.3412082288128,363.188899155556,1085.8020502744923,377.8392135833423,859.7428729234593,260.3133547600596,1088.4788891009598,283.25760078678206,840.4439944366075,645.8690821891953,1032.7080670986695,651.1523747041105,936.7165171267968,807.8942252011541,1037.552853401403,771.9283790737196,901.6039070392864,888.7975544427244,1032.144369984444,851.5955481758663,923.9067116316236,1
67,402.895963858566,978.3509417442082,442.4846675957132,1031.1636148490595,441.99411607997774,926.9065844600996,369.9254501005453,1085.8295742822518,389.9550011316108,858.0894614842603,262.980075856024,1088.6011876786658,294.9165607459833,839.9829369516254,659.850119155467,1029.846642555164,643.1431265336174,939.529322526807,829.5390443839084,1033.8322889340616,763.6797905216291,881.3151013264317,890.3972009626569,1031.353120264282,850.2660426423824,925.8077897401876,1
68,413.3572515430624,978.3171001941644,463.54421300602826,1043.1304519059113,444.6561862464378,929.4223809505016,382.139167339191,1089.9943108597197,394.82537950433897,856.0934719559378,262.74419102464134,1091.6525091413714,304.66928350599903,840.5515961433316,658.4337708233857,1027.3464127203545,653.3025533232174,940.6014487710096,805.9378185693866,1039.642151377816,761.3928993532654,870.6453579826272,890.0573489383851,1033.3232261326978,849.6709915379398,924.6620949290416,1
69,417.90916881883714,979.5601535771896,456.1138947267371,1029.7411107071002,459.8355075751852,925.6160110835204,386.57116362890434,1086.8827717799986,398.814032049886,860.5051950739203,271.0795031722407,1090.205053011343,305.6224273860222,841.9364990862217,673.8272532251008,1025.1521452624163,672.8767304736708,938.55664501989,783.2769229725216,1043.880557046928,766.310224991936,876.7698787153863,890.3785865297552,1045.117195348018,853.5958456528047,921.0829604328948,1
70,424.8204987814895,978.8678682594943,460.9848938930794,1028.5797908426996,462.3481687240699,927.7820842218786,389.5776892018411,1086.9354929703286,408.0028523766328,862.9329098961443,281.4043791613436,1091.100098373783,315.2970657609064,838.1033488882543,663.1399134572678,1028.998558834841,656.6356391063437,941.6727099394116,779.7331088975129,1043.4025024369218,765.3946233880845,881.1031833174999,890.9090081302954,1034.5964589563912,867.7104798156976,920.2704739763316,1
71,434.0621865152227,979.132297580335,470.3378193710188,1044.3683027257646,463.4408036568075,932.7310981161888,398.0880397007896,1083.3418510487463,418.3264258376023,863.1393320502647,287.34424764685264,1087.0900697729153,322.8700937437298,839.0874432431347,689.2421198573317,1029.2051269620945,674.6533051826864,940.8183123765843,780.9363555908203,1043.588416711273,774.9963504905353,885.4131429813787,870.2997450214679,1033.2739302658315,868.376977769234,919.374197932572,1
72,441.973505999859,979.284526704428,482.9229493258988,1028.848493745623,471.32327532427206,926.8756677542076,411.4405455669904,1080.7435857925584,421.40140512364735,859.4378872884713,297.44793929111194,1085.774265264081,324.51581024844563,840.4415102026027,692.066694639129,1021.5421947112072,680.8582344600841,931.3148694735604,787.0238449220074,1059.9985826759985,777.8603024724556,877.8032366481448,855.1561819406417,1033.600696168517,850.0933233938229,919.1804586238148,1
73,446.7828418436534,977.9628953786566,488.8361752513791,1031.0664478669178,483.1043349068868,926.8383726278356,409.42252701063614,1082.55567339043,428.3398683545493,867.2522589286227,304.9262304516855,1087.2399592907616,336.836316880076,838.4653689842029,709.3155262405137,1025.7390238518751,696.4981913473578,936.4124537460248,783.9821043374169,1062.10346177078,777.0006821214455,863.7114908973756,855.7159958084166,1034.278583288368,847.5956664314815,921.3153950665296,1
74,456.2604616212287,978.1988633020584,499.8717614857211,1030.0800219780378,487.07808237857097,925.2789503752005,424.4835650564325,1083.77864806815,435.5090307476306,862.2081317663368,313.7971796698006,1087.222742533351,339.0979361565122,840.286521379077,693.7958278581597,1021.7831021770672,680.4591893963758,937.8417708644264,786.0643813948017,1048.976441775062,777.2026362623752,862.7190014056473,852.3673493344389,1037.423642373628,848.8604252670149,922.0116149319348,1
75,464.5579388423765,978.2395864426434,507.2126439643929,1043.421198097246,493.43220436681537,927.2311520208602,429.3603084053268,1085.9110064369893,444.2564329958396,862.4196569259162,320.50755817031364,1086.0501827377332,354.2482482751417,843.1608618540768,713.8048672521068,1034.153171514081,698.9501171831346,936.215409524821,791.0926275166485,1043.0237354556048,774.1268952150183,861.7081287168213,856.3209113032982,1039.5270542534374,856.3572602092212,915.1147927333992,1
76,467.3368541533987,981.0610910341376,508.9719208319258,1041.5627004607998,496.2258559922713,927.962733036801,433.3214899963458,1086.3581241604863,450.1195582146762,869.8031596030321,326.39468129806613,1087.2499527325094,355.6514990004203,838.7000440027152,699.5149322231972,1026.695186214181,696.8584659412716,938.0745973383828,821.8815986821803,1039.0951264806745,792.6350203912186,868.1402578921462,868.7351951053455,1041.5076695988057,852.64599500924,913.3014223209468,1
77,471.1429688493359,984.9024137094738,503.6753579326972,1034.3484445497625,508.225741640644,927.0620794807788,438.81593136235546,1084.344050108204,459.27978947196726,869.3902856965525,337.8918995751826,1091.1822321413197,359.9733208307829,839.3320827778432,747.7402816296243,1028.438802322511,700.6177737529938,937.25196877619,829.10126400862,1027.2339885187534,816.565119491597,902.8253745402072,869.5589098787741,1040.5614742752737,874.5419847267656,915.1857006961508,1
78,480.4943772503241,981.7878145754644,511.6309667222676,1030.8246497631424,510.9566763690606,931.6362525328918,443.4148776050662,1085.5323723114036,462.92796919962825,867.7355073568666,344.80289084703617,1093.3851819735603,367.56497781205394,840.6969403134472,717.5117966908626,1019.7161956047154,700.0133149800591,937.7506244331488,830.3006345087902,1031.877430194796,824.2512315271424,886.0244582804751,872.0025035525794,1039.8688457189107,858.0752231612781,912.6631423535372,1
79,482.719708059482,982.4995035568114,516.0604222450206,1033.274760361895,523.6026802608653,925.5732201023368,452.2670891691091,1086.6413133832832,466.3554286708757,860.6351360514443,351.7886298220551,1095.8541997927766,371.0513246136927,842.743207832017,718.4924041589308,1014.4783437646198,764.698837260741,914.5649684482776,819.8158252254728,1029.4629592390993,836.781486540994,921.5935754600824,873.7987494499693,1039.21957605994,891.7709750409864,910.1991152010098,1
80,487.5308358002701,982.5167485670866,519.642694718816,1031.8778808952518,524.1100836110207,917.9982329851384,455.87689085961625,1084.0967931474158,469.5244615378708,861.2129690154873,355.3784847507551,1096.929455378054,376.29178437827,842.5458911724778,750.6927305204194,1021.7266986967448,734.7007836539041,923.275999059404,822.3431356303558,1038.0810719391252,797.633449668537,899.6966698483279,860.3168720696775,1039.0612483532616,876.1315030022312,915.9087937444032,1
81,490.3392692784184,986.2267559648524,524.4804489473062,1025.9375385674025,527.2191894689988,926.5080307197431,465.0644367848013,1083.6833084409154,473.8117071059962,867.2365765708234,361.9410823938595,1093.7498484211403,385.48658026210353,842.6925275747957,747.7738004667085,1032.4342854070278,764.0660238221423,917.445927156761,808.9337323886984,1036.6473463228049,810.3842437902879,904.6242182925728,875.2143812241573,1040.720771828791,875.447636221103,915.1439308542087,1
82,496.0564082992712,981.191079772456,537.0842870903263,1041.670906240672,524.995348698451,929.956766390608,469.2602286382211,1083.2068615534304,481.4988420781605,868.0707571911164,367.1175965655144,1095.8461060198156,384.3923709110413,844.1033854824406,740.7808878765924,1020.060224343888,758.5189785107834,921.4685585532094,811.8297901823245,1036.7584416307482,811.9963048431435,905.0539457053494,891.4555475956752,1039.4963734085118,875.0882295328246,914.2237135349698,1
83,500.6634909898934,985.1632280090467,533.563311791389,1033.4456525209807,531.7366034776863,925.7563497878276,473.7779403197905,1088.2010527869345,481.4093573908812,862.731248349674,375.3304114670375,1096.8063240135357,391.367309282598,839.9737060008725,738.8898822204034,1023.8855996226496,734.4861558137851,918.658884512336,818.5863806398389,1035.0676286124203,788.7717768615802,904.5879443054424,893.5668887769601,1041.8244067436628,861.0506862843764,910.8477915498283,1
84,501.31789719639886,986.3446740032032,530.7525351019613,1029.9188824386654,540.9520014054754,927.5728919416732,476.4171042398916,1085.8776330772698,483.3606791403265,858.2672419607596,377.2720600197622,1095.7354570398604,394.1722235909054,839.8661917434906,734.6124119752404,1017.7551293075304,742.5199283455996,936.1922058509082,791.3191575842808,1055.509432330892,780.8976674916995,869.1214684367969,860.2366202643385,1038.112944996068,857.0963782916918,913.999811602725,1
85,504.7440671982784,984.8034614153772,534.0128011914317,1034.143794253852,545.1770919383115,926.2264411472206,479.6508821306365,1085.5273621367849,485.5461874119792,860.1645213623945,382.6684036056459,1100.156841964778,392.3846808583591,838.1997570791813,742.9520971350304,1020.9586439055612,756.1898854309002,945.6800038984468,792.0568264786381,1043.264110825852,783.4102295279038,869.1747129778054,879.1160483292082,1041.3853814477525,857.8829760359229,915.2368881595564,1
86,506.0748678934124,984.984756010057,536.4041142655907,1032.9995155754902,529.0270797669965,925.1789675242404,483.76043808320713,1090.739878388909,484.2746627966356,859.1566932560503,386.6294204553175,1095.868926261997,401.11506150819855,840.3954028732894,765.9530965559504,1022.1375020718768,744.9047790051126,937.5975073618893,795.9089841210175,1038.574738064555,785.2264353295761,864.1564344956892,878.9541852675736,1040.3363068501446,858.7249576781909,916.0317993164064,1
87,506.4660576075044,985.1447237282443,535.2475496448372,1032.6700575784407,530.4695335755267,926.1258676768576,481.8351354214553,1089.1963275402106,487.9369319275854,857.2426034001022,391.0524751740097,1099.4249959100616,403.7112099389571,836.0754726390293,765.7070332540802,1022.928727575298,745.7837852607003,937.150984966606,792.0668703433905,1039.2617400966087,784.6743056243976,863.1163752525717,879.8954865216278,1040.891550976419,858.0595566609435,916.2981283060336,1
88,506.7606352271587,985.449052820479,534.4278342020061,1033.47501801008,531.5903426270801,926.482360301694,481.5243535482061,1088.8042154529358,488.2895413610808,858.6087276057931,393.96603372224126,1101.4571921567897,404.0323554911446,834.4850785411693,742.8021490248343,1021.2911834828913,745.2163263229152,937.7160355275736,798.2394453577009,1041.3691451320046,783.9341641030478,862.7167694293604,882.0434605532721,1041.941497376699,854.320487466063,918.320220117618,1
89,506.83361430471984,981.7978705771262,535.8444249583468,1042.3961411251207,530.284795575086,926.2734942748036,477.0098583409938,1097.0112729825842,483.9176053467591,860.7158935008725,393.3510978014168,1101.538923657352,403.352519641152,834.759787868525,744.6789427262444,1020.6543642558394,744.7189333534984,935.784444367509,797.8744093370375,1037.5999888911308,784.5178539142187,867.3424144915848,862.389567341699,1037.811626851953,853.648542940074,918.9438455933424,1
90,505.4356004791855,984.4424826392876,534.2170161729671,1032.898924615259,542.9097473977911,927.513593215438,482.1284158704185,1089.9034644469543,485.1664552576985,866.5750323876488,394.8308414166553,1102.1338886202127,405.1097146819874,834.9045501641716,743.8357777589318,1020.178143727613,744.7141143342453,935.1900579156812,798.915289369144,1041.4343813322291,786.1559106159582,866.301546678396,880.1779549825641,1041.2132434718842,854.9147743397477,918.0596742202569,1
91,505.3437377572524,982.9230852988956,532.48618196604,1033.9024327241,544.6045099464287,925.0640153849852,483.0932610738727,1088.6819827985798,483.47915964411817,868.9928916690106,402.8600768646121,1112.7509975503422,398.70518757555976,835.2604138264317,743.6625863857789,1018.618340755017,741.9805611559566,934.151364227676,793.8645841799414,1039.7300540271006,779.2437614669104,865.6079967086758,875.0891563703241,1044.0098942876475,848.5632446001348,918.6457899823774,1
92,504.9312334593933,981.7634437891774,547.2200025104577,1041.787076637554,530.7770641510446,931.9799741903356,483.5698551133333,1089.4607407165572,484.5515300517584,862.9832746630466,389.1928500657893,1100.743522111499,396.8163382898536,834.4959276410957,763.61287338991,1024.755841660903,740.8512123415467,932.7113560908512,794.7426609193085,1042.6507286951878,778.7028834785689,862.9375077134805,875.0277841912754,1043.3110310977038,848.5765196722102,918.9043978677788,1
93,504.7267278366188,980.3602033919224,548.152050122483,1043.6140131337252,532.8952199987999,932.3773009491528,482.89107388420746,1089.0094173523892,486.2716815189515,863.5147843651698,391.5081604559493,1100.9989710575865,394.598354542984,836.1933449346471,759.5994929002381,1026.7925778738636,720.4671225281159,930.2472650330352,792.0979086847392,1045.016138215524,781.2786107627561,862.5983724376895,873.6075691252908,1043.642842827432,854.7538515929282,918.7727677725766,1
94,505.43882967746765,979.1852273037116,549.3820545608262,1042.6759642209313,531.9750793020498,924.7317280653732,481.60051829483166,1088.1427701547864,480.05681217724384,860.0229233875598,388.647737689074,1100.5088026956282,395.29147965390285,837.2978112909568,758.7756656205235,1024.3199820311784,745.3757437121883,929.8198412377376,796.3602521918684,1045.5770450230473,780.9369730360331,856.8624752361402,875.6516369049508,1044.322742963871,852.873696766222,918.0130287411456,1
95,506.3486331895052,978.6294652082568,536.7123573809203,1043.4570792350237,531.6630297240417,924.0527249573786,481.910191847227,1088.194357194417,479.55203531312384,861.0611408129937,391.1739056194092,1097.9466015481494,399.7491548337304,840.1070272318149,758.8380316050991,1024.679904015602,747.2442333781983,928.7684929572335,785.5636998766885,1050.020031280854,780.3849575950513,855.7239883949791,859.3896059748099,1038.3389746380765,853.9669236335394,915.0877856857894,1
96,505.8027848341685,976.1526506074996,532.6239539494904,1026.2141368005489,534.1467395901525,926.6884346765074,472.8859747463767,1096.8771364546978,481.5478820949599,858.6177523779046,378.9071831870606,1094.438630383651,399.4808809158861,841.5383449220903,739.6731750924813,1028.7799859309705,741.2839034815913,935.7783444395492,786.6252292489199,1056.31567355905,784.9564677066084,859.7906956052535,853.1649844978193,1032.961409188298,851.4272570206997,917.2883299884336,1
97,507.8989162370659,976.3841347340536,535.3999661965239,1029.7733970042275,530.5814960812096,922.1008563129276,476.4944600128848,1085.2850736440062,481.73571133954624,858.9240053556668,382.4577495645639,1094.467939367021,403.75992147758194,839.0252035282537,740.6742667407766,1027.3177165550665,744.4237329311891,934.7604946385932,808.2838210761934,1035.952531869231,787.9259696707459,858.7966777680991,875.8233054251602,1036.524726368766,852.4947010928229,915.143955743637,1
98,508.8044719671242,976.2671974737096,535.6952791251193,1028.2366026262428,531.158441709759,922.6277836695216,482.76698279907856,1085.5042590296157,484.33814312918753,856.6947023278208,382.7035262432768,1093.1489530475064,399.0258197759621,838.805404315531,742.8878158648705,1026.9837932600683,746.7442407099571,936.274544115368,795.0816557528293,1059.6806407482811,787.8226131425566,860.9594439549275,857.6742360247747,1040.3213501537136,853.2763058264946,915.9114589312776,1
99,508.78347615116746,977.7779844173346,535.8935393096566,1027.1815229495776,530.5585635498999,922.2370102298688,482.7657512570543,1083.1585050943054,484.4901029589272,855.6632333008531,382.4789282032355,1092.3430441268483,401.09833959175177,837.1330311682013,747.667795436745,1026.257864835068,745.0888942028982,933.169157433212,792.2843382975525,1040.881120792476,787.8486456238556,860.6051261279621,860.0223975807854,1041.4556944186334,853.6493293121359,916.5721165126602,1
100,509.1690298360718,978.5060889855804,536.6606098467723,1026.7689356078654,532.481783505999,921.9555504859852,475.7239878348163,1082.4730620149478,486.2890824911963,857.1651125199475,381.6354031153556,1090.1560100748818,407.8268925452263,835.1807057691094,754.3611814699805,1040.4646728986506,745.6141364961978,934.3192656192598,810.9190946561616,1030.0602516998358,787.214903406731,860.0665538824279,877.4186284892426,1037.5264370572822,854.3862792837914,915.850065456954,1
101,508.7961223934655,976.9931252260228,536.9460275796362,1025.974648032094,533.855212029307,918.1925844392912,480.0648382953301,1085.6061391949568,488.1307715526327,856.0583563362476,382.18163316752106,1089.100727919355,408.54584220171904,835.0073421570767,746.3366103451335,1023.606726361232,745.8048761712558,934.6449767483412,791.9577700511996,1043.2498666733875,786.6983901028204,859.4238456148685,860.9370227907972,1042.2441400420043,853.9481289310789,915.3064877456115,1
102,509.460893911255,976.5184219438833,536.9506376586437,1025.059006331512,533.7196017737816,917.7866526652048,480.4987844162086,1084.62306059782,490.4120601758225,853.487170777892,384.8899098707578,1095.235720374495,404.1321046191167,835.4154911503733,744.9149943080153,1022.9655733465886,746.8083009856265,934.1684720097528,791.1170882583439,1044.4005392440358,787.0576173167855,859.8156590290056,860.5189668434648,1042.263539333189,853.7945893255725,915.361961572158,1
103,508.645364639818,975.22006256978,537.6011865067699,1024.1513722999232,534.2813081580114,918.1752479435504,480.83870608722896,1084.426423352401,486.5975472706967,854.2486648503514,386.7851425488376,1092.935921068493,406.86562594573735,833.1241676616459,745.2567361700209,1022.2500917545406,747.3692680428335,933.9452185480144,791.9672607600456,1043.501786365831,786.6417796853615,860.5459659752997,860.197861848789,1041.4626957475043,853.8333637297385,915.620282892792,1
104,508.7068319134656,974.0582711516192,536.833173059828,1024.8661038456903,534.0284851034534,917.4215395532926,477.54479860918417,1080.023086626332,490.6438713420972,852.6789720298437,385.8028006088594,1094.8344059256751,405.0123087234397,831.7538748130827,746.0537414153933,1022.5313322023816,748.53927314669,933.969199175698,793.2870264636214,1043.2190407802743,786.5895362529704,861.153153665446,860.2127689316926,1041.465155092081,853.7500422774427,916.0651908386814,1
105,508.0185954685484,974.3397194598195,536.6572051922583,1024.3583743104507,533.4049779447994,917.6345311710714,477.1657244157729,1080.6511370387698,489.0881585268732,851.8872218303695,382.48517431115295,1087.96669964927,403.894094892224,828.4971274460703,746.1882975941671,1023.6554793694894,747.8819163288964,934.3544646521688,790.8874187295861,1042.65323310981,785.7369454939436,860.1849226212345,860.0460506880702,1041.0868980076978,853.6027093524275,916.0451992463752,1
106,507.9567263867362,974.051525443902,536.5454998438007,1023.4618382730702,533.1837959438368,917.303221938717,475.6701442014101,1079.2404876641715,488.1181802241172,851.1988946044385,383.67753560273326,1085.3299741723974,404.6309046809633,828.8597025089979,740.1299666862338,1023.6244018913454,747.7131850263697,933.9808084122142,784.3948711499436,1050.2339216087953,786.0155375524677,860.313097794734,861.2415491806049,1041.639170201713,853.6146865841315,915.5220934260338,1
107,507.396100866469,973.500980710738,536.1921283141534,1024.484359214273,533.2958977430167,916.905112171944,473.8823744472508,1080.0464773072997,488.0198028524768,850.8157844179085,381.1014276890203,1087.7458429721942,402.3622494401175,827.4878914053172,739.1911204800649,1025.763739054033,748.3645950833284,933.566282385855,789.0401525708261,1064.1726094847827,788.0299134248254,860.8633519270069,877.0817766325991,1039.644361912197,854.0529702241461,915.9155360886842,1
108,504.2343480937348,972.1822836467398,544.7861968835401,1027.120760455892,530.7396477747645,922.1693244390328,481.44939020799256,1082.5137466441877,489.5155109757719,852.0165836241734,378.7130857351077,1097.3939566853992,403.381449159317,830.9209810434941,755.9655077156691,1015.8429872490397,725.5905061084364,931.2956030381068,781.7284122338065,1058.7394733414942,781.7639250439072,857.3901008420969,848.8713849195423,1035.0362228628996,847.8154568368343,918.5185572437116,1
109,503.52279137262906,972.0745420210684,545.8879870153062,1029.4417292295705,531.3122244092051,920.6898154343515,479.3726942660129,1082.0307166711275,486.8496343466333,853.6873759564717,378.3274801499821,1086.5113138819688,400.5100221224662,828.7686381455645,758.9404551849564,1026.4236546613818,723.4312104620766,928.1296847621628,791.055586161322,1046.1683088606724,782.0016066274654,854.5797359514202,858.7670002058051,1040.1618817376354,853.212454825911,917.1716315320624,1
110,503.42760167909375,972.0599675791656,543.963767896238,1030.859627481947,528.0447927408007,921.0286446374448,475.2851276000857,1077.8108429470806,483.841136565289,853.1426149882612,376.6184560902252,1087.2225568716708,402.6712044255786,829.3201428034305,741.9597702621638,1021.5773184031444,744.7092899575499,931.0685892546554,795.9797411994289,1058.540186549179,782.3322291181983,854.0994022770195,858.399537263828,1040.0639815263935,853.5307031738122,921.397504953669,1
111,505.2104285231492,966.7284354631032,543.5164616538892,1029.429271061748,528.2981810055101,922.1786922816405,474.3489363413638,1080.1373038757908,483.0056059531024,855.7813262378882,375.1474213321125,1090.1876438653794,398.2920993165015,829.0994213364914,740.9193322190382,1022.8827628556812,723.4959819381971,930.6760473202294,791.9002773299793,1056.582448876666,783.4123088851551,853.9819900994788,861.8186153516037,1026.832427866401,853.2861608414097,916.7584885506838,1
112,501.2006482346315,967.207453361248,530.3456266524732,1028.6247263508278,526.1104775219186,921.1282871086576,473.3468972629006,1083.2180564146022,479.0032798757168,852.7560942773869,371.4897796918573,1089.9189053100315,396.9838976519005,831.05597053881,724.7325854059624,1020.9316785645608,742.740206278192,935.66829280587,779.5434621406624,1049.6884260661109,790.276027426453,853.8710020851512,861.5713037657024,1026.4893089367308,853.337154482989,916.7428795157944,1
113,493.8799217091425,967.3511998991509,530.7974947568499,1028.1791813701152,520.9559899715825,925.3941749738124,470.7707614737462,1082.0097464870478,477.2537816795478,855.0787111348217,370.411483953151,1087.4113922903944,391.5194405504879,827.2726987548649,736.036803167415,1018.1508147094636,722.8646435384167,933.0456264924688,793.5854728262198,1061.1019703362638,787.323527556247,861.529663444704,857.9677997484938,1040.8974302629615,854.0124932415928,916.1916378786424,1
114,488.0609426510814,968.6205526628012,518.5804438497992,1027.3954939999885,515.2389656334766,926.5252306599726,462.6016125722421,1080.726408051008,478.5024099263165,858.1111650656113,363.0334456038258,1090.9387233938742,386.6503305521991,827.9473287230638,740.5133640006552,1019.0823886711576,707.5547533072482,935.4734018565453,783.9115702625369,1051.5045201892278,807.4985727377148,896.5874105056887,860.6982241805415,1027.3245846918626,855.9264575675497,912.5870136650584,1
115,483.7301906342624,971.4828046957068,515.3254320717601,1024.9520127340593,515.2734970271355,914.5559134052396,454.2222796614985,1084.10707584468,469.3769989460125,856.6903217884656,358.99685089857894,1091.4129302328251,379.7390936751049,828.0974785708751,742.1891116475872,1021.0422535489186,706.6501224056486,936.9815101595508,786.7645015882422,1052.72599511073,789.364508193553,868.2701201652623,860.2037630713652,1027.055910714491,854.8651737168489,921.7280113337936,1
116,480.43348791075306,967.5933942157149,522.9863627896352,1033.0727389277474,509.9608296566728,922.2923078123564,450.4682986540974,1082.8173810186674,462.2544904989136,856.9158778586518,352.60878055706445,1093.5261341686376,374.8291879264524,827.2224806337827,736.5496309277914,1017.3107241953584,705.5826707996224,936.132733571363,786.6347646066054,1054.8008800901796,785.8395295459364,885.2163819615058,857.7442738665716,1038.820107464927,851.4291630981802,910.13420895388,1
117,473.1622735266568,967.8076410678972,509.7454417294426,1027.894284194397,501.4277140464832,926.8819802513376,445.3748104383173,1083.4210172670016,457.56824004789627,857.7875163956305,341.6784794463913,1097.3183385665411,372.7180222013992,830.9229278003882,701.405834748624,1014.8980434285992,700.7687277229617,938.1232151365036,788.5050699955775,1047.9922868783294,782.9257158495204,868.734242077,876.7498187993996,1040.0140681326343,849.3566610289178,912.6467092767698,1
118,463.7009369412386,971.1333840319028,493.30489546796895,1027.2041925098158,491.63113409273024,923.779332078966,434.9181859049902,1080.636319420427,448.67644276203504,854.8259744637159,331.64890165291774,1095.599525782398,357.4076991893535,827.3603236684022,696.4375477804474,1016.7460826282376,682.576153213243,941.9360589245327,786.7797968136473,1049.7039812860205,802.8236284987669,898.6350691414862,879.1003644171864,1023.4535736375484,853.9698687827478,915.4162750132028,1
119,460.80889722925787,968.622550543926,493.3503721160293,1023.628016239926,491.7801084878075,914.6190289589168,427.1531736881742,1082.190756703194,441.9859339263876,850.9218375985891,327.6043488858425,1094.5856031295923,349.2988174944457,830.7020630510655,681.1764397391727,1017.4773836381116,679.4522661722527,927.761140777117,804.6580140271329,1043.1409454906277,781.5722920153634,881.9618026654919,891.5384620497844,1035.7993905812305,852.1009331096752,921.13117394598,1
120,447.8021444424851,977.3433288977832,487.0567919032936,1026.6972325287877,480.9190128063504,923.1431408054596,422.1419911452791,1082.594379814647,429.60562166528985,848.7461033470048,320.01244177898906,1090.5131235900476,342.22119503740527,826.5798046552111,693.0763180141175,1019.5757718054712,691.8901749550133,929.1974087728464,783.8782074609564,1049.6111477551262,764.0204836643253,869.4977340305842,858.8406556604432,1026.6828060780792,849.2910069141958,921.6402905623236,1
121,433.5412576325693,976.2366628541744,481.2013593854768,1031.263716092975,464.0515842115305,921.9969268058873,405.20346226090726,1083.838374959818,421.008949378997,850.0213380879467,299.2603482567597,1093.087976639276,322.86814296509107,832.349230607234,674.6410031560494,1025.4740079477551,656.7959110076467,937.4084889722344,774.0904954133945,1057.7743568392382,774.9719928796021,880.515780704675,867.2913697916136,1037.7349108234214,850.244722701173,922.330810075994,1
122,425.4628483991784,970.1875830712694,468.9496123434198,1022.1455897906526,456.5024311675826,922.0979496313316,391.2606251968364,1082.1463862523535,410.7387313545137,839.9197887726167,292.7393124782527,1089.700962714112,312.5434429344802,827.6800075197466,663.1620175940782,1029.0452164223227,670.826552531189,926.1436024034488,777.2965950835666,1044.7705078125,764.0271563585775,878.9791020288966,867.7524366242367,1031.8863244655815,848.6223981284351,923.8431808617428,1
123,416.68780995283385,972.8501046746204,450.7255856299431,1026.637308203412,448.1943830433065,913.9326612709376,383.7451476951569,1084.193922459072,396.7973073158215,850.6419324349341,278.6644332151574,1098.9293545646583,308.21793401194793,829.2618531080662,660.7039293604182,1028.2285754493194,652.564798709785,934.7124580422542,798.8103926600343,1037.0991416611623,762.5354756924513,897.7446303413162,887.388472141618,1030.072228223589,849.727338436211,922.4776785554122,1
124,408.2703022528997,976.2790179340216,442.4865614515287,1028.678883728431,444.4039792977322,923.108228337318,367.4635205808325,1085.6220062054051,389.2878877419024,855.2435033659476,268.4734690886945,1099.1775734682103,292.1071262632452,826.5880867806014,659.35912431139,1029.3096538154105,652.0154519446959,934.1909451453148,801.6905616194746,1035.6680105575124,773.517975032097,901.8338073237164,887.646108857987,1029.2487325675345,854.0302069754532,916.1767156574324,1
125,398.5955026524895,978.6522249085864,442.6265996330271,1026.342446511498,430.978391223208,921.8246132586478,363.2971248453088,1086.545446032903,385.96150411896025,842.4141077045831,261.8826567274076,1093.881384340128,277.9041518966615,829.8149254635623,640.8285876151334,1032.6851015560424,635.0519001220385,920.7213853195606,774.2605084839661,1043.2732839255016,761.1523421626097,877.9896355936582,886.8319517614317,1038.9234017449912,853.9993173031254,917.5473226509404,1
126,389.9262403728748,976.9776318933402,437.55715745943263,1028.155753691349,421.4291777691389,923.0654857896164,369.77791417869696,1086.8051500621743,366.19819117770544,858.5236084522526,245.752523345352,1092.6827606044212,268.3005409835994,834.4143293326082,659.091258898513,1029.9886266524786,634.6553717168007,920.521696764787,801.5288632991875,1035.1038571931615,759.0926574389553,882.7234084040343,887.7145957202688,1026.13724326667,849.5348026786576,920.5083509861416,1
127,375.6792586367524,976.488651497061,417.0677296175913,1028.7414994754834,413.30662974145537,922.4812764231552,342.1131327496393,1088.4269462097752,351.1190185249239,854.4772009250437,238.4665573278856,1096.921633370741,255.00279621278045,836.1421601619903,632.4088458618045,1032.6152981457512,635.357690868204,926.3646474329538,771.5042571624637,1036.2874493959807,758.9946778573977,885.1643536390408,865.010982558073,1027.6033530140694,848.7564279385133,923.2189896560434,1
128,372.056624532831,976.4738846666056,403.0529153176495,1027.9915345897575,399.2053985595703,923.0904350869364,335.0024059876044,1087.6196142192452,339.59184243558127,855.830401463337,228.62246489803877,1097.295734256966,245.34867667407764,840.400235458475,626.2148946531416,1032.6082201305337,620.2563504589859,940.0778895594634,772.0137552725167,1041.7046502510648,757.4696122902421,889.1216112707224,865.6742044357081,1028.353401985701,849.2823921471485,922.194920525141,1
129,360.99786618906126,979.255110091098,397.1904699080012,1028.655926930738,392.340594466548,928.9363751772308,320.97658482267576,1086.1997951084336,332.17591826410376,858.8767531126584,213.4824631769108,1100.715360732573,241.6427905971889,840.8268792729094,613.3791284846391,1033.4725922998657,615.0243253174622,936.4311134175814,777.0583469504962,1040.2149327128886,774.8298947615802,907.749279058654,864.6224903161255,1027.4259653869226,849.705172019135,922.7555096561116,1
130,348.5948991465475,981.721811175434,383.57395464794223,1029.4979060142905,382.2896779808173,924.8097227882762,314.61445881579414,1088.9992900458792,316.320463956875,855.2348741339376,205.263809333077,1099.7419715225478,222.81052995565187,839.9946992244903,607.7646446693083,1029.7458740054992,602.7364932235103,929.975406554234,772.3893575085465,1034.472517676427,757.5729037757347,890.1187517220794,864.141649164366,1027.2279033899133,850.8962948207582,921.8255472848908,1
131,343.916651374807,983.181919207212,388.8249846459675,1027.3834313722678,386.0768177047352,924.2168801536812,312.64194235535064,1090.30469682793,312.1737688756578,851.5950724134369,190.2989450759788,1102.6816417012997,205.87192355578836,845.2114258260958,599.9431061217626,1028.8434492639549,601.6900414515223,931.8260525851282,735.6724408451075,1038.7124344533547,745.6200537911006,901.0498253165756,845.2295855706938,1029.6041105496015,851.8261967771849,921.8873117462316,1
132,331.23618707545245,984.2670579135288,374.3015830011455,1026.3774746818458,375.0737832891616,917.7122413472688,301.1547733004288,1084.3190167249782,307.6858100841507,860.0276375797897,185.2053502136151,1096.9300769410704,200.0901831576046,846.0485319632279,595.3436167683495,1027.6234138931625,588.0985662065959,938.5157873418558,743.3884581229776,1039.3123342498625,734.1991429025081,887.3552394981862,849.3883419284895,1035.5425525359772,852.5110565267396,924.3235698646696,1
133,325.0429437188395,985.2897698979094,374.6097082527468,1035.2181242214767,367.8966215652049,925.3879257092838,290.78337194395624,1088.348203458653,293.21150939703296,856.0856512939991,176.8895116987092,1095.602490987785,183.9229824701118,846.5832510562087,580.9231905199306,1018.1314308900857,571.9651065226184,936.3426631167916,739.4740875179652,1039.783645002041,740.6479483060006,899.5881055261527,850.5410702857921,1037.7802102973933,852.2527218361049,923.6991045389168,1
134,313.2090938261798,986.319838390028,359.44190542471574,1032.6214007644598,355.0843896357384,918.967159587964,284.5977595940678,1089.654921308149,280.5626138258042,857.82584342424,164.5572342643192,1099.998537129466,170.54459379615335,849.9352287387778,577.7133071562093,1026.9170182877654,564.2761428210453,938.050158610684,731.0917453989096,1035.0255755691471,731.2451249508306,894.1975235781365,849.5960590030188,1036.855658896262,851.7959119935649,923.166153604366,1
135,311.4091486986654,984.18486360414,351.40243927121,1031.5926090327368,351.3746073590143,919.6794479336484,276.70425762280684,1090.644919839,275.5846339053388,859.2473661155057,158.39479745596995,1099.4761201408662,164.9717522907629,851.1953024545371,567.161871633542,1027.89321798511,564.397607922399,936.6362520844336,727.098622067852,1033.3939739958844,728.390247806306,901.6401056854452,852.3190868164379,1024.7016499762497,848.044962293925,924.291771770312,1
136,303.4458365769008,984.8961415735788,339.13539807105093,1036.8625377960543,337.64834221689847,920.40423480839,267.0739231184028,1093.1120184814993,277.2126775476185,859.7513891440118,153.09949631808792,1097.6105054733423,168.37049754605334,856.1220813445709,566.1945057535357,1027.755735510855,562.9429249986715,936.915144181094,725.3536951092346,1031.3844822891317,723.4745990470419,899.8468647661847,852.1584626633106,1024.5371920706857,848.3309586305456,924.8812648008012,1
137,295.6578953027415,984.0280790420072,334.35246520916724,1035.0882807836035,333.4805147049486,930.602352414212,257.6914386228405,1090.40713566003,258.7313094467738,864.1849523988566,146.68715500552568,1098.3316558008244,161.8327786925555,857.1897490176973,555.756013818153,1026.6533013427195,564.526994169456,935.5557475205644,732.2628789140282,1033.4558191796948,732.6710731496426,908.4963009376722,849.7637476133586,1029.2369349785888,847.5129281032845,926.6506089680692,1
138,287.1293047221646,990.0719977160924,333.2899531648435,1030.5661690156307,328.0242866347453,931.510289155062,252.51817457697635,1089.5584579568676,254.436787132789,867.1470849501745,139.77114514969725,1093.7465065108952,154.10697068907658,859.6625782828573,548.5478378613376,1025.0483610558213,553.6451896300396,936.8595950135758,732.6024711023537,1030.3401178476304,721.5024468926676,910.5300753086829,847.0620357230673,1023.663957919556,849.2632392913064,928.5612262442742,1
139,285.6225304671785,988.8419880751388,327.87972543267495,1031.9676933877176,327.48111767018565,930.596423348813,248.6799114609261,1089.240461877827,249.8479396686132,867.9609194719818,132.61424510469672,1094.589109175526,146.07024285821203,863.4932651001246,551.619511270709,1024.6406870217645,552.0137158853954,938.8137299413632,712.0131912529081,1027.6509395826397,722.0940973606779,911.8100794022088,845.673586271209,1029.1859304861143,848.1753999390124,928.6766304503813,1
140,281.91031055425634,989.5870019827232,318.732155401778,1034.617951986634,315.3593977592081,929.9573940078096,246.40618888547425,1088.8834348029727,242.47549783733947,867.0697588783954,136.97089650386022,1084.6488541176352,141.28091120130838,866.032176469723,547.5418997368979,1024.2171651488452,549.1950932218753,934.9323265417634,709.4782732801102,1026.2910545511688,713.1428621835299,918.0041075628704,846.1212514621848,1028.2786193444044,849.2837301683363,929.0317770280355,1
141,279.5724372962981,986.5173407112476,328.52698079321254,1034.6253602912898,324.7643178833166,929.061012688496,246.03802813665143,1088.0373402188404,237.40297513448368,866.5022900067736,131.53435937759934,1082.0487739512537,136.4969163939299,871.1826891201897,542.0673539021545,1024.7992918755886,545.8840961729131,933.1495485999496,713.063533867289,1023.3204555581548,718.0490249217098,923.532198219944,844.6917854328924,1026.3904804170877,857.0939399858134,931.9098472174786,1
142,275.989965257781,989.3660121135728,315.2421729059306,1033.5256986036447,323.2892586815961,928.5475464764104,245.5357223927432,1086.848935611453,236.46502094243996,865.0567194190996,130.3589178092768,1081.474062256039,136.55404832490242,875.248343574922,544.5227670979592,1020.2049957208122,548.9549150702546,934.1970309468423,713.3240394939527,1020.4138647747952,704.5413822625486,929.6302850346282,845.3827293951582,1026.3254086888949,850.6325767378192,934.608956364303,1
143,275.1156236601434,988.5398727966354,316.3267335036021,1033.531358257801,322.4880639164283,927.567486226953,244.31644623239265,1087.0405976619904,236.96015574997205,867.112754356502,133.15677787299583,1077.9610607363038,136.78082064937396,877.5597373183207,540.8455882053846,1020.0292740036336,547.8247345129441,932.5950148314084,712.6996188914047,1017.5231711046388,709.4674257990288,934.4122753942128,848.8527668033992,1028.1562023737429,853.0973919098336,935.2794062539464,1
144,276.22471966886087,990.8568215913234,326.6965838805597,1034.0679501120787,318.326976066758,923.8243247655104,232.42522960211423,1091.321312247787,237.88425559650315,868.3436502629041,128.6135023188994,1076.1416247029413,141.8968784297551,875.2962752320502,543.6579925527187,1016.914861203992,546.8932226451383,932.975870170285,719.3814797271212,1018.0167713487612,713.628952958959,938.2620160777634,843.8065283816254,1025.1763969830606,846.2714419966401,934.784106633665,1
145,277.148116351104,989.4147684852662,326.4282697818989,1026.4526084658858,319.52129458264966,924.3812465737795,237.35744357264088,1087.482619106901,237.81968770318596,868.2074876010287,129.88194975338303,1071.038861411359,140.20735780346376,881.5091400651,543.5926401289604,1015.4193065903978,545.9334757176115,933.7713699284764,712.9642792144894,1012.2003195129888,714.3824959545358,937.6448282189968,845.5220081592256,1024.005026498496,848.9612874873127,933.6851031704916,1
146,278.5357568291911,989.2090768694966,327.4177920337771,1027.0297270360718,319.71744929240486,926.1775758001928,242.55667380145684,1087.5169692085035,250.56487392232071,869.044607864593,134.04435252027176,1064.0436405403311,141.35608549080837,881.4207387863934,548.1921244597713,1023.8724680948924,548.0287137670232,933.2050533701092,714.2178269325524,1016.2423488552478,713.9403007120397,935.8882440459108,847.5596463385731,1022.881302451667,847.8858690299045,931.377994444859,1
147,279.6664744700815,988.92488803345,327.8490741665248,1026.4893627517106,319.1294592967734,927.0767972050652,243.09562712869035,1086.1078375845077,250.7231006200664,867.9607203565566,133.01975626629255,1062.624481672053,136.87405604844903,883.9526293191904,533.261882003169,1015.2674434081672,545.7153474586993,932.5843991539568,710.294934980891,1016.0750036498888,714.016494254917,936.8245560802318,846.901819405227,1022.4356673308632,848.1976031885035,933.0863624141114,1
148,279.3785019069716,988.5932559112168,328.3636189871243,1026.6706546556416,317.9656969524329,926.1589100744512,243.146479969992,1085.287174109936,235.97709457337933,868.4676453578481,131.89329327160422,1064.2386902438466,138.25401395443046,885.4199828653105,535.2057040032237,1013.0509927428708,545.9188432036202,932.9513695553592,709.7903154916354,1015.4220180665632,713.4763703265643,937.2247982655792,847.6585366853036,1022.3323318066622,849.2475018048627,933.3415106689991,1
149,281.2749634483546,986.4532746504896,319.46287837233126,1027.896632545578,319.91750154135593,916.0749084786578,242.4852590970162,1083.9117393241395,242.50798536680145,869.6642281604462,128.91612480768765,1065.396765737653,137.88753175921494,886.4937693016395,548.5120729166138,1023.0465500920596,546.4862458882623,933.1664599573498,715.3857332584296,1017.6854903692712,713.3366643064818,936.5971514654896,845.1393434750242,1021.4897452865254,849.4305910524682,932.6311986784476,1
150,282.0052712171378,985.1720980630912,319.9881621858078,1027.0475788102442,321.16425602271744,915.2447209298656,243.659822044819,1080.4360812801724,243.73991848433437,873.2318142141866,127.16254557992764,1064.4994830174276,134.93864109945545,878.3664359738073,547.9978294521376,1024.1897127822776,545.4881343171872,933.0459096938,714.7047327088751,1017.4318401888836,713.3104664141551,936.610264830691,844.8984226479796,1021.7923227011676,849.0112961966287,932.4786587728464,1
151,282.1960175889986,985.2767681987912,320.5010461993273,1026.363168642155,321.5957042361732,914.3746470634244,241.9527373791361,1083.609955932707,245.5984419685036,876.5027519186834,128.42708141192966,1064.580069604295,131.88391540388446,877.8143312789166,543.6066963830757,1015.9387166670016,547.9033456016114,931.8218126374076,712.9878948196788,1014.0344651983908,713.3928236942762,936.8350311660488,847.2240374085186,1022.128889657048,851.0902489611324,932.798625825522,1
152,283.1808748480867,985.1934814453126,319.8179321388274,1027.6850253181542,321.09547717983605,915.3330514923254,240.4342802169264,1079.8440583149884,246.40024212463933,876.9361037703493,127.23893199072393,1065.887170885522,134.5995437943889,874.6243050692276,548.1606535049656,1023.6841015391802,546.68619232773,932.0548658069664,714.7229747995443,1017.8065041143346,713.9767768572149,936.6840922560964,846.4998806530539,1021.7447287330376,850.3079043563228,932.828349856924,1
153,278.3007901294644,983.6192520220084,328.1372268736285,1025.8692608117883,338.2956632061029,922.6864608327402,235.9278101232799,1074.200425550922,236.57218050119624,869.8676595470645,130.78025485511253,1067.999256815129,138.30813182190892,877.642572025969,536.4350548336192,1015.0421200877688,546.0609085073086,931.3250694302932,712.9591307125413,1014.0871991697784,713.7040294751389,937.5840939781756,847.3693968694758,1022.0249325698304,851.3266476047054,932.8143310546876,1
154,284.0099376881851,985.6399049555704,319.69924068574943,1028.2021092422565,321.5239600490376,914.7704952556714,240.66628425112003,1079.4575032970645,255.63620727300952,876.8936760402795,132.65307199505432,1069.5408151642002,134.80620256480995,874.6216856250861,555.0106409219213,1019.2396700128224,548.9256902230886,931.8039837346018,714.548571305095,1017.666996851465,714.5146319087987,938.3154462804522,847.612013996655,1021.8118965546934,852.0999875211281,933.1820777371736,1
155,284.09203781108084,985.8977204153944,320.2923778439684,1027.6196239732103,322.0493483326369,915.0242759373853,240.06688558233728,1079.2111615272763,255.9658855145557,876.1209467454136,134.15962224198876,1071.3902893739094,135.4915935382421,872.2197118530722,554.2055814318911,1021.0195570811904,547.2852695499812,932.8012540145976,714.9234824310818,1017.7077361365438,715.0254506283525,938.3659395306188,848.0043113619205,1021.9276027973744,852.3247258591869,932.9060203445738,1
156,278.850761036569,983.922491360902,326.7735569312761,1025.0041554133566,339.350131050973,909.1069765111964,246.50543282338947,1081.4241811512677,237.81966895213827,873.0447937056565,131.090949669926,1070.059333257514,138.40140522533957,869.6738570057058,545.8506885027545,1018.260122687391,538.0409990268504,934.4814794401664,716.2720551013326,1017.2106108430728,713.1634180195464,938.4584273002675,847.1237547964981,1024.252861970317,845.999265851838,934.9430256324335,1
157,279.5317977488583,983.3975275783832,327.61316187825093,1024.52817806157,339.8612524660108,912.6822957775332,245.2026046733087,1083.767107782077,237.70556614829903,867.975193222685,134.8352325193206,1069.095186770269,141.22578178177574,872.182755761073,544.1412579470709,1019.7343517698672,538.2913425901932,936.1056753995224,717.2088145837672,1017.5767908369594,706.0382516114393,938.4815879221964,849.3248672882198,1024.6700572196742,846.7397541001496,935.2683526570968,1
158,279.7202538141813,983.643341625026,327.85184932158114,1024.950780371022,340.3985985605862,911.764638705958,245.89621932050804,1084.146912383473,239.35553244403496,867.134028090702,131.76677091223985,1071.1906048552594,137.8760735297234,870.0880776320548,544.7018540014061,1020.4906836403898,540.1745304825712,936.470571906141,716.1776033954595,1018.1499203717684,706.0704016220429,939.2359340199648,848.795777681745,1024.451657196426,847.103251195543,935.0974187914018,1
159,279.174499214083,983.67221470706,327.8012429226204,1025.9800846904277,338.97018928676647,911.7268578993932,244.59783516872687,1085.077191758559,240.0625996285824,866.7096848666537,129.39852832352696,1071.5683348891844,138.73084372134758,869.0298114358985,544.1894665558099,1020.6738590686134,538.7032486542923,936.1378574301268,716.2259998495153,1018.0119266552052,707.5433151681649,938.8373856611064,849.271170984474,1024.3334095413245,847.0319998930892,935.214987705071,1
160,279.33548365519783,983.3307889311916,327.5983806952388,1025.2687959579928,339.45114026609104,912.4547532619054,245.09341464396104,1085.707649045968,242.36268081962672,867.2637269008169,130.40859904493868,1071.3428097626115,143.30199756299874,866.1394640315026,543.81808899779,1020.469032528644,537.6012832755695,936.6842597552208,716.0568600420213,1017.866444584204,705.8650147000276,938.0793424742262,849.2146027568722,1024.2101221133646,847.1943411064395,935.0869463963336,1
161,279.5390865489627,983.2229369848112,327.3930326146794,1025.3022796384207,338.83277357322186,912.0733537190456,244.1824914265051,1085.5782805252916,244.26842212056928,867.646174490408,129.42166979508218,1071.3265118959807,144.45367284807023,865.1634419235914,545.4635691053691,1020.6678398631236,544.0118509399255,934.9848317994868,716.1791704473011,1017.7551605874876,713.7579548095385,936.7643007927306,849.1662823115275,1024.0993076523466,847.4941074088583,935.1073086393134,1
162,278.77953384260513,982.8041871552256,327.2524024358186,1025.177338745207,339.43424825085464,912.0733416106752,243.5534018130854,1085.8835258175573,244.74166909801943,867.4849804633685,130.22811552328002,1071.545937094594,138.96223935101213,867.7311564157502,545.440391471079,1020.3857390482927,543.6866099998762,934.8082998305188,716.2843290013981,1017.710031345432,713.5912981765013,936.7579196815014,849.2804504091935,1024.2356734657708,847.7715472406156,935.1616456244116,1
163,279.312269858173,982.5951758278898,326.6863993829496,1026.2012790565016,338.79377407277354,913.1145444221132,241.7096970140236,1086.9996700244824,244.9740963701464,867.5474179483003,132.33853120642613,1070.6963626993308,142.6224462015576,864.1592059671485,544.3563853686745,1020.0032652238992,542.9818076740161,933.9923449985076,716.1896040659732,1017.450780371022,713.5806984771212,936.7168205087454,849.0815275760248,1024.3655586102534,848.8981095154046,932.2338409760172,1
164,279.7256956360895,982.0661005809148,325.9486126248641,1028.0856778427226,337.26739325355953,912.2283052084292,236.1008327370037,1075.5613855366144,245.60362797254703,868.1049539200267,137.11348951560467,1073.5633853461093,143.41092239895784,863.638274271991,541.5317064515946,1027.3267722707913,543.4351557717987,934.4610479104002,714.7204594804344,1015.5718605068132,713.5231407969143,936.8245345542398,848.7575402774488,1024.3937146076817,847.3483213615665,935.099279444328,1
165,280.3540405650443,981.6605051504524,329.06451707698585,1027.7411294526514,324.46591638929664,934.86719628978,241.2669526337027,1077.324357547802,247.13845747810035,868.3186996202098,138.01199150333477,1074.161702982211,138.69620651820546,868.4502577378767,542.0877406439018,1027.2980323808322,543.9680150085369,934.7239038157692,714.013255681111,1015.2023791215772,713.0714602030145,937.60285926163,848.8226861048427,1023.6057260752953,847.4471668397186,935.3685877657744,1
166,280.39656392309536,981.3543571119008,327.41114880545706,1028.1460986112866,324.0903784425733,934.4161675626264,240.765158525524,1076.6729494160716,247.3040479801411,868.4443871962683,138.66477172613452,1075.7198565256765,139.93309794848855,869.5916034998394,542.771881324262,1027.353912510476,544.0295586257358,934.8300565541624,714.1816615190245,1015.7600373647216,713.7500391886974,937.4581036928556,850.039055517963,1023.5333987424516,847.550233312639,935.2347135859146,2
167,280.4037562892403,981.471738345828,329.47691690472226,1027.1868681224455,324.2246252290604,934.3680838781802,237.3201437207285,1075.30022211236,247.1746336065126,868.4691817755213,139.0389676335884,1078.165983134206,143.59153717795024,868.1604479271905,541.6767349230762,1027.0512207390018,543.805017508518,934.9290149024442,713.8620495765199,1018.489194389304,713.9048746255346,937.0918698839891,849.524006428117,1023.6454845823672,847.5110811250883,935.2416436099376,2
168,280.9597261922412,984.2669623919396,323.5021835247779,1029.5656409112958,321.6764998218948,914.8811469263754,244.6825952616717,1076.4936977725622,244.3438441917707,861.3510770888823,134.6682484283249,1076.4665016998358,144.68887728429428,867.4272390081111,549.901643413251,1023.7038852711272,551.6470706230332,925.9208810373232,713.3940826931916,1017.0652834901384,705.2725766880149,937.6489571733216,849.069057459639,1024.358115998548,847.9841285378167,934.1062080781307,2
