,FrameNo,head_x,head_y,leftShoulder_x,leftShoulder_y,rightShoulder_x,rightShoulder_y,leftElbow_x,leftElbow_y,rightElbow_x,rightElbow_y,leftWrist_x,leftWrist_y,rightWrist_x,rightWrist_y,leftHip_x,leftHip_y,rightHip_x,rightHip_y,leftKnee_x,leftKnee_y,rightKnee_x,rightKnee_y,leftAnkle_x,leftAnkle_y,rightAnkle_x,rightAnkle_y,status
0,0,146.2099964255939,999.375915527344,234.3058686076587,1061.62848882514,226.937913299382,906.2064856557964,376.1801011292615,1101.1848991220263,348.34952293663866,868.1480597188419,306.5448717829155,1071.187863654726,442.6301060789428,851.1906097882991,487.1182631950229,1029.2117502407325,466.22910587623306,928.8688367049016,661.6631150958751,1029.8356131750552,663.1736432436384,918.3006045574832,805.5221393173475,1030.4884211689475,806.0227567972845,913.1687401428896,
1,1,146.4911583403152,999.0534615499146,236.27713812343168,1062.2139904238038,227.96303977271825,905.363839939182,371.54438073365367,1093.9008498910068,347.81218688726733,869.4983973002102,297.4376982055188,1075.690771547159,445.2177024414697,855.5872108969594,459.9622981414993,1026.1004957077173,465.959262227826,930.1813951614234,668.2497768625326,1036.9527491920578,666.3109138449084,919.4508984052112,810.2983094966922,1033.5057813432793,814.830837100938,914.3744802369868,
2,2,145.48190261979715,999.1087006086116,235.12380939776315,1063.393943052271,224.8899067951892,905.8815723337908,373.8391265819535,1100.757469608887,347.8496086209896,869.3545256424792,304.6787407308313,1073.497433742997,452.9274772946639,853.0797476561783,473.068924198225,1026.2669400587229,469.0205207695731,930.1066202560302,666.9066989189316,1035.3543501159534,667.4986393585007,918.9368415737224,812.4271453217505,1033.3154676943295,813.2781833852065,915.383368498433,
3,3,145.82537493563132,999.0644956388342,234.0909494566204,1061.3370726373073,224.5237858924816,905.914836718176,374.4037058945595,1101.0811061704974,349.0071958435217,869.730436730087,305.3541869521916,1071.9919462295072,444.54388756125735,853.7289157393749,486.9888568575577,1028.176859253737,462.4893855428509,930.4070632340364,659.2643069600872,1029.5699541819265,660.848091433045,921.8631885088516,806.8067761050398,1030.791373943074,809.5770397747445,915.6057387218152,
4,4,145.5288820303928,998.0681149877232,234.69415592744227,1060.6118000823728,224.4999506321623,905.8517588349848,374.3958204093308,1101.9732710861442,351.07286215138527,869.8956487180554,304.3237405387571,1072.6710374595311,445.30762442996814,853.5823102806703,471.4149438389256,1028.318580330338,462.7191099853912,930.5234831978872,674.1572596099813,1029.7840826411532,661.4468297970775,921.9168595335748,812.8000045473771,1033.5058950274242,810.3974540707968,915.10297899996,
5,5,146.04736457100458,998.1460014079792,233.245141930946,1060.381180022588,224.7578887046546,905.6725179544712,375.1853573802853,1100.690808993416,351.080850097696,869.7017129846218,304.8037231604051,1070.9727160743194,447.7477382776486,857.0130219694274,487.282755421414,1028.6254548711167,467.8290765214183,929.7492349752164,658.255646585333,1029.63282622282,661.5505257694556,921.4301104408954,805.806947976002,1029.622878523805,809.7254364450204,915.7793323928868,
6,6,146.15461051851625,998.0900607364832,233.07191439505823,1059.9232306890328,227.07884784792736,905.5522899081128,375.2785052186646,1100.709614638105,350.62829155295657,869.667664246906,302.9640324249069,1062.9818037202656,453.996547852753,855.7167408625753,470.8685275947164,1027.9163974422818,467.540101446938,929.3649361503204,673.6072686124685,1030.608111065508,662.0207096293316,920.8480476194406,804.9487667679011,1029.4165115300389,809.9095965113844,915.5394400120832,
7,7,146.40050840935874,997.9948983623384,233.9293368554084,1060.1703208233837,227.32891014555491,905.5611639982808,375.81140128781794,1100.5696405302858,351.4007135051434,869.6936407376528,304.6848133915577,1069.6608461131952,453.4888488387565,855.5946360187966,485.8963243859022,1029.2982793467436,467.5876299953584,929.21803033676,658.7348751469923,1028.1518164528898,662.9561672533132,920.5272188544012,806.3836654109979,1030.310547861608,804.498592619778,915.1058137040204,
8,8,146.17914425536156,998.2197333117956,233.8576140980417,1060.0199093002332,227.76029239550368,905.490249308657,375.77686654575774,1100.349574933413,351.2684536600299,870.3909241215961,304.7001946080956,1069.5241177213447,453.25918232356,855.4621583376625,485.9710446321762,1029.1870881808672,467.1337073119006,928.9199777528876,658.9859931955722,1029.183907042874,663.3158907003613,920.4832547066582,805.9996394342191,1030.142063922868,804.6955402309779,915.0626675439704,
9,9,146.03864399447397,998.2514397525156,234.03050947251336,1060.1916544267483,225.28435919157704,905.4966674176846,375.299874046534,1100.7438813264891,352.7143268560402,870.252581953039,304.2455285795333,1069.261093644164,453.7962183561684,855.7018499213226,485.98239705218447,1029.133700357475,467.0889057015566,929.0405690503594,659.1474718607293,1029.1553447423482,663.3377075443342,920.472773566656,806.0807541225914,1030.1113840028877,804.6634237043879,915.010344584491,
10,10,146.07718677297524,998.1119096182796,233.29946103734684,1059.6243839978647,227.49267710820905,905.657985891865,374.6834012094802,1100.6883684840825,353.3211268312134,870.1499514050734,304.2248783185981,1069.0792434098175,454.0981587755974,855.9522089793523,486.8131782918665,1028.9036413188546,467.0284523238441,928.767587183855,658.9195220709157,1029.057584450054,664.868281231745,921.5298329618904,806.1322438298338,1030.122451053482,805.7305806510934,919.429882982914,
11,11,145.89900628177955,997.9897832485092,234.29243214263715,1059.4881675210097,225.10933423383335,905.790863149224,375.07770761556833,1100.9046751046164,353.2177462782444,870.1411714911198,303.8449311969494,1069.9664136226522,454.0984457335949,855.9243852894242,470.4666980004279,1028.2612902482235,466.9759038520882,928.6824798023412,673.2063417471896,1029.6688755324096,664.8060384683398,921.4221518780712,805.8510517795002,1030.2590025285865,805.819591874419,919.4108526606844,
12,12,146.1305509153051,999.2292892153346,234.91912028259355,1060.4549240347746,228.96193855295564,905.3796803784844,373.4473026806418,1100.231940769081,343.1710387330371,871.3336495561341,297.1913308688041,1063.5312365014092,450.74803992582696,856.0021519713504,488.93630852469846,1028.8655880739548,467.8864681209172,928.5022070195902,662.9422573243378,1030.1259631536009,660.2282467558108,917.9650015624284,797.7518498106957,1032.159303641337,816.2555872417395,914.4590074257496,
13,13,146.135266803796,999.1719338825573,235.36086416058484,1060.928501238462,228.6168881355553,905.7387830298408,373.4772106016876,1100.702096685428,342.7509402608685,871.3418025255729,297.55072416347707,1063.2083938789228,450.7627949913084,855.3968767310486,488.99750122943374,1028.7279905701805,467.0679232792054,928.0335708719068,662.7764652485345,1031.1074367189651,661.7240533221062,917.6815923709016,797.2026028279674,1032.5198075002295,815.362042227399,913.996687643148,
14,14,145.95677692031364,999.4742106059998,235.80405990541055,1060.482919932638,225.65155827952609,905.8742830947776,373.41008252068207,1101.2593373474526,344.08695776533864,870.9946246010517,296.9707971183469,1065.5287997815471,451.8524413921122,855.4853364494599,489.206829889543,1028.7748398735278,467.43579472614977,927.7840102936397,662.794549294659,1031.3032808661198,661.7639937233397,918.0329349021716,796.9789443493509,1032.5131357881096,814.9372432693858,914.0664480014552,
15,15,146.2990679201441,999.7787166149805,236.0449880989382,1060.605764732389,229.04289117870155,905.1051385502532,376.3814652818697,1099.20178482762,345.8088664735712,871.5310913355013,297.44350031541444,1065.1854010139818,453.2885236950937,854.7166964203711,463.0303124178525,1023.2026895471218,467.3664694241646,927.104022371515,662.2623905434874,1031.4810801778622,661.5875617673399,917.9593799151016,797.3399529128452,1032.1383844133163,814.999161237858,914.081547139411,
16,16,145.9191234772165,999.2893924755178,235.1733014487476,1059.2966642246624,225.7998455826421,906.5397665344732,372.8400098207868,1103.1829242019598,349.31241200401195,870.9260589352958,296.21092698353937,1073.026952246022,445.3346379928688,851.3453661983807,489.2468526614503,1028.7790589679437,467.4813436996797,927.1855944452,662.2790441525462,1031.4906013931625,661.2799735993185,917.9361614420692,797.3308881206536,1032.40642741005,814.9854729730533,914.0650656291616,
17,17,148.61334365428036,999.9530388063408,237.34812028386347,1058.1440536420544,230.01303958024715,905.7641487205668,378.0266768476588,1102.037836953527,349.7476077482821,866.1642613015046,294.17710799079566,1073.8315171375598,439.64762470657087,848.9165286611408,465.12383072832,1023.8289371577368,469.4984206855684,926.5395200506543,662.0378748741199,1031.620533625752,661.2352041336277,917.7145674997704,797.6239482448067,1032.1763737529277,815.2753862695979,914.1347008676412,
18,18,147.97413517191754,1000.1913503721128,237.6982063620856,1058.6117219609605,229.67709748425625,906.0775772531974,374.6737564741712,1105.196639039252,343.3960164817939,867.2972206715536,293.6476748383401,1077.3897710011163,429.75075611367487,844.375698697821,464.9165914706663,1025.0391512947167,471.8469947646281,928.0940908618398,662.79081515745,1030.9432586512962,658.951907808976,917.5216744315704,797.6324223789964,1032.252608053304,814.9065933425962,913.9562544307668,
19,19,147.14002160319114,999.9425926460756,234.5229267174928,1056.883110814371,230.5769200814871,906.4285336619874,371.4532908227571,1110.4225821288346,348.51518174606736,863.2865415821174,274.8045889825908,1087.1893436115165,413.0049816374661,837.918899390384,490.03010803143286,1028.8346592596924,475.3523209749179,932.7173833685882,663.203487545058,1031.1461606330508,665.2695878057392,918.3633366794292,797.7131007706699,1032.2642603418042,814.8363170946218,914.0308197940824,
20,20,144.64661041378818,1000.0639124638363,231.66182355545897,1054.502194843951,226.87147197549768,907.0274499897394,365.8324526624344,1109.7697257014604,370.63477276825625,858.1677094318691,283.05575580373693,1094.3356675281848,461.8007057695922,859.0974813905558,463.6097867591173,1026.6453764142575,475.5396653709858,931.630842782048,664.4219942427735,1036.4783459284304,665.8811043390837,918.5931602775132,806.51343052967,1032.5485117377648,814.7336972984442,913.963380879466,
21,21,143.37803908845382,1000.3242437739656,237.44971212082007,1049.8201584097746,227.37489742482435,907.5682690106798,345.46570555906453,1103.1942522552065,365.8355157800086,851.3530186885075,273.16174942433287,1103.9310585375133,451.7286861516409,855.4732302652397,457.1039795100456,1029.6980082717212,474.730433103167,933.5810276903184,661.228554208505,1032.1402221948763,657.4713170481906,918.5613334257756,797.3159863951922,1033.2945615837104,814.5560569043897,913.8261520083032,
22,22,140.67269686139605,996.7853427861738,240.55089298243328,1056.9265724647405,227.83616248280856,906.5218764171278,348.7583707802007,1099.733304620052,349.261480140438,843.7834957887985,353.62621374341074,1108.8130366250402,321.821893436546,834.2381304279135,462.1596162247874,1030.2452595281216,475.93777690039184,932.909171884328,661.4561021901541,1031.7494918072075,665.2717522123854,918.7518942872888,797.1863014707329,1032.9729215578504,815.0578754558984,914.0829140398978,
23,23,136.55679987372903,991.80460033655,235.00871546711812,1057.258849694044,228.24954807990855,904.8823943127612,332.9041342865506,1092.7224013912248,340.580198439262,833.0010147711357,323.5918510347721,1104.8155757559302,325.42574769653794,788.9138090706853,473.39479865581376,1029.6748241057387,489.96849744620647,929.81104887907,672.0749946068415,1034.5628545286024,659.1619583844208,919.8504985105808,805.4226352086457,1032.3818070567943,815.3690926213258,914.33850357762,
24,24,135.74432241901152,988.349161925866,238.97755016431077,1062.3015743034189,228.26887103454035,906.8542054433494,322.5909388607903,1142.2107220606977,326.93234616045214,826.8252830309171,224.0576201142508,1162.0180047880983,245.4271714057972,778.2459606027709,468.9521440696964,1029.0257360723244,490.1967673431912,931.4649843416348,671.1333986934667,1031.6101957681335,672.8762475504832,922.5935519608744,811.324726695047,1033.2726306340696,823.885946385417,914.0057722844244,
25,25,133.6822596607035,987.229914949012,239.6542078372871,1060.5666520050745,227.2920204728105,905.6359224228364,310.2267314057666,1142.8226602681852,312.3988993115171,802.5530185180934,190.5185633735012,1170.9771939290963,202.90896951609685,755.695564219568,471.0442162893218,1029.0696316059682,489.6319134616728,931.3444535860152,672.7554301973747,1031.3568308071387,673.4663644925205,921.4783441345978,810.7016842945034,1034.0347059083108,823.353861968756,913.8007385567828,
26,26,129.05586766018513,987.0789619126276,238.9502821229059,1055.3675720080307,230.22694349598976,905.4812844057104,290.50537041786896,1144.7730429465066,285.5695895627819,789.4649140682403,176.37731678619184,1181.2138524780723,159.77272815605133,746.7522121544362,469.2395619701192,1035.470987357785,489.8973532925966,935.0999057161556,674.9682544762818,1029.5983758908174,673.4241317757084,921.5127695771722,811.5402083775157,1034.311398317672,823.5069716395265,913.8096489720622,
27,27,128.4198830186623,987.4320002884484,236.07909893338484,1055.276974489547,223.6560547088305,901.358310943312,272.55812440333966,1171.69037694882,279.593484677636,787.3375944632279,157.29314727168554,1188.8701419423908,211.80765843980487,760.2485516595106,468.1655764610777,1034.5438534682678,476.5006284378904,932.6100413191416,674.0529973653807,1032.4044443280447,674.5678298293536,919.5753273834296,831.6414895324309,1034.582231621108,823.1578157472052,914.0043219707188,
28,28,126.55374794849648,987.1420882293008,234.8713051110157,1055.447274683855,218.5313066549512,906.9589724460128,252.1152292953511,1176.2268667340193,255.38377665109223,813.0750945243303,129.9321262176077,1207.679760867756,209.56251380037423,771.8480631360931,478.03070321349696,1035.803738831598,469.2934824493368,932.1766941762864,675.2799879652006,1029.173765609932,673.0754687262139,919.779128748034,831.7660018464524,1035.015039941478,823.1738860647451,913.7797991481448,
29,29,125.54723657774213,986.8760942379224,227.9028535974351,1051.5993583281193,216.01584155475828,903.7028634591984,236.92613934044408,1184.9346551607848,263.0936174677934,802.7945825267067,119.90436928479971,1194.3426275989048,299.31342510625194,752.4152512729037,464.11151389926863,1033.267732125534,465.881430646998,928.958437973572,671.5606299302358,1028.5365733778012,672.3255876260864,919.0202709368972,810.6420131033511,1033.9850535172036,822.6754390185769,913.9122230142992,
30,30,125.69400437631592,986.6186191578458,226.4186063823526,1056.172899726907,210.11936098453435,906.9485155227516,224.31160560819973,1185.2338180149593,193.99845713601772,772.3323165590846,104.69688589148154,1194.422642401612,67.76647381726724,741.5276655635793,469.7954918597237,1038.9700413801318,492.7627062456505,932.8869045910636,675.4338028092998,1031.7444681788438,669.5286960874639,918.9474330344332,831.5338236953874,1035.5452601021482,822.617634896029,913.9555709805234,
31,31,125.90644972842132,986.7960875074624,222.01957108605512,1050.5749525172496,207.68323826386805,905.3127829771022,217.44079996612507,1183.2337856362797,174.55373320064865,774.8116782901044,92.05554749472708,1204.7421141322443,46.83018440077922,747.1350990087999,464.9545127858731,1033.5369455980783,491.7737117018284,933.2639047593252,674.2629338178895,1031.0490508293249,669.3660702599971,919.8048529810628,811.9996733349228,1034.2017516417156,822.6947887604196,914.135513473836,
32,32,125.00669275985736,986.2178065337126,220.6961626566278,1051.4969147872084,210.04678103641663,907.3451790119428,209.1630354535285,1172.8779887942862,196.20793862212616,779.1657265488669,96.00503998398004,1195.311472133886,114.03240570941423,726.7608135820399,465.2779804125564,1033.0344300616937,490.212620014642,934.03209610602,676.5156244146498,1032.548507028954,671.0029737723044,922.8191981711518,812.2334962207411,1034.0730813704022,822.8560571459707,913.9904498143025,
33,33,125.8466526373775,985.4899548958716,221.3026006696128,1051.8287339164965,210.45428148326695,905.0188886094496,206.18604646392544,1183.226552230308,176.87217434609045,777.0446118110248,76.637581079927,1208.840617250643,18.762606359117207,738.3633144807501,468.3257623084655,1031.2360141594388,495.4972706411533,926.6951521313604,677.6598053077727,1033.3351744035865,670.0294053135984,920.6990285588925,832.1735906910989,1034.8823725625402,822.8990974971935,913.3169042179464,
34,34,126.90407779033843,984.0677595173586,223.1630638826963,1049.6741247352304,212.1489047384076,907.4747217586162,185.20974900849615,1175.762817472504,158.67452232053282,787.1196881924195,68.16383070071434,1206.0182031859904,16.91482722526719,733.6502738913397,469.1581879480608,1032.421861546255,482.1374893684536,931.6015553246694,677.0011158262334,1033.8151717343635,676.0209262386564,920.201542368713,832.3430452483218,1034.873906120844,823.1871323405688,913.1225110571846,
35,35,127.36964621376464,983.7240540044086,225.23853661180007,1047.7248149930688,213.0934137609752,910.6390170084038,170.1253250578445,1173.6184435745622,140.6963727378101,805.8175899104806,57.72638740093097,1212.850316907447,17.228484035933434,734.4993309901096,470.9943997782445,1028.373884639698,476.92876575207055,939.4496306139788,677.0600490297235,1035.390088644035,676.5415972944044,919.4356438765012,832.2692103193701,1034.8994036582706,825.1485669318349,909.8876744591954,
36,36,125.05257255544277,983.6413645972056,221.4721774434857,1050.6016016952435,203.4320141280116,907.300954534235,166.52354881574334,1168.386187640995,131.31690850028446,811.8454999734513,43.15692933235118,1212.5374049986224,2.137994456198188,747.8612507659666,459.7241933200077,1031.862219390757,472.4524808271033,929.2666599069072,676.0208807003978,1034.1943762987348,671.7233883543969,917.2756888496798,823.3436607291391,1037.6007237178626,817.0999268282529,911.0349560134296,
37,37,124.42053367009552,982.76790711391,221.8821238975376,1041.8105440048678,203.4851626332932,906.9309220604824,163.63476508925578,1161.126423764982,131.97219064858862,815.5968278580777,42.64454607225673,1216.787168571478,6.915859177766757,752.7052978695009,449.9837879055653,1030.2279755019863,472.15974081012143,930.2302810254122,675.3288317656795,1033.3447682691094,671.6013940382065,917.5231395443952,823.992003650442,1038.1272230982167,814.3411005860962,911.5391129066978,
38,38,125.8017411994686,981.9063911746304,220.94211713545343,1042.352988238198,202.329463239454,906.3809376757956,151.18091657660872,1156.493427576518,128.00728697460556,821.4730617458728,37.34675698844602,1212.288499954078,-1.7729704897797465,756.6193286186628,450.85613142839486,1041.7552935104875,472.5185782701668,929.304337792323,674.4881111313679,1033.279346743548,672.400861028267,916.2516153463102,822.7983862897973,1037.299483815683,813.94643255266,911.3176023776176,
39,39,125.27353691031624,982.3253502099502,219.65093171177972,1040.9714716029116,203.94536022092024,900.8604584749264,152.48101778861297,1154.617392983531,129.60561020631627,816.1542918522686,34.89676518930105,1206.4151222963355,2.1655852834952047,761.7645404936197,448.2338403539322,1028.985748178901,473.19317131885776,930.3588490482642,676.1267035773268,1032.885306734622,670.7872690863045,917.0878786063212,825.309513201174,1037.683712975406,814.4038007411286,910.7839676564796,
40,40,126.20539433314369,981.3109418769518,220.21425537387168,1051.0070746966271,205.95179029496964,911.8285460125252,152.69483330655933,1154.3874109676003,133.82110556018367,827.4619102057599,33.233037633610635,1202.6643312161325,2.408775656989089,754.1613482518025,460.0504896761692,1027.847808232472,473.4553457887647,931.2727182179492,675.6304597792606,1032.3683963638296,672.1390910452457,919.5159196818604,823.5213878467891,1037.4971834024377,816.770969832362,910.4309017004816,
41,41,125.37444902179456,982.012835859289,219.37203766930708,1042.5178423565508,201.58996611794817,908.752620341058,152.1506859391191,1155.5796828539735,131.33423714705964,825.3820285054361,34.54451336507214,1202.0042070757372,-2.653736665127956,753.4762828863342,450.0237350036016,1027.753990560135,473.72948610581096,930.639186077132,675.2117381697358,1032.6180803802065,672.926351103268,920.5186286382516,823.3763203664315,1037.6804642323443,822.7806725768645,909.6179504170304,
42,42,125.38254210790824,981.9231330148444,219.24347780770844,1042.0784080667938,201.7415442299316,908.747088161135,151.11287706075004,1155.6873222311835,131.5788847448302,825.3093338853555,33.326379009589104,1199.8828272991195,2.2486778725573235,753.6339870119341,446.9144288275114,1027.3780431474158,472.9319986906411,930.478828200341,665.624200922615,1034.581345019316,673.764828308661,920.8707962204304,825.7244270086597,1037.5428523078376,837.6904623282126,907.9480076887256,
43,43,125.38871589035608,981.8194503840238,219.11409926197464,1051.9913789299287,205.9794909498316,910.8733529925436,150.6412908903799,1153.193815905412,130.379792747944,824.3701050791296,31.613580631806727,1200.6065311473928,-0.5859863122510972,754.7547741062409,457.6580649327549,1027.366489071254,473.01034056783806,930.1748085442402,676.0022515345302,1034.066705640671,673.7543518304515,923.0001846750724,829.9405552103863,1038.1089798200665,838.0088484209753,908.9111283279184,
44,44,125.81894595539303,982.2265580154184,218.35038784111427,1039.9819567341913,201.28389812414915,908.031011240873,152.08888516469491,1151.338797071066,129.7196112187538,824.1989398090215,30.00118741753507,1199.7944550300504,0.3894766719505597,755.978824074526,448.69006405881225,1026.2936928305533,472.31466062667306,931.00150686428,661.9978695138998,1033.2092476872117,673.4898120498161,921.3229681795611,820.18790427358,1035.8008974006648,837.2071165722275,907.0617630935434,
45,45,125.94781855767972,981.7768612090146,216.078451972634,1053.9139506993797,203.53020566337597,921.3898050390912,146.36424522251085,1156.1826363142409,128.20370152030716,814.9693290491826,25.626011155206605,1194.2900907248809,1.1910611910379754,763.6142400535567,457.8664252351877,1027.6811365131769,459.3172902279619,922.5059532821398,675.9937653460955,1033.1459945689924,674.7323381699263,917.3527559368688,828.8657692659971,1037.4574583615563,821.9508195140427,909.9742654524332,
46,46,125.61982924978506,979.583890019402,218.23889277226283,1048.1646306964951,204.8248757683564,909.4944853996373,147.18874352186026,1154.486654871619,131.69083653562865,825.290763681203,23.1969970069409,1195.9568886403035,-1.6771901382426446,755.9178685196002,450.79404612356416,1039.5914348795693,471.6999276189717,930.2387555393552,675.2503947938836,1031.5239357370212,672.8778260705994,922.222905996352,827.765779234808,1037.24623977919,830.1440897130532,910.3014881097596,
47,47,123.9725302905813,977.4610141863462,218.13217922056916,1049.225173266297,205.13244217176896,909.5646614786637,144.77754630099966,1155.1143675950589,134.13204882637885,827.413985275504,24.10623706673769,1198.7170535724538,-11.826371489327656,759.9728992246338,450.84456805910025,1039.2988549427982,471.0331269699513,929.7577283244024,676.7351322149269,1031.9607828716248,673.4952444962004,920.7339316094124,827.6859935269399,1037.255534130716,834.6717458955643,911.674586736832,
48,48,123.47913665176212,978.2868359949028,213.69730866311892,1047.0726601784936,213.5568874245037,910.9196231121706,149.007685553423,1153.7702520343855,125.74268544448832,816.0111480421393,32.318627390966924,1192.57424180075,-9.855845318659073,759.8585766996206,457.3529291338976,1038.2202776278932,455.7093636422225,935.1693028233492,674.4322008646355,1032.636691618281,674.7433396774708,921.5944664343416,812.3210287900213,1034.1916670508458,815.4508431711184,915.5187057730558,
49,49,123.00678302779774,977.4509602027462,213.6586011432702,1048.3223879643874,213.4842324721953,913.2228867574968,148.6883505237118,1152.7575479545285,121.844661400129,815.7420146193774,30.837439275376973,1191.804956328247,-8.590085311115795,757.5162554873342,456.7540166529939,1039.784734250867,470.9912880251404,932.3804531615942,673.6324218035674,1031.7749018952918,673.6679443240321,923.314709015229,810.8966777786632,1032.8867113055946,814.3649482355006,916.4267205456266,
50,50,122.36972421911508,976.7001618575208,214.20167032546897,1047.6562506726873,206.52864384248133,910.6273014873026,147.6805881902052,1153.09012015719,126.59229809348076,812.5200788174195,29.5833464375708,1191.6119768197357,-8.447657040718783,757.5406767251648,456.1917222894834,1039.3487414290676,471.1792217398496,932.479590444684,673.4218770040802,1031.6346640940717,674.4929890824852,923.2631125579768,811.1527313708639,1032.7221935308655,813.3828359958563,916.701741327178,
51,51,122.2151740660748,976.7338096736372,213.9470002927148,1047.2270930260092,207.172497227226,910.4132106985616,146.2782020221606,1153.0883355179226,123.92103187749537,811.7681073056347,30.204931613837783,1190.4995061578688,-6.835173419610111,756.8930410235179,455.9057286315838,1038.732070194107,471.50665521311663,932.4901785419584,672.3244665813073,1031.890208561748,672.0023932289549,922.3596256432684,811.1700198368226,1032.6614122019369,813.8050694087391,917.2520136220064,
52,52,121.65272165801962,976.5126327974318,215.18787765998988,1046.174568888197,206.48265154060988,910.4231086187202,152.3319764255082,1146.1697865303258,125.00585766855544,811.8858262285602,30.53644210061419,1192.0715402663411,-8.864131203243419,756.8978446831518,453.4347678036932,1031.1703531572173,471.4773232171067,933.0002934261772,672.4183102174915,1031.5982138628824,673.4426049479272,922.0009582205612,811.3659334616791,1032.8684586098227,812.9099248630637,917.6103029944808,
53,53,122.16966125527964,977.2823524895527,214.42378853945488,1046.2874922237354,206.35269606531983,911.4817582466076,145.6244521023238,1151.7056099795666,123.41887346324746,817.0835615237963,26.87599450001016,1185.1836375643627,6.647533024861072,759.7354426443534,456.7394671793567,1038.7863399104806,471.24119930986615,932.3024241316416,672.8507388428686,1032.5960101843057,673.7888135773617,923.743191956598,808.8930477006227,1032.358425793448,814.0159761704145,917.5973470380952,
54,54,121.96729325194042,977.1118531798196,215.4971480648601,1045.5230168013954,205.62893241217603,912.922564190508,146.98725480872105,1153.112007045816,122.3975253260182,817.0185839718182,25.94956885388676,1192.9683917940408,-8.338861453052614,757.1490893339428,454.8898732119636,1030.9009425873096,470.7127599629376,932.2699844618217,674.1215053801418,1030.291987075077,672.2631720851705,923.79174584943,810.9155279390213,1032.4316854708163,813.3933858040559,917.2293891318136,
55,55,123.56069835171742,978.4555298120638,213.4347377424897,1048.167895920394,205.08540650803027,914.0660517886664,152.57779194567695,1152.430457143903,122.72616690249994,817.9453391384151,23.658907469289357,1192.3615663459773,-6.535723206280731,758.8815025088544,491.1265782231007,1038.549933394993,470.9639516763476,932.6990445688488,690.5893585244762,1034.8986593298314,672.5738287282082,922.6365191861166,811.9626346583174,1033.5808525674051,813.0558200682402,917.7295812064458,
56,56,122.60476190495088,978.8136967554592,212.3939166422473,1048.7500589722488,205.25292167117908,913.522095354404,152.81743569243866,1152.3738276406652,124.66377962705216,817.8397877824211,19.611268062120292,1193.7994011984777,-7.458100635146598,758.8122385937357,472.5408960349848,1038.0309995809607,470.8153523022239,932.8517210299614,688.6210503348758,1034.8050791160929,671.7875865842027,924.4449870539098,808.7987168720391,1032.2128078396229,814.1504178338614,918.2506958725346,
57,57,122.53096849617629,978.4174839667238,210.29078841984503,1049.8647589196537,205.07094409282865,913.7939390340856,151.6852661847138,1149.1350316055375,119.56978697460556,815.4149345717476,19.104529034796865,1193.7130604448955,-9.088115816153536,759.8131884729748,488.6628486028108,1033.9669229141673,471.3815509017329,933.472022085309,693.3569970893611,1031.9024191806634,672.7546611532898,922.1207409479616,811.7360577130659,1033.8044652441336,811.5391546356042,918.5124317536364,
58,58,121.64769235916036,979.304595655768,211.5464590243772,1049.8433136502056,204.34032291367703,915.2879733745008,150.6896418061771,1151.505897292138,127.22718445935392,812.0983483106402,24.003530714384755,1193.5717927594994,-6.27649867798169,761.6718132473108,487.8437412296687,1033.5913935765725,475.0774507063728,926.2990496633336,692.73046833331,1032.0085221402005,670.4940160942325,921.0932273220088,811.2286182001756,1033.4835920817357,812.2977172196763,919.0754225462524,
59,59,121.1526633611116,980.383425901078,212.1477515489754,1052.897975677782,205.34725953140557,915.1898962465128,151.17066778969237,1151.0184358341742,124.1707074347646,811.8613336858813,24.166021266436235,1195.5643187052708,-6.752870383591273,761.7117843235529,491.0219366621754,1038.495247957901,475.7116004239443,925.9309471292938,691.5365060873241,1032.8899280960118,697.3057802197836,919.4675971934412,811.1224403927013,1033.2989572585286,825.8886332815738,913.9421508699372,
60,60,123.75822724539528,980.987676638702,217.0081583824207,1049.7568148151206,206.5271779123611,907.743798002962,149.32490305410715,1151.9016999098242,127.39736896807568,811.9086706874829,5.647824936012298,1200.2932115900965,-11.773889985599194,759.9046746113124,456.6811112402629,1030.6432596468733,471.4160447932964,933.1176659151704,677.3933676532403,1033.8273231568012,675.7516451216798,921.8954875870368,814.3744520031119,1035.367627953187,820.2407078935204,915.063658412286,
61,61,123.7366233597496,981.3491693478486,217.0935720833132,1050.5808439121624,206.7410252401205,908.1414422701598,148.4586475109403,1152.494938589036,125.67047515988196,819.1613780742705,2.9298458421803883,1201.184653703296,-6.6430595606294185,761.7487195622475,457.5438389077453,1031.1728394092838,472.116518305864,933.5685708678708,678.2561837185189,1034.1126622880408,666.0587189504477,917.8453607720368,813.1376985269652,1035.3509227744278,815.2914425238521,915.7911071104658,
62,62,123.49171726539323,981.6078337389788,215.21398179707816,1048.7355578532558,208.67889478705797,920.4862192393576,150.0810685176378,1157.0590028335382,127.4660299472288,812.3972313269196,2.99341992997069,1200.113933039097,-9.851787056197423,761.8747233013123,464.4909681362355,1041.6171302767382,478.4744909556851,925.3678513974676,674.1281017308427,1034.159821700209,699.30509594544,921.9255688153672,812.5157235967787,1032.4550008108124,815.0370283089626,916.3824267811324,
63,63,124.27352545630326,981.937348241757,215.090456591781,1041.6618289989551,201.8435901101141,899.5883207860719,149.083006502903,1153.1081584339015,128.40029821904335,812.8031335027669,2.3555896496121687,1201.003235670506,-12.356653796370844,761.2838570218504,461.5011269776501,1040.9213792743446,477.5017441946756,927.07449392393,675.1198151765781,1033.0200961054818,675.9091083839128,923.2739266781664,811.590721021238,1032.1636317110867,814.7283766886658,916.3356568548804,
64,64,124.169853592415,981.9612582372796,216.0862577659101,1042.027835439532,201.3300417737626,899.1583982939934,149.80533168281784,1157.568465211127,128.36245324738778,812.6803519356173,5.321795112599942,1198.777592229458,-12.389827078433589,761.6479415949613,462.94390558111337,1042.6014614175297,478.6515236148908,926.7129299099352,674.8806509208927,1034.1106479260784,673.9881479290589,923.7357923968764,812.2474403034106,1032.4745921542064,812.1225469413132,917.4634890027296,
65,65,123.88167543746094,981.1222719392912,216.81289568679077,1052.477730464445,206.8164727591724,909.5691900092132,148.8192569449912,1154.7416783430226,127.29964922246448,821.5229657220106,5.695749935155106,1198.7366275941513,-4.502836408478696,765.7125264769701,473.5713504845826,1033.8013954358798,472.81972545331104,932.7687652386084,676.9027344365113,1035.9689481288174,672.1266992814519,923.4248258995711,811.5844581713136,1032.2620498915092,811.5216018133572,917.5806643943592,
66,66,123.42511354404245,981.6479393526704,214.72999649643123,1053.106430692764,209.34048532354504,922.7605075541882,149.4532539754602,1154.1401472799398,129.74539658803158,815.3374477277164,3.602212873639924,1198.8749132569794,-2.333021424371647,763.1915422225156,473.47357850391,1034.6916226759104,475.9801100692451,926.884349455823,677.716350431405,1035.8836904017037,672.6473301563833,925.470697857018,810.8086617002251,1032.7670146821615,810.5404284654575,917.9403973536664,
67,67,123.68158166833288,981.8777064450256,216.6760458530778,1042.0656001016027,202.80560993249145,909.1452826865012,149.2449726952998,1158.8453318913312,127.6534895283038,822.276766270421,1.9294278922409631,1198.636901541548,-5.495950825347702,762.338959569882,462.20575853504033,1042.7835470924126,471.7037608688612,935.6053635865604,672.8979566596419,1039.291728410013,657.4522539295052,924.194781704916,812.231292972639,1034.760690502697,815.4040854246936,915.43193584501,Start
68,68,123.29737872854164,982.311059642066,220.9776413301188,1037.6457367952391,202.08135607338696,909.3827379214072,149.14713240723924,1153.8128250649008,128.4630713692257,823.430991302423,2.7986380647775877,1197.892528032223,-7.006966500350496,761.5381899797943,462.39411883608415,1043.151994042323,470.8636683946468,934.5592595758376,675.2229044186278,1039.4397041326408,676.7628569782787,925.9857475959057,825.3763010846002,1035.3161878957196,832.4054353413873,913.9678165791756,Start
69,69,123.5049220210399,983.1585392892404,220.4166153410476,1037.575697944411,213.3384618275497,910.7823283176576,148.96059430622154,1154.437816768425,128.3220393822004,822.6932969047776,7.16327523379084,1196.313703019859,-7.70466351850135,761.3589591895895,458.40271859237214,1031.2303124623295,468.8140101240577,936.707062507534,681.7477292481262,1043.3728278480323,674.1245979636481,924.6011419807788,844.9464373842792,1039.5851591279804,848.2838827859905,905.0743631086832,Start
70,70,125.65033854371704,983.5635575540448,217.5755182075252,1041.989718289344,202.9443074140809,909.3363500815118,148.47467162054133,1154.977779122156,128.28142461293075,822.9867210640442,7.839857232896187,1196.4786059080373,-7.284848990769007,762.2399265533156,462.0510784640268,1042.9607329133853,467.8470480612567,937.5585076460324,675.61831981525,1044.5467128375276,672.8228640711353,925.0041630371452,846.1786812334593,1041.7129734103771,850.6711992082732,910.1758772200474,Start
71,71,128.01682924883264,983.904718963825,222.73606770370344,1042.8355794510012,205.0357858784332,909.5082653979008,149.15912236286852,1155.319652907731,128.49989306942228,822.8075931949883,5.800175859032123,1195.4613580360383,-6.867764079834301,760.1117862698613,459.9317459880298,1042.6214025582924,468.3143831012463,936.4893876411388,666.7266245719205,1040.5071238364303,653.6904120476255,920.0522686960416,825.3309985534112,1036.1376678444374,816.0650866425393,915.9096554567672,Start
72,72,140.4186626900622,982.5319593711254,223.23257267707652,1050.0030540001037,215.76561886870505,906.219498790598,153.04455909679396,1153.968178148571,129.21089529526094,824.4157011661348,24.43482322717674,1192.1064967954974,-2.709507638363286,770.9892002753174,492.80550417261406,1038.3058449934722,474.9009069137672,931.3397124862952,655.0174076194415,1056.780674000333,670.4049941560227,923.4806313609308,805.2834535482181,1032.9637360134868,835.1724691849846,911.153072494518,
73,73,145.83428704072037,980.6991072633002,230.2405289648723,1054.4254499739536,220.74423632479147,912.8259985907652,172.7092435363055,1152.1137988716257,143.24195871737595,813.7421510851971,36.15753942720291,1189.9305136496316,12.28189604800141,770.2071374448935,513.1142522764763,1040.1212954889056,493.985770117632,933.3268555046268,672.9939941684042,1056.195921775263,669.2586649285801,921.3386962800934,814.9513078945046,1033.5121167117757,827.4417142533201,910.7271410558786,
74,74,158.9654664224394,983.548266027536,240.24989982575212,1050.241832410825,239.5416071263029,904.6966525826886,173.52191126393092,1151.9445603459658,152.2766929795125,813.2236383733813,43.63601441501176,1185.875075296126,3.531190601839976,769.1704752723756,503.0298557951174,1034.961520607729,500.65459361777033,929.1149319348136,678.6161730286358,1060.0412980639524,682.1628734256262,921.0855237076512,826.086033596639,1035.9371502026313,825.0180315134273,912.7918650944562,
75,75,174.4425692886928,981.4838884228913,247.0151505571813,1055.6750516309885,241.4168083280209,912.0960226065968,177.88801771146578,1148.972458569641,151.2800480082379,813.2457563300768,59.46075216226367,1179.9140054561217,12.786745237591052,771.8185314932438,510.7377458331799,1037.558829638995,500.19937309394106,932.972748901457,679.9917860489983,1062.5850882659845,686.1043222176858,920.427811151038,843.872650602859,1037.6579785679826,840.9590230775592,908.737651704428,
76,76,188.74424615669,980.310446734292,262.62215384891346,1056.8127907802743,260.79470620818813,915.7607736244174,195.53347950949004,1144.9712919505707,189.5524564924104,783.0198666070158,62.42061709241532,1180.0729701976231,39.24072196176675,778.1116215960232,543.636158966739,1040.217576205599,544.644339850417,928.2840017393004,689.1277679324305,1067.4281668680544,721.7723186676461,917.7145298292846,828.0416928652204,1036.143607336489,835.2946021249917,910.7931780902716,
77,77,198.99442533832843,977.8722346275716,274.4580602459852,1061.3162986676891,267.2910200696928,908.85340907134,217.1542518129584,1149.0352714140568,185.12247192224072,821.9028611361849,72.85353293499493,1175.466089409822,46.018187692788544,783.1278234926066,560.0616200103561,1040.854562595432,520.3184091471261,934.6932467671548,704.6125759724987,1068.475156807882,703.0528772202828,915.8104805031916,826.1548954798744,1036.1567355008094,848.3669767144132,907.1432749617196,
78,78,217.10866399797257,975.5126895946584,295.2655323088092,1051.8837691509575,280.5808853824055,911.5843390157168,238.0786718162665,1140.5634226578286,200.3850184367444,830.1658707730128,85.88886114648786,1170.1603504772313,65.83219342175943,794.0371955238136,579.5759960516841,1028.76769593496,551.2004996896255,936.6036005181306,707.6787178228053,1064.523627108112,720.713188508707,908.3458113828012,832.469061664239,1033.2035214370178,825.8361015518248,908.370559546634,
79,79,239.19631997692568,973.2848718602548,303.3505156260318,1053.9445007907216,300.46688308021334,914.4635009765626,243.4171433070546,1147.524114492446,226.1174682398921,816.8091528876402,105.986463747657,1173.1288257966053,89.30862653549997,792.578062215857,567.4310817644097,1037.220537913012,566.3146189378358,926.48882280808,708.1580696056351,1076.3392131281284,725.7803095704712,909.2973570925274,835.7579284588599,1019.762253491516,852.1804522847942,910.6998481161888,
80,80,254.26186463612729,975.8045659005686,318.1482852791934,1051.577882115058,317.9210292781437,916.4988958511522,251.7237569761834,1147.1222437312724,259.00848073674115,810.4865856296784,129.14032907572772,1164.2882798508106,123.09188733640354,798.9150949403875,574.7822029847937,1028.2004053254586,570.1496113354269,925.9992706276406,709.7430179829095,1071.75082552179,739.9891168522431,916.9142223753358,826.8022432562898,1036.1763976445363,848.8373896049429,908.1156807029888,
81,81,267.7817274535121,973.1569254004194,334.6687043069708,1052.1022128988768,331.68039135877115,914.9531829856408,268.0409146471358,1149.814035806649,276.4260818124282,809.0638655551123,146.63708903854626,1168.2479161045992,128.65637591973393,801.5427862275269,591.014946787503,1032.9854601117988,589.5444896286268,921.2419268561146,710.8627073290444,1075.7259685620063,754.2447963957668,913.0366263855564,831.4996003546547,1031.7146425716674,828.4441760674564,913.164399292082,
82,82,283.1734943017848,976.7584824964983,346.55915080493384,1051.1053321047973,343.0091770107631,913.9456730603648,285.86158355593835,1150.8818759399685,263.757026186225,832.5880143994535,150.2656156592003,1173.619724696914,141.06301866985265,803.3623877419521,610.5124736731321,1045.5656685363188,608.7174693629707,928.2599511521428,750.1241974154746,1065.07877873989,738.4064293155744,909.0560197795164,844.9512644396956,1029.6362542370327,824.0539651481321,912.9984823278784,
83,83,306.5987703301041,978.146543033328,363.1259599246656,1050.9309278455928,358.1427792671908,914.8899880548684,297.05255972238444,1147.824490538071,297.9335308198966,822.4649458190784,176.34231996474247,1171.6881328641623,155.4672078503434,791.1838802250759,624.0878009176067,1049.5357987111672,612.9543864494492,925.3583369090398,750.3664797025167,1067.4239309564573,747.5833139307941,912.8143368846436,844.9155142279377,1028.3423591518472,830.6814251764542,914.0956715535452,
84,84,314.7196654822333,982.6147954241482,386.3624658076134,1040.7651449703803,371.995715772532,905.458910827861,310.24553435366545,1148.1164741375972,287.0092575013715,834.1175141569274,187.8394699344709,1170.476712598948,156.9655746043271,799.1726029821392,623.892819487692,1033.5836078943703,615.7576359325949,922.4984151488452,729.4844665328919,1071.8470049990528,794.1636419606301,902.1413074636356,827.0476944703894,1037.0620445570992,848.224814307085,905.641741840214,
85,85,333.4794914334896,983.1496773074427,401.8053126862207,1043.231232227603,397.54261726210734,904.9158383046416,330.3807468687139,1152.5092449650706,311.55135195649024,833.9353813939372,198.154948300286,1170.3502958299132,178.80334206768376,798.0960262391079,646.6542153426667,1057.989573033744,649.7220501447065,905.479562326357,779.8061844090336,1040.8702713562056,781.3659993507772,897.531606098206,844.7693551687332,1034.2380404279654,837.9804847826417,905.2923776821386,
86,86,353.36524804639873,977.2603926143604,417.94236152162784,1053.9244392389414,407.4916807355744,913.4928280776428,337.85391129194835,1145.1622651693665,328.89488706353114,831.6731045825967,214.2441722537513,1174.6079130263824,202.04252533236777,792.3963936070675,657.06989729823,1047.0589878101896,683.3907817647113,911.9587190671496,774.7271872372869,1059.2766786865411,822.5748972402902,918.4670704344808,844.6176565143004,1033.5793262400407,870.4054125325732,902.2565739370286,
87,87,371.99307321417,983.3764442146744,427.3508453074605,1046.7263419482745,420.9946302753741,907.204111114659,356.75427758027115,1148.806894093555,339.8608493184857,833.7496174651853,230.4610747695744,1166.544507185735,230.4663250629241,792.9801677448797,678.9792709945857,1057.506629669167,672.6149658480917,914.4452159918028,829.5337726607899,1033.8339787244272,810.7267008708263,906.073158370669,888.8550746208359,1044.000374417722,870.3842024189288,900.7661154338492,
88,88,379.658661056092,982.6286743074372,442.29612045387296,1044.1936677348342,441.0921344335429,904.5634403270803,381.29223073257424,1145.1867550212964,364.7823471148705,824.2937348959291,245.7007932228912,1168.946410325588,237.3415868831084,787.4204567510534,680.0826321962751,1048.2931327959968,696.1583955762289,912.4695813069004,776.0788779388943,1060.8457195574883,830.8444092828678,906.1702399215308,862.5057166884562,1045.857602020645,889.4400939147711,899.1490973837668,
89,89,391.7932312944311,975.9101673717626,460.9738381414326,1051.3238686835566,462.1559524040073,912.0714695220656,386.0932422831402,1141.129805139546,375.51924121395353,829.0133409128744,258.7843380792864,1164.2529126460895,244.0917443919089,792.8329817570807,690.76001180939,1036.62319483256,692.8759818207302,913.1529985886124,780.6585990002933,1042.6835901399118,827.414301560976,908.538679561573,846.1684217316586,1034.5643354495776,868.0515828027217,900.2882276502802,
90,90,415.83203691499904,978.971210510568,470.8204150850968,1049.6269505239427,468.225489741649,912.3314416172047,398.7268450356274,1146.1578907290425,379.6476084854265,828.6911492834715,276.73135020797986,1164.2671413267474,264.60639975935953,793.4997513747934,724.7876719659574,1025.1629768724742,694.4664858655594,916.0549411030923,718.9086372365566,1064.5998721714848,811.8067608822151,904.0245694084084,845.8404364418456,1036.0194440697328,870.7277242911032,899.5883503843107,
91,91,423.0165617735705,984.8587092190083,488.37473004940114,1042.4303472716524,482.8124574380981,907.3445554308644,416.9841669129767,1148.1518043445192,402.44125882112775,831.7390333143427,284.1366023546077,1160.9750502990678,281.71889115372,796.7273505306875,734.7442157680873,1025.3574547918297,719.0753970003561,915.9182342372336,721.880048793996,1063.9434424294525,820.1870437344277,908.3360291648488,830.1208331402008,1032.7427548892704,869.1242445212812,899.3436684703057,
92,92,443.1637997373027,976.3006394475284,491.5920997689077,1046.9919242550573,487.2359956659483,918.1098735060964,424.4655670642233,1147.654922563832,406.6977265535312,821.1305495800997,293.9420354815856,1162.3755353693573,292.8301170216425,790.3087396782869,740.2933499220908,1055.2317712518943,715.6163523938162,908.9714670286382,773.1206564041355,1044.0046110020062,805.9870936439622,914.8573459061868,846.7635076594755,1035.6064329350547,889.3250133777315,898.4890381576909,
93,93,441.8672913599696,980.5127217715318,508.3301608677183,1049.1949924802536,496.685532568645,912.9143062818586,433.32119801574623,1138.1826048997464,424.9701363274583,830.5906458622738,312.76339556987944,1172.55332974806,300.01357918132885,793.7078431386619,726.3223541418504,1028.3580576541406,734.9346192636477,924.5695916035,725.2244213684637,1052.169519966793,804.5229046924526,915.7900079395034,830.2053789354579,1030.369535806335,889.0585261668588,899.1761077948129,
94,94,456.1076171438467,980.8437995994732,524.3228222830862,1052.2969296222043,506.8597867491961,917.3647916570995,450.1935246520917,1134.1247354545285,429.8310239913404,820.2729244638593,367.63758655642346,1173.6236209014512,322.6507627390451,790.4819176286394,787.6033326987326,1030.6764278369824,736.831582395556,914.3332700708348,816.8627428171383,1027.713065613376,820.6770253522498,906.0645526827128,867.6765859576598,1033.874299598038,850.5759144201389,902.1003231522268,
95,95,465.9647683390405,977.3584953044636,514.8325473899494,1043.9734528013926,510.962719563855,916.4196983634506,452.08276904915954,1134.9657969926757,441.8348928979841,820.787524826644,339.6774011222532,1169.068293182575,325.1642308526603,792.3817411334439,742.1548829494124,1018.776572940106,739.6797486740528,915.4051164771424,744.4582067323444,1048.0382354534522,789.7183913589298,915.0210578015937,832.9906850053368,1032.690010827574,867.5401051177779,899.7063989239875,
96,96,463.861476044971,980.2303007575716,516.7721959425352,1040.2227976040135,523.6911999388695,923.5827493212138,455.7497587563622,1137.2150579784654,442.7824288753911,827.4173164227533,343.83900931349655,1160.6403964657193,330.4206825821855,791.9649642955548,760.6012729798554,1024.6984378946431,753.8049664639992,923.442126742888,696.6824753045726,1078.5517070470355,719.3917920918086,878.549739212608,843.7322990109923,1033.0050612091582,846.5696539711424,905.0289242623222,
97,97,469.68173109508456,978.3969024277014,531.5168251265785,1045.352013648914,526.2929345913453,924.653352601488,460.55586791317546,1137.2263584515351,443.9930661602045,826.6354923963022,342.4682427692785,1166.3594327614117,336.7166325004265,792.8334196764788,755.4539443116504,1028.0136256389633,763.7568064318831,918.8812305189774,705.6035286614426,1077.8024518463562,712.3793081375339,877.8233647959623,868.5180392221914,1030.592371529293,830.3585401716095,907.5801305049138,
98,98,473.58871613119294,978.53857036201,532.6879566326562,1045.98318533018,534.5083056624751,930.0356820223526,466.28725019636016,1137.6669793615963,445.9273358408279,829.444911488709,347.45805192210736,1158.5863419195732,338.14183898647985,791.4048768210989,752.6623151206226,1030.4474807503818,762.2012409463194,930.0180542530338,730.5755096356177,1071.0360468879155,707.4466736077952,878.9663155896974,829.1659038925667,1036.7191565273265,846.8572682553056,912.1664166362912,
99,99,475.6864087262296,979.0006230877744,529.6130821515742,1040.953374297894,533.2049176596851,928.871793165354,465.5425925186613,1138.9524288583907,447.6928728795641,830.6248533541801,348.73201618268985,1158.4645317128088,344.6453452141294,792.2736954531365,757.4216524677252,1026.9361199148432,764.5498846721276,917.5660220110444,725.4865529788331,1069.0381899797944,709.8030641950153,874.4994610429774,842.2155267643525,1039.7802132880488,829.1824664251081,907.8380926105576,
100,100,475.6197353581303,978.2441378445594,530.906808007368,1042.222820228728,534.0470459619331,928.748363127698,468.5059330894361,1135.669279189604,447.30160012511806,831.1605599520401,348.42789494944793,1157.5810619525223,343.4192342969004,790.6123974286486,758.7103530427414,1025.8405007412118,764.8993841104297,927.9143387390184,748.1131636243803,1054.6951403817563,709.1427326574436,877.893294671456,843.5565132964572,1032.8498036470771,829.5836799135443,907.894459429425,
101,101,473.86833979032434,977.0311549268692,530.9387785436583,1040.101928823052,535.0771401235434,929.4461792799412,468.5581092189595,1135.0628785435372,446.9565540606396,830.9970794610466,348.0262314358675,1157.6100103755282,345.41841340778086,790.6977614403472,758.8425345352629,1024.305382699847,764.6100072277848,927.6569564897816,725.9165546828965,1067.8365014809883,708.7557619290792,874.525858635941,841.9447696720515,1039.5682418004806,828.9305755654918,907.8409955923738,
102,102,471.960174979252,976.3587461719612,531.7703660783903,1046.3524879382692,530.7811465219961,930.5878936745156,464.94108837509646,1134.9274659279426,446.17724712555366,830.0032553578194,345.0024924011627,1159.6176158672392,343.5908237948374,790.3215785870914,753.1068220994251,1029.452855476643,762.035240599951,922.7759527897329,725.0645418998014,1071.9345982962896,715.6862228155445,878.5966201322558,842.0622878452891,1039.9250970037435,830.0090902896478,908.11716868718,
103,103,463.55519442316455,975.1462650789574,516.1021513622666,1042.8087621011953,522.540496359876,927.316342479249,453.50874470486286,1140.0272317251504,445.356077137167,831.9725661099089,339.7342090953931,1159.1383732915538,340.6600949792155,786.840077665779,754.1393244313015,1026.7245059605473,757.1916387233064,923.3327703314789,730.7532213506214,1078.7405962807393,708.370811626102,875.7731822376126,828.373098881874,1037.2232739002193,821.9303279673325,911.1150475024828,
104,104,458.5115543608548,978.280706468704,526.4101755169495,1051.7391797359337,520.7941403035534,928.0117194675332,460.5740738411098,1133.634829440597,447.0804984857884,833.9594286176582,328.7979361108748,1160.2835735514443,316.8274588020632,786.3187874283185,763.6861203395808,1032.2198192588028,753.9238802509283,919.342850706842,740.9374484098158,1052.2223878029424,714.6966268988363,874.7304382996906,831.5459449083504,1034.0091411021594,824.3207570635295,911.9495126694814,
105,105,443.5785575092846,982.8159221842568,506.6192375947037,1042.0917218927948,507.9799529076863,904.7474189438776,433.1359403434128,1145.5417462081966,425.7857720780589,831.2033401702276,306.82270672603454,1155.7611980900706,307.09081054508914,785.3273143670211,738.7517512883259,1034.6802899138531,737.123370127188,913.0756166837918,722.741380847787,1067.6691342030792,775.3380869950987,908.4613803972836,831.8386313509103,1034.429912356924,827.1932374237417,914.7107249756756,
106,106,428.7171992027868,982.6153725898064,489.003959291158,1041.4508611607605,485.6327007278819,914.034790666904,423.2361599806846,1141.6176412948173,404.1001854389325,831.3990948499783,296.94840300997765,1157.2849638614473,282.80529270246524,787.009535655653,729.18342248051,1038.4939860386678,722.4871086051156,928.5901403602304,727.1082400159501,1069.1929806969256,755.2090020545592,877.6306325000144,829.2899638375628,1037.4934387207031,828.4606314511541,908.5572302577954,
107,107,412.97032836199736,981.6024165885752,480.3583229967769,1056.911485435155,490.81858690755416,905.7851143640074,403.5499734469291,1147.5968222299275,396.15944890889136,831.8483244750887,282.4827519132815,1157.6432478524237,262.7968419574792,787.1120383930418,708.5257026464018,1045.9604020857969,713.7656695262973,910.045195613864,750.5675820101377,1051.565667460019,788.0358705657046,902.8541857350144,848.2706204378403,1017.0558389611843,845.1189630952396,905.4207955275626,
108,108,389.3214501082044,981.3967673521022,447.3026608986724,1064.8442688660969,442.01176617328457,919.9235217383816,381.6332480005232,1146.4508157543712,363.6013096981768,821.5609429532514,252.31230983808535,1158.7088100144656,243.8970053862533,782.2744847395069,684.3272077463693,1049.9671728623257,672.7322616874784,905.7933090400556,778.8534061744401,1042.0240431651748,799.8662159377793,911.572281769494,868.8472513662667,1031.2631994691692,845.9777235767775,906.0233522705258,
109,109,364.39806180440553,983.0026211482826,427.9426903594455,1056.5584864115383,442.68659227071095,908.1421082305347,357.4919250448596,1144.7422197441422,347.2268622191272,832.122672233049,226.18314110566172,1169.1668539726936,218.14708094603063,789.2761741711058,669.6777444822116,1068.389799523056,626.3407670877999,897.4079386019515,755.974829665086,1048.9398072275671,716.1061819942162,895.544607371289,833.5129057012391,1035.088822969525,827.1652186707495,913.4780989176732,
110,110,330.6857775277682,980.8777285988588,393.8684666637326,1054.331538125402,389.36649481248793,912.7208831361074,321.08131612075783,1146.827869737613,313.3647791709949,832.9426430079274,193.05721816222905,1167.9786367087047,187.90506980509068,781.940436324681,611.5608045679695,1048.86290831219,646.4669821135244,899.1445839886802,751.2723588881473,1062.4001835270194,734.6287615494548,889.1093750896916,832.823863630952,1034.1932340757887,833.5337890109098,909.4630709051823,
111,111,311.5786652013136,979.2084255961264,369.5778271063716,1066.8901314269438,370.7495626640568,911.1564184408868,308.45528879153244,1170.550373870603,292.2288754764552,834.9284480513238,174.26109765378953,1172.9246490725168,159.00924727262537,783.8659087215427,608.5503144878095,1056.4396834531135,609.5739422166921,914.566734252302,709.4363499555848,1074.1633927725766,733.264926865755,887.9379158104106,829.9954023596833,1027.7368800873096,827.4771497153491,911.301854096468,
112,112,293.4994250373195,977.667331401256,345.1093546218773,1049.7175897490356,360.73265388201054,899.7437895719486,272.8243470905041,1149.023421355506,290.023954513014,810.612232844502,149.188206577177,1172.2794720427594,145.67013367254805,773.4236695501929,587.1206086633729,1040.0292170494467,552.7111021718991,920.1990840331672,710.3783490164847,1070.6583262716122,678.6718596221566,887.0681258179877,830.5806713606507,1033.5563028463102,826.1142900861286,910.945650727148,
113,113,253.087337181379,982.413297340679,327.75301522799367,1051.788017502784,327.34959648241454,910.2687551482998,247.6364759288932,1147.2921547760077,286.64992313856266,842.8893733532617,114.24422758918432,1172.5760141074177,146.08647389901785,798.3473469035579,569.0881346168071,1032.8854829786808,532.4169932788308,917.603248523317,702.6057296921589,1071.9989347773208,691.0436548895271,897.133623132979,826.827401804831,1036.75015042408,827.9172274288181,908.8197706728452,
114,114,250.96873934464276,977.3003926161545,296.7297590972543,1062.591258994277,311.7418840306633,905.8466531387768,220.8577230227784,1152.6894686416526,214.12317710053009,832.9089198508393,95.522090009037,1171.009270179631,74.44195795741285,785.7954730749306,547.28880814055,1061.1825119792145,508.5929554615591,924.1317939618158,686.6869219567902,1071.2147798895571,675.5657351807592,898.0284259916666,827.7564572853911,1036.245968136868,822.3423869278092,910.3420800763312,
115,115,206.4414715611888,979.0320026024924,273.24752207385234,1052.0248545381096,280.34028399285165,903.1569844637612,198.46525135213903,1150.9708886072972,202.53382421128924,810.7619730257796,60.61808356693104,1179.0084628091852,57.53988546264807,783.0182400492515,546.982559333077,1036.654275169625,507.34361869306025,924.2867837943724,689.6930986263042,1058.624406151698,661.7454924664045,901.8023982107596,830.0768893065781,1036.7783087759135,820.5310357221546,910.9440800024254,
116,116,183.5767641303133,988.851130903862,259.2060799468478,1045.8511603675636,250.43700584044532,915.2612313656664,192.0615248066241,1150.0418217509746,194.90105220958372,836.6110719432734,54.45110105259055,1178.230333853784,31.92346848188978,785.1953869440555,497.5820148006682,1023.780492912926,491.5726629686293,932.4643803133324,668.8968651378418,1057.9109698652258,676.9713311263581,903.3943314170416,830.080372062554,1038.5683391060925,823.3719426664791,910.3077245932304,
117,117,156.89269463944652,991.3286595621328,241.0303894162023,1053.0212308167536,231.47419253623372,918.2554611889954,171.80392152466294,1145.4973515406152,133.82073589667232,833.2380885923724,29.39224178676332,1178.751260840131,8.326892927192121,792.2610240434567,485.28135029330207,1024.904627298976,471.3215154045114,920.3772775396366,667.7623929344941,1053.2388115069343,672.982936993687,908.376290841982,832.4320888674305,1039.4049573978198,826.9659157940252,907.9999317446674,
118,118,143.96633780669174,986.414813757118,224.84149159008564,1056.2064220868515,221.70223270808145,913.0152113870346,147.26870870404187,1150.6304523543697,130.90248088067776,834.7398494185113,12.878135834930776,1176.9165837318037,7.868405702985309,798.2729799829801,516.144335862099,1043.339571535894,480.7667623353717,934.1652969259447,672.5566956280732,1043.1076585712196,679.4266522411252,907.7068109673494,829.6491935628287,1038.3183745765057,815.3957934435384,909.005124262376,
119,119,128.64367007589152,991.6181932347037,211.8119410451584,1055.698924292369,195.88869065085063,914.5718991449876,140.6379123285936,1153.8538149259791,133.35820279908893,809.6569591020505,6.788515455546087,1180.276009407576,84.54115805607313,813.3551245975985,476.0622503729573,1040.2256269265763,455.7043725151389,919.924384123433,656.2825220552005,1042.0031501719568,660.6210765168943,914.3230862585962,827.4248731337846,1038.673841166724,827.6278050079146,907.779078431028,End
120,120,119.0884984764228,988.7592428348944,200.00135057149225,1053.5619879504673,193.64638478610232,924.7874770210036,130.76559555391032,1149.7149909339698,108.17771653670172,835.0115114726362,-2.5812986892283503,1188.1544928512185,-3.8816513661755385,805.7841600450324,474.3227130011867,1039.2215053269656,451.0856971567101,931.8459890170802,652.6585526088123,1043.084021686719,664.3019661078682,923.761252936504,830.5674697022754,1037.0062369935922,829.3368625516854,907.0376866079272,End
121,121,114.94186316417004,990.4183875875032,196.2087717043873,1058.3908138233105,191.4624074035565,925.0747763628824,128.16055803832214,1149.3960204674513,103.1590923810346,843.5023495171721,-5.940792644287426,1189.510076047742,-6.22490583997709,799.7081326632532,474.6658986938635,1043.7325661888376,444.9424407448043,928.908031836404,676.0555915683701,1035.632195511257,667.9173690041888,925.7264051150086,829.6200676609233,1037.8673428038655,830.4546794717736,908.208137865368,End
122,122,113.49302638181628,990.4373102797732,195.67892067144064,1060.8259484174057,190.53766198524107,924.4483484720852,128.387780555358,1150.7251218169338,106.93840889998933,834.1919187479909,-5.714424639281432,1188.4235509330083,-5.328058632204529,805.6581616874656,471.7030670800971,1042.8312029477695,455.2682037254304,933.2161184026425,667.8094312769539,1032.542482441966,676.4311442480596,923.5880635504684,828.168513901987,1037.827496006592,828.1433771180548,907.4563493245143,End
123,123,113.84550313490728,990.8834842230624,194.96749520766872,1060.1550878206656,191.8586223984261,925.5842427555732,129.35490602014588,1155.1046055577242,103.29531874241226,847.0058452934137,-7.014515806081546,1183.342095009988,-4.984449031914163,805.101677125907,470.928651489734,1045.3486354135575,456.53688086024806,933.9568741999508,667.5313291314054,1034.1411199856996,674.8645384134954,925.4770433368444,827.4399087953009,1037.8368177701234,829.2518586951206,907.3924870879924,End
124,124,114.0779561897248,990.0962813893808,195.98712896339603,1061.2224669530058,191.7836610672533,924.662732552466,130.34103701111553,1153.9569742061217,105.70855982746971,845.8843014259535,-8.15695486081127,1184.3320363624232,-9.509419043135424,796.4307089083165,471.39194969703067,1044.3278594230749,459.28104981024336,933.0605789846048,689.0499323335208,1034.9011593719863,688.1884047330898,925.692163337074,830.1001266261226,1037.3598529555009,828.6583451765875,907.240645431754,
125,125,114.1839190298311,990.350103777704,196.6578110792857,1060.2314910075845,192.58772474271575,923.9502262561134,129.8631772759367,1154.2396683311042,112.80599075734072,847.0277426086919,-4.2517464864703545,1190.0390544277532,-11.080414631896891,792.9574174621717,470.7627341837194,1045.5813165870684,456.2852109951222,934.5265898469788,669.7506200941702,1032.1687555698504,673.724342118004,923.7785739604382,827.0809668651327,1036.964678459532,829.1967841893705,908.0808990725168,
126,126,114.5974586533942,989.6205704217444,199.1600366004577,1054.260732411112,192.13301987269764,923.100993585972,130.61473801790194,1155.0836032528289,108.31829849858278,831.0616856896642,-1.4812631197806607,1191.347860298465,-11.574402946799566,800.2551572240512,471.8075345241512,1045.5810757650338,456.6509541981552,933.70571498044,672.674328986318,1030.8129698944654,687.2431563834995,925.5720900087828,845.724000471931,1041.4318890259776,821.7989166071262,909.782796463136,
127,127,115.29253404069163,989.0211092173222,202.9531820170746,1052.6292653752985,193.8397670195224,924.0681214230978,131.58986482260596,1155.6691529486304,110.49702290905776,832.964973533793,-0.5747463985289336,1189.4335807447133,-10.324654994612397,797.2436870992578,470.3178468265211,1045.8445350708637,456.89729742638,934.503390881877,671.3706141795541,1029.532514427796,688.8469790296219,925.4712003754132,828.4028809030282,1037.6188172390146,829.8933534659396,908.326903825994,
128,128,116.85596157267436,988.108452902744,202.66618517812424,1053.825615428109,194.69835338418903,923.4931339261112,133.12552741042035,1154.5706684636684,110.58761457783038,833.1715530967292,-0.3849349003309391,1191.9274304773246,-4.681808796598635,795.2849738620644,472.14906610655066,1046.418060145774,443.9799310513063,934.2386010006716,672.4177369711767,1028.4998829972649,676.2036043025737,921.5846314104404,828.6756068553353,1038.040380015433,850.6037409748925,905.5845096092028,
129,129,117.64946706893384,987.1430205738257,201.8123106838668,1053.7445956306542,194.64221006872128,923.8921854550308,133.45740756070813,1157.3433739678287,110.98609041330562,831.4491427811869,0.382345916390884,1201.477284427954,-6.837906384809119,790.736839944698,471.96201503044296,1047.3349638076322,441.62850413427856,931.3179745978946,672.8726213155084,1029.7934612467568,677.9364247811941,923.1668483221208,845.791241728903,1042.6661281879994,850.7906246309317,905.426694658379,
130,130,117.95790840962462,986.3885789544682,205.3748262502127,1053.8695271062466,196.31987166187696,923.4035440931244,135.68212293369407,1164.899257460909,116.95874510567891,834.1866516068436,5.505175001444525,1189.0969646826638,-10.12680599376346,783.8515105236987,492.426931234888,1048.8657483977488,443.6485678941903,932.2578397662564,675.2929074370504,1029.8364325081225,679.2748772431412,925.0405325458648,846.117349235227,1042.39032608021,849.9521099234432,905.6777213585018,
131,131,117.73772892003252,987.0060829762411,205.22431426922583,1053.3369175604737,200.0711526858326,922.141102518254,150.9028706842033,1160.116284305256,129.99786605140477,829.6975459113531,27.40996942408528,1199.1499264707993,-2.045246416942661,781.5775269361912,491.40725461962313,1049.4014401964894,455.1131660451504,929.1596323387488,668.1047288029029,1031.8708385324585,672.708812162997,917.636384424438,831.0563845194207,1038.5394794778033,830.3336414590148,907.7303247500832,
132,132,118.47021281486678,985.9304843204676,212.48242694472768,1043.783872045199,200.23691998346573,908.9467518264804,158.5950969006522,1184.9694869064567,131.74937730647807,801.8969964245327,23.339313105891986,1185.546684853738,35.21205535015607,750.0409199016048,456.87110087341387,1041.624266143059,475.59560108556855,941.1071763890004,668.6547244881777,1035.4777532461196,670.8648502067099,928.9924941108476,829.5171682732313,1039.6946923720495,826.1753676058566,911.8128024401864,
133,133,118.97188236251452,985.8296249580244,217.42361195220747,1044.3678372261895,205.33351903153957,915.4110468879156,178.37067771485007,1181.448982233164,170.8421709137558,793.5860598393874,44.306153336489,1183.089955685158,43.08884092983251,795.7896951399333,453.1150929112428,1042.4681072249125,500.0531309943825,927.8892769347564,671.2083627033605,1036.245720587961,662.9762750732262,930.2833863201604,829.4516395561407,1039.5913536525843,821.4307042929223,913.4664129948108,
134,134,119.11266589815811,986.0212984442448,216.9483318254448,1055.3727974425688,207.22501355432877,919.2311866418304,204.9066179471456,1185.6018896053856,202.24050023310824,799.2544098236734,93.89834370507684,1182.4300434412455,96.63093790121287,780.7887049443051,449.7471439915918,1041.6469346942663,497.0710594663384,925.5456318739668,670.7812941988981,1036.3099997224044,662.6914921972624,929.9475324127624,827.0018541859401,1035.9502918206972,826.3906353254777,912.1488635352569,
135,135,119.3726210476363,986.0184644128716,222.64493225454817,1055.9995832029815,214.1535758972168,920.3633609858618,229.6404251227608,1178.8045908124195,265.8893166406877,870.3780394700589,120.0211434432527,1219.963199522984,261.47346600754514,859.6038119885784,458.7669335850193,1039.4213068931967,455.6112394097257,937.9136777677404,670.7949650520155,1034.7247414235069,661.7210022587769,930.2297617108572,826.8522492868847,1036.1838030902716,825.8921105963975,912.2175866098286,
136,136,119.61206924775796,986.129158462872,227.1609442875816,1053.4066900271516,217.61300891831573,914.9982133426709,268.6871315009882,1162.9809256391786,252.9643443718998,830.6471341011894,155.4997663659144,1166.9842475481896,242.75471031278252,851.776114750399,460.0774804699405,1037.4640628049517,459.1655460352705,937.3164115418064,671.1831184357443,1034.8678267098455,661.9426851805847,931.0458917778964,826.8825308895234,1036.3556787181128,826.2899853938267,912.4199860942092,
137,137,119.3077725582842,987.0222711948504,229.54698898702355,1056.710753542461,219.74233302400387,917.4090921484662,319.0459608814651,1106.0194670637245,277.26438624031056,852.1698365782571,271.8966537396216,1082.967369463582,254.4466033062482,850.2872466480444,456.2564576028692,1032.3322979480708,458.66464528057753,937.2341163293304,670.3087316346881,1034.0415753904815,661.0111940728672,930.6067921500448,826.8099388871608,1036.3372874487682,826.4750716280099,911.8314722020516,
138,138,118.99652525724451,988.1759267970976,229.0563477341313,1050.689400834778,224.55680747103472,911.1488816529668,303.107811440417,1112.115166164513,321.1711443540178,862.0160566858297,252.7472608142153,1082.692466612514,256.7251301679871,836.9696125644346,455.6932002391245,1031.3202911085457,459.42387787976406,940.3776356334812,671.181517899889,1033.774770138283,665.1671327509092,930.460013474374,835.8043748039572,1034.985063652358,827.2953663442782,911.3881887958648,
139,139,120.49144717589776,989.4632019670812,230.33636556955244,1053.4021910948406,227.649905647506,908.4230372241803,361.6118834759696,1108.1983982509414,354.80930774822656,848.4185907614749,283.7769505633489,1069.9260658415517,296.73282422386933,821.6352674945324,457.1194705541484,1034.4213130594965,470.1734128637028,940.540355315198,672.8308386238406,1037.2510909473608,663.8351909205879,929.2488599296532,836.0708164765713,1034.9955750632864,827.1374115367239,911.3743717998026,
140,140,120.81882305666126,990.42973514868,229.78111724704692,1048.4773495440795,224.925279621185,910.8919258874448,373.4968148220345,1099.3848055377769,350.8981981513094,868.5233008099514,238.42644615818216,1108.5048094783783,333.34371107917457,849.9016811530613,461.5789197170223,1035.8939165932393,462.936318773287,942.4671996577008,673.8914260070562,1036.207464696028,662.2608362155711,929.4932566242652,836.7410405311534,1034.8854588516317,827.0321756345552,911.5122699947764,
141,141,120.90159888695368,990.3831771189112,231.6346204730407,1049.6194244990186,226.7894585761974,909.0825048218222,366.4301342709942,1097.9785784091432,349.9318655879662,866.9610559826473,307.6317206780839,1081.5647097215506,364.22826571024285,863.6988632123669,460.4102821002856,1036.9451141917996,460.9594902415579,941.8515882414988,672.2889989746252,1037.2685744252651,659.091874334685,929.2939488104736,837.3582232292978,1035.3336044412426,827.5300517782898,911.2274501780918,
142,142,122.19943122218892,990.5806202436528,233.9936670122283,1052.1621903665446,226.55747530209223,907.5240472237213,380.3994558505491,1098.6291073386412,364.5291443515971,865.9674101415407,298.492889305085,1076.48113937434,380.6450597517512,850.3825253970829,474.12492159284136,1033.3187446902557,459.28624385045,941.7498362230782,673.4317253221925,1037.9449829365033,659.2877096069494,928.8960788567044,831.9577085398263,1037.4947570195363,825.3611395231924,912.264159438717,
143,143,122.78091594363684,990.1709806174588,229.0941983980692,1058.5849974419948,227.27623811778847,909.6382063754248,376.7612426395689,1100.0551309802795,330.1297131998486,869.5461802934567,303.2814514993536,1080.5176341822707,397.0478681904132,850.265939279482,471.36895823385686,1034.4287829150355,459.55585578948217,940.8738023476247,672.4855822797559,1036.3102953684495,663.6155819985894,927.0055737519948,837.1100035569447,1035.361414677426,825.6349008012035,912.1648116045188,
144,144,123.8667723726389,992.294923416575,236.3888327570048,1058.5421082484731,227.01902715065387,909.7938258432448,368.39923804076034,1102.3867880816324,348.20007105952584,859.1467374847883,315.66516573624426,1076.5829048465057,438.8331796474977,852.6801515869321,456.7819945554894,1033.160430437322,467.7605628719255,943.5199985882538,670.912658681485,1032.2205666143348,667.0253361279074,930.6256859167634,826.2483014799993,1036.5243954066405,822.0737299528481,912.5304144327472,
145,145,127.95239261284917,994.1381914137392,235.56801100236075,1063.675117240418,226.42832645669247,909.9086360665124,373.8685704145692,1106.0823514652463,353.26657400639687,863.0980781594417,300.3753659133018,1064.858080480661,446.5822510043418,861.5793548516716,473.0753799160683,1039.2090135247809,469.16748076638567,942.4768806362224,669.6808514638436,1032.8564662779193,665.8989593545543,929.076201966543,825.5208977797251,1036.8079034831926,822.07529767437,913.0401566482308,
146,146,130.57896302797394,994.2460097257572,236.66355837461077,1064.0290496175908,226.8712566732895,910.4153067920246,369.76123646114826,1110.542962875198,354.85864577274793,867.4492049374886,312.8855023923559,1069.1585808164666,464.7211305496752,867.0543550131166,457.1420026166541,1035.571946109769,470.6432471504757,940.5402914099096,669.4984024305802,1033.1610802532032,665.6168069827075,929.8568713253338,825.8211700255911,1036.7573133660626,822.7283223304698,912.9414451761688,
147,147,135.03337173762648,996.4545481595636,236.5402267069128,1063.8463622239651,229.0030940890467,912.3016267730244,377.1014680105936,1107.924266089244,365.7459440342936,869.9125816014478,301.1473492249091,1057.9345505803408,464.53442904667054,861.4680220851296,457.3750553701572,1032.46995532101,471.71594637113054,939.8679035083062,671.6408489212413,1033.2781897214825,668.6742657585788,930.5255473387058,825.781057181687,1036.7158583417524,823.7103521994403,912.7360993216444,
148,148,139.69143210213886,997.3509819484826,236.94110602489215,1064.5977306716325,225.32472617914524,912.7713360250392,378.8537949362408,1106.8054353376244,358.65212242997046,869.8179963929614,314.56965318736854,1064.4382657871624,463.1680857406636,861.5921618078318,457.7137635805207,1033.6319303827895,470.49654431088845,941.0127506073918,666.0468274378187,1033.4795815203663,669.7398931555382,930.9026507644596,825.4964048933765,1036.8171287161038,824.602476152239,912.2422944124264,
149,149,142.88563724612072,998.0146874757834,236.10349471609365,1063.685115895492,225.3122500356369,911.2207650122268,379.5776081457249,1106.657460624028,355.55369855833607,871.2484133550124,300.1022220805035,1057.842946721735,453.2648391128361,864.8472540278719,456.6375364841813,1033.9489685551898,470.9084592901064,934.6184136743146,671.6213625646226,1036.2386487951003,669.2253135115644,930.9071564236432,825.6160754190154,1036.5818469336944,824.1034900134499,912.1739049907296,
150,150,144.3735000650036,997.7766066417372,237.28705080029863,1064.969280055128,225.388562781603,911.1059574797082,379.94837127209325,1106.2407742625735,355.09719224838034,869.0762201290986,299.84590061619315,1056.4923609187724,451.9328276357663,864.2394178672191,457.0251152822348,1034.72455609817,457.12907510864096,935.821345299154,671.7048315139988,1035.7881370280966,669.2566049920566,931.2086615748128,825.3244852430644,1036.616079987716,829.8811251041327,913.7644094092982,
151,151,146.08205266984757,997.3233432475477,236.5621245821989,1062.4393756314291,227.21381688459024,911.755566845739,379.9854220029436,1105.9085081431203,352.0590279657292,866.3115872082511,300.7933749830149,1053.5176544974256,453.928055633029,857.9748436495454,455.21047460707325,1035.1957741876809,471.9246656221903,939.7179016516894,670.5962749327422,1036.0198421324114,669.636387372358,932.1908185904208,825.471538325435,1036.7554217695226,829.7613701987793,913.8272908678132,
152,152,143.62921740825837,997.4523357360526,235.90396012999452,1063.5205481737348,225.14800157286564,911.2890145149764,375.21686248878507,1108.005771903235,351.0783146881778,866.3371923756372,300.42101667823346,1050.9150968239117,451.6456178384887,857.1948143526704,473.6065488797945,1038.9394569817402,471.674088675272,938.880579581951,666.262274296913,1036.3079493716743,669.7070734646602,931.2475079179774,825.1861822031564,1036.3361896231804,825.1208066754285,911.8117665018254,
153,153,143.242845374059,996.6237101670488,236.1975760887751,1061.6130292109056,225.2321696684481,909.8163877735236,365.6277742621492,1110.372221398056,348.14026593231875,868.8679581753565,313.87844135299304,1051.852921731852,454.2454425628225,858.5182175366516,454.9434945115187,1035.4718325893114,470.582070518067,931.244217131963,671.6166306038051,1036.9934608128735,670.4127383387134,930.6419703296492,825.6128502388149,1036.268245520441,829.5541336198467,913.8378493668488,
154,154,143.9817719279712,996.5289810034916,237.19677923869716,1062.1724145680469,225.81760550351385,909.0632027339444,381.82298717325153,1105.4213455054446,346.15086683216265,868.6222396503032,296.65364457664936,1048.4222874021286,453.1585032608171,856.3328625120546,455.7972431058846,1034.823930839858,470.49453527006585,931.233402339086,672.3835538112605,1036.4175311333113,671.1094937863988,929.2034787662236,826.2441427654966,1036.632126269316,829.8414961042267,913.8069514962,
155,155,143.97221157237672,996.2832833317428,237.9085234702796,1060.4508784516256,225.79439572457065,908.9497150138054,373.4762676918615,1106.9282301903472,347.98744221502534,868.8936400290888,277.3905915060651,1050.44965375442,454.0703077775139,856.0461632072006,455.3954215477594,1034.4148623251372,469.6922716951804,930.3676807591356,671.7626252565024,1033.5403319056818,669.069859290154,929.5262102271424,825.7323975432834,1036.7372000173643,830.0820211502293,913.5635759408294,
156,156,145.42271560748313,995.8873315456595,237.2307072504289,1058.621341220427,225.6875924357202,907.847065585751,372.87330498465946,1106.8786531402118,353.7625425658703,869.8313156004605,277.76980465813324,1049.4418216119525,456.4506528281421,860.5760034789591,451.9733044508994,1036.4915482565202,470.9826759368142,939.8846440031456,666.1837462485998,1037.176862600356,658.9050810854828,928.1748272897916,816.0522836950572,1035.025003784987,823.1822718011387,912.6175947000138,
157,157,145.49347469493532,995.308624760882,237.57046351042152,1058.2089965506393,226.50600066265605,907.6746141376258,372.6939404987389,1106.4060634414034,351.6248561625983,869.0117174943172,274.3355984929634,1043.1710835610306,451.8694490946161,858.6424784271443,452.5460712745378,1036.8062698622125,470.5011088516374,940.230783298557,666.1850909665905,1037.4122109788032,661.1324437045927,927.760441855067,820.8916029663483,1038.5250098069394,823.8492720148807,912.7908789349514,
158,158,145.79859776986746,995.3753351552097,237.57791638219308,1056.984706433007,226.4396420442856,907.901845199058,372.9306751543896,1106.2572488777785,349.7369551441604,869.3283715622991,274.07003276214795,1042.1234875299929,456.6604783910148,861.9998240698619,452.6695000458756,1037.074872366564,469.8933713240803,940.7518898923988,666.2374318374614,1037.3968357027322,661.5580851203908,927.5774816867624,821.5283818486763,1038.358958305286,824.077521151777,912.6626055491138,
159,159,145.7673089680963,995.6080486177084,237.1418386690018,1057.6658379234525,226.4301754439296,907.8526811788926,372.4622538929953,1106.1707897312408,352.83308259842454,867.8408380714434,274.1918047444873,1042.1027748169574,455.2779060532429,859.3531757834027,452.5479624516322,1036.822978740751,470.8475773170183,941.9653436911624,655.7235158218364,1034.686534469571,661.9929480335646,927.418487347022,816.5541822733587,1034.9974464792087,824.0362052272602,912.7999548312936,
160,160,144.9634843684917,995.3041406276908,236.53444736614648,1056.7424952992617,226.12714378049372,908.2806528779536,365.7429351608217,1101.264838583762,357.81419210223135,866.571743619696,309.0768163752959,1047.3570911819493,455.60198442833627,858.4530139617584,452.0209696140959,1037.2468321643971,470.4711339625642,940.2121673516716,655.3120910485792,1034.2915617797762,660.8270761963604,927.6553371634052,816.4326620908025,1035.0467140932103,823.4858813986511,912.767080605512,
161,161,144.80959452020176,994.9436253331148,232.2507310130661,1061.713384646515,225.8450181958579,908.6276054522468,372.5975226115808,1105.5679758535773,359.2686086606297,866.6425816229737,275.2853337003909,1041.4086036205642,455.33409222824827,858.3957171527715,467.6127671141308,1035.7803141799243,470.86028784862265,940.0919379599388,665.1957535464679,1037.1746067436718,660.2759266519732,927.6111422839364,820.3644936044442,1038.4235011331305,823.4705202725215,912.7622507110754,
162,162,145.87345998835966,995.6230737600672,236.17950141817445,1054.9792377323372,225.7326270947996,909.028230396638,365.0967660216888,1100.202587388352,360.8502889981661,866.9601734169786,308.55520374908247,1045.6600842276189,455.2821853101951,858.7402985045177,452.81727303454096,1036.546777729424,471.0896667361414,939.4668123916524,664.2396242317824,1036.960928648557,660.6056544498597,927.5691060578448,816.0144306872384,1035.0279797533697,823.5943689333911,912.5911823079308,
